student_id,subject_1_score,subject_2_score,subject_3_score,subject_4_score
1,497.9986657771848,435.2901934623082,392.5950633755837,376.58438959306204
2,385.59039359573046,351.23415610406937,183.12208138759172,283.1887925283522
3,417.9452968645764,89.05937291527685,420.9472981987992,198.46564376250834
4,187.12474983322215,144.09606404269513,239.49299533022014,211.4743162108072
5,366.24416277518344,400.266844563042,311.20747164776515,181.1207471647765
6,194.12941961307538,70.3802535023349,160.1067378252168,359.23949299533024
7,7.004669779853235,147.43162108072048,7.671781187458305,125.41694462975316
8,440.9606404269513,407.9386257505003,116.41094062708473,340.56037358238825
9,400.9339559706471,380.920613742495,356.57104736490993,283.52234823215474
10,440.29352901934624,245.49699799866576,236.49099399599734,471.6477651767845
11,432.95530353569046,235.1567711807872,424.28285523682456,207.13809206137424
12,189.12608405603734,481.320880587058,263.5090060040027,251.83455637091393
13,472.6484322881921,222.48165443629085,43.02868579052702,288.19212808539027
14,105.40360240160106,110.74049366244162,221.14743162108073,462.6417611741161
15,10.00667111407605,255.1701134089393,247.16477651767846,402.26817878585723
16,176.45096731154104,65.37691794529687,43.36224149432955,230.15343562374917
17,102.06804536357572,363.9092728485657,13.675783855903935,91.06070713809206
18,281.187458305537,433.62241494329555,350.90060040026685,483.9893262174783
19,110.74049366244162,14.67645096731154,367.24482988659105,229.48632421614408
20,428.285523682455,311.5410273515677,63.04202801867912,12.00800533689126
21,159.43962641761175,446.9646430953969,202.13475650433622,185.790527018012
22,161.10740493662442,446.6310873915944,19.679786524349566,398.2655103402268
23,205.13675783855905,285.85723815877253,297.8652434956638,334.2228152101401
24,158.1054036024016,361.9079386257505,23.015343562374916,261.1741160773849
25,206.47098065376917,283.1887925283522,260.8405603735824,84.72314876584389
26,91.72781854569713,476.31754503002,295.19679786524347,456.63775850567043
27,446.6310873915944,189.4596397598399,128.08539026017345,130.08672448298867
28,224.81654436290862,424.6164109406271,373.5823882588392,417.2781854569713
29,146.43095396931287,469.6464309539693,217.81187458305536,488.3255503669113
30,212.14142761841228,31.687791861240825,453.9693128752502,182.1214142761841
31,437.62508338892593,252.16811207471648,154.1027351567712,27.018012008005336
32,430.28685790527015,442.628418945964,237.1581054036024,358.57238158772515
33,127.75183455637091,396.2641761174116,322.21480987324884,266.844563042028
34,313.87591727818545,223.48232154769846,458.30553702468313,50.70046697798532
35,33.022014676450965,419.2795196797865,372.2481654436291,96.06404269513008
36,399.2661774516344,138.0920613742495,262.8418945963976,288.8592394929953
37,326.2174783188793,157.104736490994,403.60240160106736,379.2528352234823
38,427.9519679786524,129.41961307538358,349.5663775850567,346.5643762508339
39,127.41827885256838,21.014009339559706,159.43962641761175,362.241494329553
40,226.4843228819213,216.81120747164778,385.25683789192794,4.336224149432955
41,160.77384923282187,90.06004002668446,396.59773182121415,392.2615076717812
42,56.03735823882588,88.05870580386924,252.16811207471648,273.5156771180787
43,19.679786524349566,168.7791861240827,176.45096731154104,326.5510340226818
44,7.671781187458305,141.0940627084723,165.77718478985992,298.1987991994663
45,299.5330220146765,377.91861240827217,11.007338225483656,436.6244162775183
46,138.75917278185457,5.670446964643095,57.03802535023349,96.39759839893262
47,16.344229486324217,497.66511007338227,97.06470980653769,16.010673782521682
48,428.6190793862575,330.22014676450965,2.66844563042028,358.23882588392263
49,354.5697131420947,143.42895263509007,316.5443629086057,480.3202134756504
50,250.83388925950632,347.23148765843894,314.54302868579055,493.66244162775183
51,171.11407605070048,454.9699799866578,189.79319546364243,356.57104736490993
52,73.3822548365577,333.88925950633757,77.71847898599066,174.44963308872582
53,182.7885256837892,374.91661107404934,249.16611074049365,470.98065376917947
54,333.88925950633757,107.07138092061375,104.40293529019345,319.8799199466311
55,21.681120747164776,382.2548365577051,38.69246164109406,280.520346897932
56,114.07605070046698,238.82588392261508,333.2221480987325,100.0667111407605
57,179.45296864576383,180.12008005336892,202.8018679119413,385.59039359573046
58,207.13809206137424,499.6664442961975,72.04803202134757,106.40426951300867
59,422.9486324216144,17.34489659773182,307.20480320213477,334.5563709139426
60,204.8032021347565,34.02268178785857,464.9766511007338,134.08939292861908
61,383.2555036691127,410.6070713809206,70.04669779853235,449.63308872581723
62,287.19146097398266,212.80853902601734,194.79653102068045,335.5570380253502
63,226.8178785857238,375.91727818545695,294.86324216144095,158.43895930620414
64,79.71981320880587,344.8965977318212,444.9633088725817,227.15143428952635
65,41.027351567711804,30.02001334222815,178.1187458305537,170.44696464309538
66,448.29886591060705,388.25883922615077,326.8845897264843,386.25750500333555
67,25.35023348899266,272.5150100066711,276.85123415610406,109.73982655103403
68,228.81921280853902,46.36424282855237,143.09539693128752,32.021347565043364
69,491.99466310873913,257.50500333555703,373.91594396264173,41.694462975316874
70,366.91127418278853,48.03202134756504,99.0660440293529,226.8178785857238
71,17.011340893929287,0.0,298.53235490326887,179.11941294196131
72,23.34889926617745,200.46697798532355,333.88925950633757,214.47631754503
73,144.09606404269513,335.2234823215477,421.9479653102068,85.39026017344897
74,221.48098732488324,181.45430286857905,213.4756504336224,210.4736490993996
75,80.0533689126084,31.020680453635755,147.76517678452302,499.6664442961975
76,41.36090727151434,327.2181454302869,148.76584389593063,395.93062041360906
77,403.93595730486993,183.45563709139427,462.6417611741161,18.67911941294196
78,248.16544362908604,467.64509673115407,243.8292194796531,364.2428285523682
79,345.8972648432288,149.76651100733824,105.07004669779853,117.74516344229487
80,429.6197464976651,430.28685790527015,321.21414276184123,19.34623082054703
81,484.98999332888593,459.9733155436958,47.69846564376251,490.3268845897265
82,110.40693795863909,188.45897264843228,91.72781854569713,223.815877251501
83,171.447631754503,4.66977985323549,232.15476984656436,390.260173448966
84,86.39092728485657,235.49032688458973,9.673115410273516,33.022014676450965
85,58.37224816544363,158.1054036024016,155.77051367578386,451.3008672448299
86,123.74916611074049,88.72581721147432,340.22681787858573,495.66377585056705
87,361.2408272181454,113.07538358905937,230.4869913275517,338.2254836557705
88,199.7998665777185,15.677118078719145,271.180787191461,117.07805203468979
89,240.49366244162775,342.895263509006,266.17745163442294,460.64042695130087
90,363.2421614409606,85.7238158772515,146.09739826551035,239.15943962641762
91,259.17278185456973,337.2248165443629,218.47898599066045,137.75850567044697
92,497.66511007338227,349.89993328885924,21.681120747164776,381.9212808539026
93,235.82388258839225,275.51701134089393,48.36557705136758,7.33822548365577
94,281.5210140093396,118.0787191460974,174.44963308872582,406.9379586390927
95,435.2901934623082,64.04269513008673,39.693128752501664,468.97931954636425
96,118.0787191460974,62.04136090727151,244.8298865910607,180.45363575717144
97,117.07805203468979,11.007338225483656,332.22148098732487,199.7998665777185
98,22.348232154769846,17.011340893929287,16.67778519012675,476.65110073382255
99,161.77451634422948,118.74583055370246,363.9092728485657,26.6844563042028
100,156.10406937958638,66.711140760507,83.38892595063375,264.1761174116077
101,90.06004002668446,10.67378252168112,296.86457638425617,262.5083388925951
102,272.1814543028686,20.346897931954636,50.36691127418279,428.285523682455
103,321.21414276184123,444.6297531687792,83.05537024683122,374.2494996664443
104,371.581054036024,456.97131420947295,74.38292194796531,316.2108072048032
105,447.631754503002,252.83522348232154,263.1754503002001,136.75783855903936
106,397.2648432288192,314.209472981988,98.73248832555036,26.350900600400266
107,135.09006004002669,330.88725817211474,251.16744496330887,192.12808539026017
108,142.42828552368246,474.64976651100733,84.05603735823883,354.5697131420947
109,122.08138759172782,331.55436957971983,319.212808539026,254.5030020013342
110,9.673115410273516,354.9032688458973,471.314209472982,70.71380920613743
111,194.46297531687793,82.72181454302869,141.76117411607737,68.04536357571715
112,410.6070713809206,84.72314876584389,358.57238158772515,7.671781187458305
113,458.30553702468313,82.05470313542361,176.78452301534355,426.9513008672448
114,206.80453635757172,61.37424949966644,275.51701134089393,13.3422281521014
115,45.03002001334223,286.52434956637757,271.847898599066,234.15610406937958
116,225.8172114743162,379.58639092728487,117.41160773849232,122.74849899933288
117,359.9066044029353,387.5917278185457,126.7511674449633,299.1994663108739
118,184.7898599066044,60.0400266844563,179.11941294196131,158.77251501000666
119,372.5817211474316,378.58572381587726,198.1320880587058,87.72515010006671
120,247.83188792528352,178.45230153435622,66.37758505670448,137.42494996664442
121,269.5130086724483,384.25617078052034,397.59839893262176,430.95396931287524
122,61.37424949966644,264.8432288192128,156.10406937958638,392.5950633755837
123,81.38759172781855,83.7224816544363,455.3035356904603,382.5883922615077
124,335.5570380253502,237.49166110740492,45.03002001334223,342.56170780520347
125,477.98532354903267,406.27084723148766,481.9879919946631,431.62108072048034
126,223.14876584389592,268.51234156104067,233.82254836557703,74.04936624416277
127,444.2961974649767,49.69979986657772,22.01467645096731,65.04336224149434
128,279.8532354903269,455.3035356904603,274.1827885256838,330.88725817211474
129,113.07538358905937,426.2841894596398,207.13809206137424,344.8965977318212
130,126.7511674449633,112.74182788525684,426.9513008672448,249.83322214809874
131,337.891927951968,425.9506337558372,276.184122748499,182.45496997998666
132,224.14943295530352,67.71180787191462,415.9439626417612,27.685123415610406
133,465.9773182121414,64.70980653769179,138.75917278185457,425.9506337558372
134,222.8152101400934,477.98532354903267,383.9226150767178,490.660440293529
135,47.03135423615744,468.31220813875916,360.9072715143429,22.01467645096731
136,323.54903268845896,71.38092061374249,339.89326217478316,55.70380253502335
137,245.49699799866576,217.1447631754503,296.53102068045365,340.89392928619077
138,414.2761841227485,208.4723148765844,97.39826551034022,12.341561040693795
139,404.60306871247496,400.9339559706471,398.9326217478319,242.82855236824548
140,174.11607738492327,236.1574382921948,229.15276851234157,269.5130086724483
141,490.9939959973315,159.43962641761175,123.08205470313543,98.73248832555036
142,108.07204803202134,358.57238158772515,76.05070046697799,155.1034022681788
143,350.90060040026685,147.76517678452302,59.70647098065377,30.353569046030685
144,67.71180787191462,56.37091394262842,359.9066044029353,3.002001334222815
145,66.04402935290193,248.16544362908604,396.93128752501667,448.6324216144096
146,14.67645096731154,395.93062041360906,149.4329553035357,131.4209472981988
147,308.2054703135424,5.003335557038025,95.06337558372248,120.41360907271515
148,116.74449633088726,445.9639759839893,349.23282188125415,186.7911941294196
149,314.87658438959306,15.010006671114075,390.927284856571,225.48365577051368
150,260.8405603735824,46.03068712474983,23.682454969979986,115.41027351567712
151,319.54636424282853,58.03869246164109,387.5917278185457,468.31220813875916
152,38.358905937291524,226.4843228819213,315.2101400933956,463.3088725817211
153,190.12675116744495,177.45163442294864,318.2121414276184,391.5943962641761
154,334.8899266177452,279.8532354903269,376.58438959306204,191.12741827885256
155,268.84589726484325,414.2761841227485,366.91127418278853,165.44362908605737
156,117.74516344229487,295.86390927284856,258.1721147431621,257.50500333555703
157,164.44296197464976,195.4636424282855,3.33555703802535,39.35957304869913
158,242.49499666444297,438.9593062041361,411.6077384923282,88.39226150767178
159,155.43695797198131,122.74849899933288,38.02535023348899,445.9639759839893
160,26.01734489659773,98.39893262174783,116.74449633088726,416.61107404936627
161,103.06871247498331,226.8178785857238,208.8058705803869,450.30020013342227
162,474.3162108072048,62.70847231487658,133.08872581721147,18.01200800533689
163,223.48232154769846,226.15076717811874,156.43762508338892,28.01867911941294
164,143.09539693128752,382.9219479653102,411.94129419613074,233.48899266177452
165,165.77718478985992,496.3308872581721,495.33022014676453,497.9986657771848
166,268.51234156104067,174.78318879252836,246.16410940627085,145.43028685790526
167,5.003335557038025,419.61307538358903,306.5376917945297,222.8152101400934
168,196.79786524349566,8.67244829886591,298.8659106070714,97.06470980653769
169,496.66444296197466,270.18012008005337,199.46631087391594,112.40827218145431
170,282.1881254169446,488.99266177451636,125.41694462975316,466.6444296197465
171,392.92861907938624,68.71247498332221,459.30620413609074,228.48565710473648
172,413.60907271514344,471.314209472982,184.45630420280187,464.6430953969313
173,363.9092728485657,99.39959973315544,111.4076050700467,102.06804536357572
174,209.80653769179452,210.4736490993996,291.5276851234156,399.9332888592395
175,183.78919279519678,469.97998665777186,226.4843228819213,420.61374249499664
176,61.70780520346898,136.0907271514343,196.1307538358906,76.05070046697799
177,199.46631087391594,97.73182121414276,225.15010006671113,318.5456971314209
178,262.5083388925951,165.11007338225482,350.5670446964643,86.05737158105404
179,349.5663775850567,58.37224816544363,293.86257505003334,293.86257505003334
180,257.50500333555703,444.9633088725817,147.09806537691793,211.80787191460973
181,296.1974649766511,123.41561040693796,468.31220813875916,336.8912608405604
182,449.63308872581723,146.43095396931287,401.2675116744496,0.66711140760507
183,287.5250166777852,284.8565710473649,142.76184122748498,189.4596397598399
184,404.26951300867245,167.4449633088726,141.0940627084723,302.2014676450967
185,349.23282188125415,355.2368245496998,295.53035356904604,57.03802535023349
186,142.76184122748498,219.47965310206806,52.368245496998,341.22748498999334
187,335.2234823215477,13.3422281521014,177.78519012675116,214.80987324883256
188,192.79519679786523,91.3942628418946,28.68579052701801,0.333555703802535
189,18.67911941294196,455.9706470980654,277.85190126751166,207.47164776517678
190,370.91394262841897,177.78519012675116,276.51767845230154,107.40493662441628
191,308.5390260173449,371.9146097398266,235.1567711807872,142.42828552368246
192,470.3135423615744,438.62575050033354,136.4242828552368,98.0653769179453
193,348.23215476984655,394.2628418945964,440.9606404269513,200.80053368912607
194,79.0527018012008,48.69913275517011,197.1314209472982,368.24549699799866
195,14.342895263509005,56.70446964643095,481.6544362908606,333.2221480987325
196,154.1027351567712,403.60240160106736,336.5577051367578,255.50366911274182
197,127.08472314876585,40.69379586390927,138.0920613742495,124.08272181454302
198,396.93128752501667,29.35290193462308,382.9219479653102,462.3082054703135
199,361.9079386257505,407.2715143428953,73.04869913275517,31.020680453635755
200,33.689126084056035,367.91194129419614,157.104736490994,373.2488325550367
201,140.7605070046698,425.6170780520347,290.527018012008,437.9586390927285
202,196.1307538358906,1.667778519012675,341.22748498999334,10.67378252168112
203,35.690460306871245,260.50700466977986,422.61507671781186,457.97198132088056
204,121.74783188792529,365.24349566377583,131.75450300200134,77.71847898599066
205,480.3202134756504,476.65110073382255,179.45296864576383,292.86190793862573
206,110.07338225483656,204.13609072715144,182.7885256837892,281.8545697131421
207,191.79452968645762,216.14409606404269,36.357571714476315,84.38959306204136
208,91.3942628418946,50.70046697798532,11.674449633088726,414.60973982655105
209,436.9579719813209,85.39026017344897,80.72048032021347,278.1854569713142
210,162.10807204803203,490.660440293529,212.14142761841228,302.8685790527018
211,344.8965977318212,119.079386257505,460.30687124749835,343.5623749166111
212,42.69513008672448,327.5517011340894,190.4603068712475,119.079386257505
213,90.393595730487,90.393595730487,489.3262174783189,338.55903935957303
214,374.91661107404934,292.1947965310207,236.82454969979986,327.2181454302869
215,253.16877918612408,459.30620413609074,496.66444296197466,44.36290860573716
216,412.60840560373583,423.28218812541695,93.3955970647098,360.24016010673785
217,160.44029352901936,227.8185456971314,17.011340893929287,209.472981987992
218,235.49032688458973,487.32488325550366,265.17678452301533,208.8058705803869
219,445.9639759839893,227.4849899933289,89.39292861907938,61.70780520346898
220,200.46697798532355,457.63842561707804,86.05737158105404,184.12274849899933
221,197.1314209472982,386.92461641094064,79.38625750500333,88.05870580386924
222,101.06737825216811,207.13809206137424,186.7911941294196,151.76784523015343
223,289.8599066044029,276.184122748499,344.22948632421617,276.184122748499
224,291.5276851234156,104.736490993996,256.1707805203469,217.1447631754503
225,82.38825883922615,97.06470980653769,8.67244829886591,370.5803869246164
226,10.67378252168112,436.9579719813209,338.89259506337555,293.5290193462308
227,372.9152768512341,300.533689126084,305.8705803869246,73.71581054036024
228,395.26350900600397,251.83455637091393,76.71781187458305,295.19679786524347
229,137.0913942628419,22.348232154769846,82.72181454302869,187.45830553702467
230,140.0933955970647,110.07338225483656,492.6617745163442,21.681120747164776
231,400.60040026684453,96.39759839893262,65.04336224149434,319.212808539026
232,301.2008005336891,487.99199466310876,11.34089392928619,163.7758505670447
233,87.05803869246164,241.1607738492328,228.15210140093396,52.368245496998
234,233.48899266177452,44.69646430953969,407.6050700466978,205.47031354236157
235,462.6417611741161,10.340226817878586,169.77985323549032,320.54703135423614
236,77.0513675783856,466.97798532354904,177.1180787191461,240.8272181454303
237,204.46964643095396,115.07671781187459,289.8599066044029,492.99533022014674
238,439.95997331554366,483.6557705136758,399.9332888592395,58.37224816544363
239,124.7498332221481,114.40960640426951,6.6711140760507,109.40627084723148
240,54.36957971981321,293.86257505003334,483.32221480987323,57.70513675783856
241,426.6177451634423,452.3015343562375,360.57371581054036,232.15476984656436
242,368.91260840560375,19.34623082054703,80.0533689126084,328.8859239492995
243,270.5136757838559,108.73915943962642,44.02935290193462,259.17278185456973
244,270.84723148765846,145.7638425617078,155.43695797198131,210.80720480320213
245,385.25683789192794,55.70380253502335,371.2474983322215,105.7371581054036
246,280.520346897932,272.8485657104736,456.97131420947295,432.62174783188794
247,316.8779186124083,486.99132755170115,406.9379586390927,346.8979319546364
248,117.41160773849232,462.6417611741161,410.2735156771181,186.45763842561706
249,407.2715143428953,89.39292861907938,86.7244829886591,278.51901267511676
250,114.74316210807204,302.53502334889924,40.0266844563042,429.6197464976651
251,64.04269513008673,41.36090727151434,270.18012008005337,52.03468979319546
252,329.21947965310204,59.37291527685123,444.2961974649767,352.5683789192795
253,281.8545697131421,179.11941294196131,295.86390927284856,454.3028685790527
254,325.5503669112742,394.92995330220145,376.2508338892595,323.54903268845896
255,175.78385590393594,388.5923949299533,400.9339559706471,483.6557705136758
256,21.014009339559706,244.8298865910607,347.23148765843894,234.48965977318213
257,492.3282188125417,248.83255503669113,426.6177451634423,10.340226817878586
258,297.8652434956638,110.40693795863909,185.12341561040694,187.12474983322215
259,315.54369579719815,159.77318212141427,479.9866577718479,93.72915276851234
260,202.46831220813877,421.28085390260173,44.69646430953969,308.8725817211474
261,96.39759839893262,341.8945963975984,337.891927951968,386.92461641094064
262,389.2595063375584,1.33422281521014,420.61374249499664,197.1314209472982
263,426.2841894596398,222.14809873248834,460.64042695130087,59.0393595730487
264,72.71514342895263,253.83589059372915,437.62508338892593,215.14342895263508
265,333.2221480987325,389.2595063375584,317.5450300200133,90.393595730487
266,415.2768512341561,32.354903268845895,61.70780520346898,103.73582388258839
267,406.6044029352902,359.23949299533024,269.5130086724483,150.10006671114076
268,120.41360907271515,58.70580386924616,369.5797198132088,339.2261507671781
269,466.31087391594394,200.80053368912607,103.73582388258839,477.65176784523015
270,423.949299533022,255.50366911274182,5.670446964643095,158.1054036024016
271,261.84122748499,203.13542361574383,30.353569046030685,419.9466310873916
272,142.09472981987992,392.5950633755837,94.72981987991994,0.0
273,401.2675116744496,439.95997331554366,453.6357571714476,198.1320880587058
274,294.19613075383586,486.32421614409606,253.16877918612408,162.7751834556371
275,376.91794529686456,107.40493662441628,235.49032688458973,235.82388258839225
276,99.0660440293529,26.6844563042028,447.96531020680453,149.76651100733824
277,365.9106070713809,158.43895930620414,129.08605737158106,351.5677118078719
278,144.42961974649765,355.90393595730484,308.8725817211474,221.48098732488324
279,99.39959973315544,132.4216144096064,40.69379586390927,173.4489659773182
280,494.99666444296196,99.73315543695797,433.95597064709807,206.80453635757172
281,461.974649766511,405.6037358238826,121.74783188792529,460.30687124749835
282,157.104736490994,303.8692461641094,241.1607738492328,81.05403602401601
283,264.5096731154103,203.46897931954635,18.345563709139427,180.12008005336892
284,205.8038692461641,43.36224149432955,476.98465643762506,493.3288859239493
285,475.3168779186124,278.51901267511676,12.00800533689126,370.2468312208139
286,92.3949299533022,172.4482988659106,457.63842561707804,309.873248832555
287,399.599733155437,448.6324216144096,123.74916611074049,248.83255503669113
288,423.28218812541695,385.25683789192794,35.35690460306871,434.2895263509006
289,405.6037358238826,47.03135423615744,137.42494996664442,160.44029352901936
290,78.71914609739827,335.5570380253502,353.2354903268846,26.01734489659773
291,401.9346230820547,473.98265510340224,180.787191460974,236.82454969979986
292,450.30020013342227,263.5090060040027,404.93662441627754,384.9232821881254
293,495.66377585056705,373.2488325550367,79.0527018012008,424.9499666444296
294,450.63375583722484,487.6584389593062,381.2541694462975,106.07071380920614
295,356.2374916611074,276.85123415610406,453.3022014676451,334.8899266177452
296,69.37958639092729,188.12541694462976,414.2761841227485,95.06337558372248
297,220.48032021347564,42.02801867911941,115.07671781187459,11.34089392928619
298,141.76117411607737,473.6490993995997,91.3942628418946,422.61507671781186
299,203.46897931954635,257.1714476317545,434.9566377585057,332.55503669112744
300,19.34623082054703,59.0393595730487,198.79919946631088,172.4482988659106
301,364.5763842561708,381.9212808539026,114.40960640426951,378.2521681120747
302,316.2108072048032,214.1427618412275,31.020680453635755,332.22148098732487
303,324.5496997998666,83.05537024683122,5.003335557038025,78.05203468979319
304,473.6490993995997,346.2308205470313,257.50500333555703,9.006004002668446
305,440.62708472314876,170.44696464309538,20.0133422281521,92.72848565710474
306,251.5010006671114,61.04069379586391,67.37825216811207,71.38092061374249
307,414.94329553035357,399.2661774516344,468.97931954636425,129.41961307538358
308,363.5757171447632,126.08405603735824,168.4456304202802,275.1834556370914
309,289.1927951967979,277.51834556370915,99.39959973315544,2.0013342228152102
310,163.44229486324215,263.1754503002001,394.92995330220145,101.40093395597064
311,479.3195463642428,68.04536357571715,292.86190793862573,491.3275517011341
312,395.93062041360906,190.79386257505004,20.68045363575717,408.6057371581054
313,322.54836557705136,115.41027351567712,456.63775850567043,183.45563709139427
314,352.5683789192795,109.73982655103403,187.12474983322215,306.8712474983322
315,77.71847898599066,211.80787191460973,293.1954636424283,133.75583722481653
316,424.6164109406271,393.2621747831888,415.61040693795866,39.026017344896594
317,65.37691794529687,496.9979986657772,432.95530353569046,137.0913942628419
318,293.1954636424283,54.03602401601067,400.266844563042,288.5256837891928
319,432.28819212808537,193.79586390927284,229.48632421614408,309.5396931287525
320,27.018012008005336,342.56170780520347,236.1574382921948,455.6370913942628
321,481.6544362908606,279.51967978652436,128.41894596397597,102.73515677118078
322,369.24616410940627,301.8679119412942,166.44429619746498,141.42761841227485
323,396.59773182121415,439.29286190793863,343.5623749166111,38.69246164109406
324,37.024683122081385,274.84989993328884,322.54836557705136,16.67778519012675
325,437.9586390927285,10.00667111407605,241.49432955303536,339.89326217478316
326,499.3328885923949,144.42961974649765,388.5923949299533,181.45430286857905
327,434.6230820547031,420.9472981987992,214.1427618412275,107.73849232821881
328,138.42561707805203,345.8972648432288,213.1420947298199,251.5010006671114
329,434.2895263509006,57.70513675783856,459.9733155436958,357.90527018012006
330,402.26817878585723,60.37358238825884,81.05403602401601,486.6577718478986
331,103.40226817878586,98.73248832555036,59.0393595730487,178.45230153435622
332,217.1447631754503,108.40560373582389,447.29819879919944,409.9399599733155
333,453.9693128752502,399.9332888592395,487.99199466310876,77.0513675783856
334,302.53502334889924,150.10006671114076,109.73982655103403,347.5650433622415
335,439.62641761174115,359.9066044029353,48.03202134756504,391.92795196797863
336,380.920613742495,167.11140760507004,278.1854569713142,311.20747164776515
337,341.56104069379586,402.9352901934623,58.37224816544363,349.23282188125415
338,208.8058705803869,229.48632421614408,357.57171447631754,249.16611074049365
339,29.019346230820545,385.92394929953304,95.73048699132755,433.95597064709807
340,351.5677118078719,413.94262841894596,35.023348899266175,412.60840560373583
341,146.09739826551035,480.653769179453,15.010006671114075,13.675783855903935
342,216.81120747164778,152.43495663775852,78.71914609739827,51.03402268178786
343,409.9399599733155,496.66444296197466,423.28218812541695,88.72581721147432
344,386.92461641094064,131.75450300200134,383.2555036691127,459.30620413609074
345,336.5577051367578,24.349566377585056,121.08072048032021,89.05937291527685
346,220.14676450967312,387.92528352234825,329.5530353569046,335.8905937291528
347,342.56170780520347,328.552368245497,239.15943962641762,408.2721814543029
348,237.1581054036024,22.68178785857238,411.2741827885257,170.11340893929287
349,238.49232821881253,161.77451634422948,162.10807204803203,167.11140760507004
350,265.5103402268179,411.2741827885257,275.1834556370914,348.23215476984655
351,159.77318212141427,81.38759172781855,307.8719146097398,481.320880587058
352,84.72314876584389,346.5643762508339,94.39626417611741,477.98532354903267
353,107.40493662441628,457.97198132088056,405.93729152768515,284.52301534356235
354,374.5830553702468,123.74916611074049,133.75583722481653,38.02535023348899
355,469.6464309539693,232.15476984656436,490.9939959973315,79.71981320880587
356,195.130086724483,138.75917278185457,342.895263509006,115.07671781187459
357,488.3255503669113,373.91594396264173,421.61440960640425,181.7878585723816
358,390.260173448966,234.15610406937958,49.69979986657772,66.37758505670448
359,295.53035356904604,35.35690460306871,368.91260840560375,461.6410940627085
360,362.5750500333556,291.8612408272181,252.50166777851902,212.4749833222148
361,122.41494329553035,322.21480987324884,126.41761174116077,446.9646430953969
362,28.68579052701801,364.5763842561708,124.41627751834557,441.62775183455636
363,487.32488325550366,20.0133422281521,266.844563042028,17.011340893929287
364,88.39226150767178,108.07204803202134,243.49566377585057,28.352234823215476
365,95.73048699132755,470.6470980653769,281.187458305537,265.5103402268179
366,43.36224149432955,45.36357571714476,463.6424282855237,452.9686457638426
367,119.41294196130754,310.87391594396263,443.29553035356906,188.45897264843228
368,370.5803869246164,156.10406937958638,483.6557705136758,235.1567711807872
369,387.25817211474316,324.21614409606406,281.5210140093396,33.689126084056035
370,186.7911941294196,25.683789192795196,227.8185456971314,91.3942628418946
371,345.5637091394263,372.9152768512341,15.677118078719145,155.43695797198131
372,270.18012008005337,154.4362908605737,473.98265510340224,86.39092728485657
373,73.71581054036024,15.34356237491661,196.79786524349566,55.37024683122081
374,37.691794529686454,79.71981320880587,283.52234823215474,175.45030020013343
375,496.3308872581721,201.13408939292862,155.1034022681788,381.5877251501001
376,203.8025350233489,175.78385590393594,68.71247498332221,396.2641761174116
377,58.03869246164109,380.5870580386925,365.5770513675784,435.6237491661107
378,150.4336224149433,273.1821214142762,107.40493662441628,487.6584389593062
379,254.83655770513676,391.2608405603736,205.47031354236157,225.15010006671113
380,131.4209472981988,329.21947965310204,102.73515677118078,406.6044029352902
381,403.26884589726484,387.25817211474316,138.42561707805203,197.79853235490327
382,6.00400266844563,284.18945963975983,208.4723148765844,394.59639759839894
383,344.22948632421617,162.10807204803203,279.1861240827218,43.36224149432955
384,95.06337558372248,423.61574382921947,35.690460306871245,487.32488325550366
385,423.61574382921947,406.9379586390927,165.44362908605737,395.26350900600397
386,137.75850567044697,287.5250166777852,299.866577718479,9.33955970647098
387,410.2735156771181,452.9686457638426,6.337558372248165,307.8719146097398
388,10.340226817878586,336.8912608405604,308.2054703135424,139.0927284856571
389,249.16611074049365,198.46564376250834,173.78252168112076,170.78052034689793
390,70.04669779853235,413.27551701134087,357.90527018012006,171.78118745830554
391,450.96731154102736,185.12341561040694,365.9106070713809,342.22815210140095
392,412.94196130753835,367.57838559039357,374.5830553702468,226.4843228819213
393,329.88659106070713,199.7998665777185,163.10873915943964,301.53435623749164
394,284.18945963975983,465.31020680453634,331.55436957971983,354.2361574382922
395,154.76984656437625,240.8272181454303,238.49232821881253,383.2555036691127
396,327.5517011340894,212.4749833222148,454.9699799866578,345.2301534356237
397,493.99599733155435,485.65710473649096,157.43829219479653,481.9879919946631
398,168.7791861240827,457.3048699132755,254.83655770513676,6.337558372248165
399,62.70847231487658,261.84122748499,69.04603068712476,452.3015343562375
400,355.2368245496998,171.11407605070048,96.73115410273516,193.46230820547032
401,328.8859239492995,25.016677785190126,114.74316210807204,72.3815877251501
402,175.45030020013343,36.02401601067378,32.354903268845895,134.42294863242162
403,477.31821214142764,356.90460306871245,231.15410273515675,114.40960640426951
404,303.53569046030685,274.1827885256838,324.8832555036691,227.8185456971314
405,449.96664442961975,200.133422281521,23.34889926617745,24.68312208138759
406,27.685123415610406,106.07071380920614,167.4449633088726,161.10740493662442
407,235.1567711807872,367.24482988659105,348.23215476984655,147.09806537691793
408,16.010673782521682,137.0913942628419,72.71514342895263,192.79519679786523
409,382.2548365577051,290.527018012008,344.8965977318212,220.48032021347564
410,51.70113408939293,352.5683789192795,450.30020013342227,304.86991327551704
411,178.1187458305537,337.5583722481654,292.5283522348232,221.14743162108073
412,390.927284856571,134.08939292861908,268.17878585723815,29.35290193462308
413,151.10073382254836,485.99066044029354,352.234823215477,72.71514342895263
414,360.9072715143429,259.17278185456973,223.48232154769846,108.07204803202134
415,344.5630420280187,53.70246831220814,1.667778519012675,201.13408939292862
416,464.9766511007338,244.16277518345564,235.82388258839225,31.35423615743829
417,114.40960640426951,438.292194796531,225.8172114743162,136.0907271514343
418,239.49299533022014,331.88792528352235,141.42761841227485,108.40560373582389
419,59.70647098065377,182.1214142761841,314.87658438959306,262.1747831887925
420,388.25883922615077,281.8545697131421,20.346897931954636,280.1867911941294
421,457.97198132088056,376.2508338892595,286.52434956637757,44.02935290193462
422,274.84989993328884,402.60173448965975,130.4202801867912,245.49699799866576
423,181.1207471647765,368.24549699799866,153.10206804536358,313.54236157438294
424,286.52434956637757,258.83922615076716,268.51234156104067,241.1607738492328
425,121.08072048032021,198.1320880587058,414.60973982655105,132.08805870580386
426,403.60240160106736,155.77051367578386,106.07071380920614,175.78385590393594
427,410.94062708472313,231.82121414276185,112.40827218145431,293.1954636424283
428,115.41027351567712,1.0006671114076051,254.1694462975317,267.84523015343564
429,409.606404269513,23.34889926617745,9.33955970647098,168.7791861240827
430,480.9873248832555,493.3288859239493,222.8152101400934,449.29953302201466
431,181.45430286857905,185.790527018012,427.6184122748499,434.9566377585057
432,361.574382921948,350.90060040026685,424.9499666444296,377.91861240827217
433,443.29553035356906,437.2915276851234,175.11674449633088,265.8438959306204
434,206.13742494996663,18.67911941294196,425.6170780520347,336.5577051367578
435,198.79919946631088,62.37491661107405,443.6290860573716,117.41160773849232
436,452.3015343562375,273.5156771180787,4.336224149432955,14.00933955970647
437,81.05403602401601,451.3008672448299,71.38092061374249,215.81054036024017
438,282.5216811207472,12.341561040693795,287.5250166777852,367.57838559039357
439,188.79252835223483,320.2134756504336,305.20346897931955,126.08405603735824
440,296.53102068045365,184.7898599066044,311.5410273515677,238.49232821881253
441,471.6477651767845,497.3315543695797,213.80920613742495,457.63842561707804
442,312.54169446297533,103.06871247498331,310.5403602401601,114.07605070046698
443,273.1821214142762,294.19613075383586,96.06404269513008,123.74916611074049
444,145.09673115410274,383.2555036691127,373.2488325550367,178.1187458305537
445,486.99132755170115,363.5757171447632,254.5030020013342,458.30553702468313
446,391.5943962641761,215.47698465643762,300.2001334222815,86.7244829886591
447,102.73515677118078,408.2721814543029,65.37691794529687,32.354903268845895
448,143.42895263509007,131.08739159439625,291.1941294196131,156.43762508338892
449,313.20880587058036,325.21681120747166,439.95997331554366,393.92928619079385
450,132.75517011340895,448.29886591060705,211.80787191460973,56.03735823882588
451,141.0940627084723,375.2501667778519,489.6597731821214,248.16544362908604
452,123.41561040693796,169.11274182788526,465.31020680453634,274.5163442294863
453,18.01200800533689,43.69579719813209,423.949299533022,4.66977985323549
454,367.24482988659105,416.2775183455637,336.2241494329553,379.58639092728487
455,194.79653102068045,233.48899266177452,284.18945963975983,15.010006671114075
456,199.1327551701134,308.5390260173449,319.8799199466311,66.04402935290193
457,104.06937958639092,459.63975983989326,22.68178785857238,274.1827885256838
458,394.2628418945964,298.53235490326887,496.9979986657772,47.03135423615744
459,376.2508338892595,332.88859239492996,298.1987991994663,454.9699799866578
460,36.357571714476315,80.72048032021347,448.6324216144096,396.59773182121415
461,166.7778519012675,365.9106070713809,269.17945296864576,157.43829219479653
462,490.3268845897265,24.68312208138759,32.021347565043364,498.6657771847899
463,33.3555703802535,6.337558372248165,240.8272181454303,65.7104736490994
464,255.83722481654436,125.41694462975316,220.48032021347564,385.92394929953304
465,260.17344896597734,145.43028685790526,46.36424282855237,76.71781187458305
466,471.9813208805871,139.0927284856571,170.78052034689793,279.8532354903269
467,88.72581721147432,40.0266844563042,129.41961307538358,80.72048032021347
468,237.49166110740492,454.3028685790527,409.606404269513,461.974649766511
469,98.73248832555036,333.2221480987325,317.8785857238159,335.2234823215477
470,459.63975983989326,289.1927951967979,398.2655103402268,440.9606404269513
471,153.76917945296864,301.2008005336891,297.53168779186126,255.83722481654436
472,331.55436957971983,17.678452301534357,497.9986657771848,201.46764509673116
473,339.55970647098064,104.40293529019345,287.19146097398266,215.47698465643762
474,333.555703802535,340.89392928619077,161.77451634422948,40.69379586390927
475,125.7505003335557,77.71847898599066,154.4362908605737,475.65043362241494
476,95.39693128752502,371.2474983322215,401.60106737825214,50.03335557038025
477,493.3288859239493,414.94329553035357,480.653769179453,184.45630420280187
478,255.1701134089393,426.6177451634423,369.91327551701136,331.88792528352235
479,42.02801867911941,287.85857238158775,191.4609739826551,5.670446964643095
480,109.07271514342895,37.024683122081385,229.81987991994663,297.1981320880587
481,97.39826551034022,211.14076050700467,469.97998665777186,344.22948632421617
482,192.12808539026017,446.29753168779183,368.5790527018012,444.6297531687792
483,264.1761174116077,136.75783855903936,430.28685790527015,368.91260840560375
484,458.97264843228817,72.71514342895263,195.4636424282855,471.9813208805871
485,118.41227484989993,230.4869913275517,429.6197464976651,461.30753835890596
486,456.97131420947295,329.88659106070713,109.07271514342895,146.43095396931287
487,56.70446964643095,374.5830553702468,418.2788525683789,118.41227484989993
488,295.86390927284856,224.48298865910607,181.45430286857905,356.90460306871245
489,164.7765176784523,411.94129419613074,123.41561040693796,179.45296864576383
490,218.1454302868579,157.43829219479653,192.4616410940627,42.02801867911941
491,256.5043362241494,404.26951300867245,125.08338892595063,68.37891927951968
492,434.9566377585057,168.4456304202802,0.333555703802535,297.8652434956638
493,69.71314209472982,338.55903935957303,50.03335557038025,139.75983989326218
494,210.4736490993996,498.6657771847899,258.83922615076716,256.5043362241494
495,211.4743162108072,201.80120080053368,355.5703802535023,414.94329553035357
496,46.6977985323549,277.85190126751166,31.35423615743829,390.927284856571
497,377.25150100066713,129.08605737158106,49.03268845897265,244.49633088725818
498,343.5623749166111,205.47031354236157,498.3322214809873,110.40693795863909
499,227.4849899933289,0.66711140760507,152.43495663775852,234.82321547698464
500,407.6050700466978,433.288859239493,255.50366911274182,270.5136757838559
501,240.1601067378252,276.51767845230154,194.12941961307538,177.45163442294864
502,347.898599066044,298.8659106070714,26.350900600400266,270.18012008005337
503,184.12274849899933,440.29352901934624,67.71180787191462,71.71447631754504
504,66.37758505670448,47.69846564376251,211.4743162108072,208.4723148765844
505,312.20813875917275,402.26817878585723,428.285523682455,118.74583055370246
506,416.61107404936627,428.285523682455,251.5010006671114,312.20813875917275
507,465.31020680453634,45.03002001334223,430.95396931287524,418.945963975984
508,375.2501667778519,423.949299533022,79.71981320880587,131.08739159439625
509,322.21480987324884,76.05070046697799,452.9686457638426,230.4869913275517
510,3.33555703802535,246.49766511007337,189.12608405603734,93.06204136090727
511,49.03268845897265,93.3955970647098,248.4989993328886,119.41294196130754
512,252.16811207471648,122.08138759172782,111.74116077384923,268.51234156104067
513,94.06270847231488,316.5443629086057,347.5650433622415,437.62508338892593
514,97.06470980653769,9.673115410273516,342.56170780520347,377.25150100066713
515,385.92394929953304,137.42494996664442,220.81387591727818,248.4989993328886
516,177.45163442294864,7.33822548365577,277.1847898599066,420.2801867911941
517,43.02868579052702,362.9086057371581,55.70380253502335,25.683789192795196
518,107.73849232821881,280.1867911941294,394.2628418945964,375.58372248165443
519,238.15877251501,299.1994663108739,89.72648432288192,135.75717144763175
520,176.1174116077385,140.0933955970647,25.683789192795196,144.7631754503002
521,196.46430953969312,475.65043362241494,323.8825883922615,188.79252835223483
522,178.45230153435622,153.4356237491661,440.62708472314876,431.95463642428285
523,462.3082054703135,14.342895263509005,14.00933955970647,416.2775183455637
524,419.9466310873916,29.019346230820545,414.94329553035357,495.33022014676453
525,301.53435623749164,266.17745163442294,150.4336224149433,173.78252168112076
526,52.70180120080053,176.1174116077385,42.361574382921944,406.27084723148766
527,417.2781854569713,94.06270847231488,451.3008672448299,24.01601067378252
528,486.6577718478986,199.46631087391594,157.77184789859908,252.16811207471648
529,367.57838559039357,192.12808539026017,322.8819212808539,219.47965310206806
530,65.04336224149434,286.85790527018014,63.70913942628419,107.07138092061375
531,425.6170780520347,254.5030020013342,361.2408272181454,222.14809873248834
532,302.2014676450967,440.62708472314876,450.96731154102736,53.03535690460307
533,136.75783855903936,78.05203468979319,405.27018012008006,367.91194129419614
534,32.021347565043364,85.05670446964643,478.65243495663776,111.74116077384923
535,498.3322214809873,67.37825216811207,361.574382921948,221.8145430286858
536,52.03468979319546,78.38559039359573,240.49366244162775,371.9146097398266
537,139.75983989326218,251.16744496330887,282.5216811207472,155.77051367578386
538,300.2001334222815,192.79519679786523,102.40160106737825,387.92528352234825
539,159.1060707138092,319.212808539026,113.07538358905937,206.13742494996663
540,452.9686457638426,213.4756504336224,419.9466310873916,237.49166110740492
541,226.15076717811874,189.12608405603734,260.50700466977986,473.3155436957972
542,328.552368245497,401.60106737825214,435.6237491661107,140.0933955970647
543,149.09939959973315,77.38492328218813,493.66244162775183,353.5690460306871
544,59.37291527685123,388.92595063375586,139.0927284856571,124.41627751834557
545,130.08672448298867,348.23215476984655,320.54703135423614,120.0800533689126
546,442.29486324216145,73.71581054036024,307.5383589059373,223.48232154769846
547,267.51167444963306,181.1207471647765,55.37024683122081,399.599733155437
548,425.9506337558372,416.61107404936627,309.20613742495,443.9626417611741
549,381.9212808539026,37.35823882588392,391.5943962641761,247.83188792528352
550,200.80053368912607,246.16410940627085,375.58372248165443,432.95530353569046
551,283.1887925283522,293.5290193462308,395.93062041360906,261.84122748499
552,370.2468312208139,429.6197464976651,140.7605070046698,60.37358238825884
553,310.2068045363576,478.9859906604403,31.687791861240825,470.3135423615744
554,260.50700466977986,231.15410273515675,285.52368245496996,278.8525683789193
555,418.6124082721814,188.79252835223483,372.9152768512341,491.99466310873913
556,98.0653769179453,270.84723148765846,29.019346230820545,213.4756504336224
557,190.4603068712475,133.75583722481653,270.84723148765846,359.9066044029353
558,305.53702468312207,90.72715143428952,26.6844563042028,463.6424282855237
559,29.35290193462308,173.78252168112076,63.37558372248165,257.1714476317545
560,13.675783855903935,344.22948632421617,393.59573048699133,438.9593062041361
561,326.5510340226818,316.2108072048032,50.70046697798532,282.5216811207472
562,411.2741827885257,500.0,312.87525016677785,176.78452301534355
563,230.82054703135424,417.9452968645764,145.09673115410274,310.87391594396263
564,475.98398932621745,339.2261507671781,252.83522348232154,128.41894596397597
565,243.49566377585057,362.241494329553,209.80653769179452,450.96731154102736
566,331.22081387591726,307.20480320213477,304.86991327551704,186.12408272181455
567,96.73115410273516,162.44162775183455,381.9212808539026,106.7378252168112
568,486.32421614409606,360.57371581054036,173.4489659773182,115.74382921947965
569,233.82254836557703,123.08205470313543,471.6477651767845,242.16144096064042
570,116.07738492328218,297.8652434956638,328.21881254169443,101.73448965977317
571,348.89926617745164,470.3135423615744,384.25617078052034,136.4242828552368
572,484.32288192128084,326.2174783188793,10.340226817878586,273.1821214142762
573,241.49432955303536,376.58438959306204,446.6310873915944,423.61574382921947
574,478.9859906604403,56.03735823882588,247.49833222148098,113.4089392928619
575,209.472981987992,239.49299533022014,401.9346230820547,337.5583722481654
576,152.76851234156103,326.8845897264843,103.06871247498331,432.28819212808537
577,125.08338892595063,472.9819879919947,70.71380920613743,424.6164109406271
578,111.07404936624417,236.49099399599734,381.5877251501001,363.2421614409606
579,458.63909272848565,482.6551034022682,292.1947965310207,258.1721147431621
580,453.6357571714476,425.28352234823217,412.60840560373583,329.5530353569046
581,248.4989993328886,112.07471647765176,183.45563709139427,5.003335557038025
582,476.65110073382255,450.96731154102736,15.34356237491661,47.69846564376251
583,216.47765176784523,122.41494329553035,126.08405603735824,243.49566377585057
584,109.40627084723148,272.1814543028686,338.2254836557705,477.31821214142764
585,106.07071380920614,45.6971314209473,464.3095396931287,43.02868579052702
586,460.9739826551034,309.5396931287525,61.37424949966644,321.8812541694463
587,388.5923949299533,450.30020013342227,68.37891927951968,403.60240160106736
588,4.0026684456304205,117.07805203468979,136.75783855903936,439.29286190793863
589,57.03802535023349,340.22681787858573,211.14076050700467,407.6050700466978
590,86.7244829886591,391.92795196797863,178.78585723815877,465.31020680453634
591,437.2915276851234,323.21547698465645,377.25150100066713,287.85857238158775
592,301.8679119412942,163.44229486324215,101.73448965977317,456.97131420947295
593,279.51967978652436,187.45830553702467,409.9399599733155,484.32288192128084
594,46.03068712474983,179.78652434956638,56.03735823882588,440.62708472314876
595,183.12208138759172,166.11074049366243,436.6244162775183,488.6591060707138
596,214.47631754503,130.08672448298867,386.92461641094064,497.66511007338227
597,469.31287525016677,70.04669779853235,12.341561040693795,159.1060707138092
598,272.8485657104736,256.1707805203469,113.74249499666445,235.49032688458973
599,186.12408272181455,215.14342895263508,127.75183455637091,48.69913275517011
600,46.36424282855237,75.71714476317545,171.447631754503,193.12875250166778
601,448.96597731821214,121.74783188792529,70.3802535023349,44.69646430953969
602,306.20413609072716,213.1420947298199,105.40360240160106,196.1307538358906
603,74.71647765176785,368.91260840560375,28.01867911941294,99.73315543695797
604,355.90393595730484,49.03268845897265,388.25883922615077,302.53502334889924
605,136.4242828552368,310.2068045363576,443.9626417611741,195.4636424282855
606,108.40560373582389,228.48565710473648,325.21681120747166,172.11474316210808
607,99.73315543695797,135.75717144763175,267.51167444963306,272.5150100066711
608,310.5403602401601,144.7631754503002,403.26884589726484,247.49833222148098
609,258.1721147431621,332.55503669112744,312.54169446297533,253.16877918612408
610,234.82321547698464,243.16210807204803,84.38959306204136,2.66844563042028
611,476.98465643762506,205.13675783855905,193.46230820547032,49.03268845897265
612,373.5823882588392,168.11207471647765,92.72848565710474,146.7645096731154
613,305.8705803869246,207.47164776517678,326.5510340226818,298.53235490326887
614,191.12741827885256,2.334889926617745,60.0400266844563,224.14943295530352
615,167.7785190126751,232.82188125416945,286.85790527018014,306.20413609072716
616,201.80120080053368,417.2781854569713,144.09606404269513,193.79586390927284
617,285.52368245496996,267.17811874583055,96.39759839893262,183.12208138759172
618,1.0006671114076051,138.42561707805203,1.0006671114076051,347.898599066044
619,400.266844563042,317.8785857238159,247.83188792528352,496.66444296197466
620,155.77051367578386,240.49366244162775,445.9639759839893,73.3822548365577
621,107.07138092061375,219.81320880587057,399.2661774516344,142.09472981987992
622,1.667778519012675,327.8852568378919,62.70847231487658,11.007338225483656
623,341.22748498999334,66.37758505670448,13.008672448298865,435.2901934623082
624,182.45496997998666,94.39626417611741,473.6490993995997,14.67645096731154
625,324.8832555036691,77.0513675783856,93.06204136090727,238.15877251501
626,13.008672448298865,321.8812541694463,122.08138759172782,352.234823215477
627,180.787191460974,326.5510340226818,238.82588392261508,396.93128752501667
628,80.72048032021347,32.021347565043364,90.06004002668446,271.180787191461
629,45.36357571714476,465.6437625083389,158.1054036024016,375.91727818545695
630,406.9379586390927,186.45763842561706,480.9873248832555,94.72981987991994
631,455.6370913942628,477.31821214142764,491.3275517011341,316.8779186124083
632,271.180787191461,242.49499666444297,341.56104069379586,478.65243495663776
633,454.3028685790527,372.5817211474316,204.8032021347565,54.70313542361574
634,365.5770513675784,420.61374249499664,37.024683122081385,21.014009339559706
635,379.2528352234823,130.75383589059373,384.58972648432285,6.6711140760507
636,468.6457638425617,39.693128752501664,122.41494329553035,252.83522348232154
637,193.79586390927284,482.9886591060707,353.9026017344897,153.4356237491661
638,92.06137424949966,473.3155436957972,73.3822548365577,145.09673115410274
639,276.51767845230154,34.68979319546364,217.1447631754503,439.62641761174115
640,476.31754503002,208.13875917278185,255.1701134089393,75.71714476317545
641,125.41694462975316,440.9606404269513,391.2608405603736,494.66310873915944
642,104.736490993996,341.22748498999334,27.685123415610406,354.9032688458973
643,147.43162108072048,349.23282188125415,480.3202134756504,289.5263509006004
644,106.40426951300867,303.20213475650434,153.76917945296864,41.027351567711804
645,358.57238158772515,377.58505670446965,134.75650433622414,320.2134756504336
646,278.1854569713142,399.599733155437,477.98532354903267,23.34889926617745
647,387.92528352234825,75.38358905937291,183.78919279519678,133.08872581721147
648,141.42761841227485,259.83989326217477,223.14876584389592,387.25817211474316
649,184.45630420280187,207.80520346897933,323.54903268845896,336.2241494329553
650,198.1320880587058,187.79186124082722,338.55903935957303,239.49299533022014
651,314.209472981988,181.7878585723816,384.9232821881254,344.5630420280187
652,452.63509006004,297.53168779186126,412.94196130753835,442.9619746497665
653,269.84656437625085,353.9026017344897,134.08939292861908,173.11541027351566
654,417.6117411607738,225.48365577051368,93.72915276851234,346.2308205470313
655,328.21881254169443,461.974649766511,195.79719813208806,429.95330220146764
656,75.71714476317545,441.29419613075385,32.688458972648434,474.3162108072048
657,462.9753168779186,165.44362908605737,216.81120747164778,20.68045363575717
658,392.2615076717812,154.76984656437625,85.05670446964643,5.33689126084056
659,342.22815210140095,252.50166777851902,390.260173448966,184.7898599066044
660,240.8272181454303,247.16477651767846,334.2228152101401,270.84723148765846
661,22.01467645096731,439.62641761174115,281.8545697131421,3.669112741827885
662,131.08739159439625,353.5690460306871,346.8979319546364,277.85190126751166
663,193.12875250166778,164.10940627084722,64.04269513008673,87.39159439626418
664,8.005336891260841,318.2121414276184,446.9646430953969,322.8819212808539
665,70.3802535023349,70.71380920613743,447.631754503002,196.79786524349566
666,397.59839893262176,4.0026684456304205,104.736490993996,94.06270847231488
667,445.2968645763842,21.34756504336224,88.39226150767178,157.77184789859908
668,178.78585723815877,140.7605070046698,209.13942628418945,213.80920613742495
669,291.1941294196131,288.19212808539027,270.5136757838559,110.74049366244162
670,231.4876584389593,312.20813875917275,248.83255503669113,243.16210807204803
671,28.352234823215476,315.2101400933956,19.012675116744497,99.0660440293529
672,463.3088725817211,479.65310206804537,37.691794529686454,101.06737825216811
673,90.72715143428952,81.72114743162108,107.73849232821881,290.8605737158105
674,321.8812541694463,255.83722481654436,389.2595063375584,143.42895263509007
675,231.15410273515675,317.5450300200133,30.02001334222815,490.9939959973315
676,492.99533022014674,441.9613075383589,473.3155436957972,325.8839226150767
677,210.14009339559706,60.70713809206137,249.83322214809874,87.05803869246164
678,352.90193462308207,169.77985323549032,312.20813875917275,218.47898599066045
679,479.9866577718479,214.80987324883256,234.82321547698464,268.84589726484325
680,168.4456304202802,199.1327551701134,406.27084723148766,160.77384923282187
681,91.06070713809206,398.9326217478319,208.13875917278185,246.49766511007337
682,252.50166777851902,256.83789192795194,436.2908605737158,80.0533689126084
683,120.74716477651768,271.5143428952635,371.9146097398266,479.9866577718479
684,207.47164776517678,51.36757838559039,327.5517011340894,17.678452301534357
685,0.66711140760507,172.78185456971315,490.3268845897265,40.0266844563042
686,2.0013342228152102,343.22881921280856,467.31154102735155,85.7238158772515
687,103.73582388258839,191.12741827885256,108.73915943962642,191.79452968645762
688,247.16477651767846,209.13942628418945,482.3215476984656,282.1881254169446
689,221.8145430286858,404.60306871247496,250.16677785190126,319.54636424282853
690,329.5530353569046,20.68045363575717,431.28752501667776,492.6617745163442
691,128.41894596397597,239.15943962641762,42.69513008672448,71.04736490993996
692,71.71447631754504,394.59639759839894,389.9266177451634,303.20213475650434
693,345.2301534356237,490.3268845897265,181.7878585723816,198.79919946631088
694,9.006004002668446,41.027351567711804,442.9619746497665,174.11607738492327
695,369.5797198132088,404.93662441627754,265.8438959306204,472.9819879919947
696,351.90126751167446,73.3822548365577,416.61107404936627,32.688458972648434
697,236.82454969979986,126.41761174116077,500.0,398.59906604402937
698,212.80853902601734,119.41294196130754,3.002001334222815,38.358905937291524
699,262.8418945963976,262.5083388925951,328.8859239492995,351.23415610406937
700,230.4869913275517,183.78919279519678,470.3135423615744,111.07404936624417
701,467.64509673115407,204.8032021347565,150.10006671114076,475.3168779186124
702,208.13875917278185,86.39092728485657,116.07738492328218,382.2548365577051
703,317.5450300200133,202.8018679119413,51.36757838559039,496.9979986657772
704,85.39026017344897,280.8539026017345,261.50767178118747,348.5657104736491
705,8.338892595063376,26.350900600400266,200.80053368912607,104.40293529019345
706,112.07471647765176,308.8725817211474,275.85056704469645,331.55436957971983
707,190.79386257505004,465.9773182121414,188.79252835223483,348.89926617745164
708,15.677118078719145,63.04202801867912,367.91194129419614,195.130086724483
709,35.35690460306871,458.97264843228817,417.2781854569713,329.21947965310204
710,116.41094062708473,109.40627084723148,310.2068045363576,472.6484322881921
711,18.345563709139427,488.6591060707138,84.72314876584389,337.891927951968
712,362.9086057371581,32.688458972648434,386.25750500333555,82.38825883922615
713,71.04736490993996,27.35156771180787,170.44696464309538,284.18945963975983
714,40.0266844563042,152.10140093395597,399.599733155437,93.3955970647098
715,305.20346897931955,154.1027351567712,182.45496997998666,311.5410273515677
716,288.5256837891928,18.345563709139427,24.349566377585056,85.05670446964643
717,24.01601067378252,253.16877918612408,327.8852568378919,15.34356237491661
718,273.5156771180787,229.81987991994663,364.5763842561708,22.68178785857238
719,251.83455637091393,127.08472314876585,318.5456971314209,58.03869246164109
720,15.010006671114075,296.53102068045365,28.352234823215476,260.50700466977986
721,433.62241494329555,340.56037358238825,460.9739826551034,352.90193462308207
722,174.44963308872582,379.9199466310874,199.7998665777185,405.93729152768515
723,304.86991327551704,277.1847898599066,268.84589726484325,77.38492328218813
724,498.9993328885924,284.52301534356235,62.04136090727151,83.38892595063375
725,303.20213475650434,479.3195463642428,197.46497665110073,37.35823882588392
726,278.8525683789193,269.84656437625085,12.67511674449633,441.9613075383589
727,177.78519012675116,320.8805870580387,142.09472981987992,74.71647765176785
728,389.5930620413609,254.83655770513676,201.80120080053368,394.2628418945964
729,201.13408939292862,403.26884589726484,164.7765176784523,199.46631087391594
730,155.1034022681788,351.90126751167446,117.07805203468979,25.016677785190126
731,286.19079386257505,486.6577718478986,159.1060707138092,105.07004669779853
732,438.292194796531,129.75316877918613,2.334889926617745,443.29553035356906
733,272.5150100066711,148.76584389593063,279.51967978652436,466.97798532354904
734,332.55503669112744,308.2054703135424,387.25817211474316,49.69979986657772
735,20.0133422281521,475.3168779186124,259.17278185456973,450.63375583722484
736,310.87391594396263,180.787191460974,82.05470313542361,485.99066044029354
737,30.68712474983322,269.17945296864576,367.57838559039357,96.73115410273516
738,222.14809873248834,434.2895263509006,418.945963975984,151.10073382254836
739,293.86257505003334,405.27018012008006,206.13742494996663,280.8539026017345
740,64.70980653769179,42.361574382921944,402.9352901934623,323.21547698465645
741,93.3955970647098,261.50767178118747,489.9933288859239,426.2841894596398
742,231.82121414276185,57.37158105403602,417.6117411607738,150.4336224149433
743,119.74649766511007,304.20280186791194,280.8539026017345,470.6470980653769
744,173.11541027351566,464.3095396931287,257.83855903935955,412.27484989993326
745,285.19012675116744,357.57171447631754,356.2374916611074,133.422281521014
746,269.17945296864576,130.4202801867912,315.87725150100067,460.9739826551034
747,60.70713809206137,160.44029352901936,51.03402268178786,404.26951300867245
748,351.23415610406937,442.29486324216145,103.40226817878586,485.65710473649096
749,36.69112741827885,217.47831887925284,378.58572381587726,125.08338892595063
750,14.00933955970647,8.005336891260841,341.8945963975984,207.80520346897933
751,248.83255503669113,316.8779186124083,200.133422281521,483.32221480987323
752,321.54769846564375,145.09673115410274,118.74583055370246,430.6204136090727
753,68.04536357571715,292.5283522348232,404.26951300867245,67.04469646430954
754,288.19212808539027,79.0527018012008,448.29886591060705,246.83122081387592
755,17.34489659773182,382.5883922615077,262.5083388925951,307.20480320213477
756,181.7878585723816,36.357571714476315,280.520346897932,374.5830553702468
757,22.68178785857238,31.35423615743829,370.91394262841897,361.574382921948
758,314.54302868579055,54.36957971981321,382.2548365577051,456.3042028018679
759,300.533689126084,96.06404269513008,431.62108072048034,205.8038692461641
760,364.9099399599733,84.05603735823883,321.8812541694463,457.3048699132755
761,61.04069379586391,178.78585723815877,193.12875250166778,286.52434956637757
762,45.6971314209473,88.39226150767178,90.393595730487,448.96597731821214
763,372.2481654436291,445.6304202801868,226.8178785857238,1.0006671114076051
764,26.6844563042028,265.17678452301533,456.3042028018679,206.47098065376917
765,415.9439626417612,412.60840560373583,280.1867911941294,425.28352234823217
766,35.023348899266175,268.84589726484325,356.90460306871245,211.14076050700467
767,398.9326217478319,480.3202134756504,343.22881921280856,116.41094062708473
768,180.45363575717144,134.75650433622414,16.344229486324217,411.6077384923282
769,357.90527018012006,347.5650433622415,110.74049366244162,349.89993328885924
770,160.1067378252168,421.61440960640425,355.2368245496998,57.37158105403602
771,55.03669112741828,398.59906604402937,250.5003335557038,127.08472314876585
772,82.72181454302869,422.9486324216144,240.1601067378252,264.5096731154103
773,102.40160106737825,293.1954636424283,53.3689126084056,203.13542361574383
774,148.76584389593063,44.36290860573716,393.92928619079385,190.4603068712475
775,299.866577718479,153.76917945296864,321.54769846564375,140.7605070046698
776,111.4076050700467,282.5216811207472,164.10940627084722,361.9079386257505
777,32.354903268845895,495.33022014676453,349.89993328885924,433.62241494329555
778,266.17745163442294,52.368245496998,400.60040026684453,497.3315543695797
779,245.8305537024683,142.76184122748498,472.3148765843896,480.9873248832555
780,307.8719146097398,197.79853235490327,172.4482988659106,452.63509006004
781,496.9979986657772,225.8172114743162,325.8839226150767,104.06937958639092
782,477.65176784523015,13.675783855903935,302.53502334889924,41.36090727151434
783,34.02268178785857,373.5823882588392,470.98065376917947,34.02268178785857
784,144.7631754503002,79.38625750500333,100.40026684456303,498.3322214809873
785,24.68312208138759,480.9873248832555,237.82521681120747,167.7785190126751
786,460.30687124749835,378.2521681120747,196.46430953969312,194.12941961307538
787,307.5383589059373,81.05403602401601,407.2715143428953,258.50567044696464
788,466.6444296197465,33.3555703802535,148.43228819212808,185.45697131420948
789,100.73382254836558,105.07004669779853,199.1327551701134,162.10807204803203
790,443.6290860573716,291.5276851234156,439.29286190793863,498.9993328885924
791,433.288859239493,360.24016010673785,353.5690460306871,52.70180120080053
792,419.61307538358903,274.5163442294863,352.5683789192795,56.70446964643095
793,254.1694462975317,313.54236157438294,150.76717811874582,421.28085390260173
794,244.49633088725818,87.05803869246164,330.5537024683122,263.8425617078052
795,129.41961307538358,283.8559039359573,379.9199466310874,45.03002001334223
796,78.38559039359573,155.1034022681788,417.9452968645764,376.2508338892595
797,427.2848565710474,65.04336224149434,474.98332221480985,256.83789192795194
798,89.05937291527685,221.8145430286858,300.533689126084,384.58972648432285
799,101.73448965977317,348.89926617745164,4.66977985323549,64.37625083388926
800,380.5870580386925,233.82254836557703,245.8305537024683,315.54369579719815
801,39.026017344896594,59.70647098065377,140.42695130086724,94.39626417611741
802,415.61040693795866,149.4329553035357,499.3328885923949,468.6457638425617
803,224.48298865910607,488.3255503669113,188.45897264843228,380.2535023348899
804,83.05537024683122,289.8599066044029,82.38825883922615,63.04202801867912
805,373.91594396264173,113.4089392928619,331.22081387591726,425.6170780520347
806,368.5790527018012,366.577718478986,120.0800533689126,390.5937291527685
807,23.682454969979986,403.93595730486993,198.46564376250834,397.59839893262176
808,31.35423615743829,249.4996664442962,1.33422281521014,269.17945296864576
809,297.53168779186126,370.2468312208139,471.9813208805871,277.1847898599066
810,11.007338225483656,220.81387591727818,377.91861240827217,154.1027351567712
811,266.51100733822545,160.1067378252168,80.38692461641094,132.4216144096064
812,381.5877251501001,267.84523015343564,228.48565710473648,42.361574382921944
813,149.4329553035357,217.81187458305536,289.5263509006004,46.6977985323549
814,148.43228819212808,454.6364242828552,52.70180120080053,54.36957971981321
815,257.1714476317545,462.9753168779186,427.9519679786524,266.51100733822545
816,238.82588392261508,166.44429619746498,189.4596397598399,118.0787191460974
817,312.87525016677785,183.12208138759172,233.15543695797197,21.34756504336224
818,391.92795196797863,391.5943962641761,323.21547698465645,422.9486324216144
819,316.5443629086057,261.1741160773849,71.71447631754504,120.74716477651768
820,408.6057371581054,53.3689126084056,316.2108072048032,108.73915943962642
821,25.683789192795196,266.51100733822545,187.79186124082722,48.03202134756504
822,28.01867911941294,247.49833222148098,306.20413609072716,126.7511674449633
823,468.97931954636425,151.76784523015343,320.2134756504336,105.40360240160106
824,27.35156771180787,135.09006004002669,163.44229486324215,14.342895263509005
825,152.43495663775852,334.2228152101401,498.9993328885924,143.7625083388926
826,322.8819212808539,294.86324216144095,439.62641761174115,40.360240160106734
827,225.48365577051368,95.06337558372248,432.28819212808537,417.6117411607738
828,494.3295530353569,282.1881254169446,291.8612408272181,203.8025350233489
829,367.91194129419614,106.7378252168112,303.8692461641094,403.93595730486993
830,145.43028685790526,350.5670446964643,153.4356237491661,445.2968645763842
831,256.83789192795194,82.38825883922615,397.9319546364243,139.42628418945964
832,214.80987324883256,435.6237491661107,112.74182788525684,250.16677785190126
833,349.89993328885924,389.9266177451634,100.0667111407605,163.44229486324215
834,492.6617745163442,34.356237491661105,168.7791861240827,486.32421614409606
835,409.2728485657105,208.8058705803869,131.08739159439625,463.9759839893262
836,383.58905937291524,115.74382921947965,375.91727818545695,132.75517011340895
837,134.75650433622414,92.72848565710474,482.9886591060707,185.12341561040694
838,446.9646430953969,78.71914609739827,472.6484322881921,369.5797198132088
839,327.8852568378919,180.45363575717144,472.9819879919947,374.91661107404934
840,408.9392928619079,218.47898599066045,66.04402935290193,469.6464309539693
841,34.68979319546364,420.2801867911941,163.7758505670447,291.1941294196131
842,203.13542361574383,300.2001334222815,29.686457638425615,82.72181454302869
843,454.9699799866578,133.08872581721147,190.12675116744495,376.91794529686456
844,229.48632421614408,218.81254169446296,176.1174116077385,465.9773182121414
845,332.88859239492996,353.2354903268846,463.9759839893262,48.36557705136758
846,275.51701134089393,18.01200800533689,92.3949299533022,251.16744496330887
847,441.9613075383589,418.2788525683789,324.21614409606406,149.09939959973315
848,20.68045363575717,355.5703802535023,266.51100733822545,436.2908605737158
849,93.72915276851234,148.43228819212808,47.36490993995997,236.49099399599734
850,259.50633755837225,205.8038692461641,385.59039359573046,416.9446297531688
851,347.23148765843894,474.3162108072048,144.42961974649765,444.9633088725817
852,79.38625750500333,370.91394262841897,202.46831220813877,434.6230820547031
853,74.38292194796531,434.6230820547031,274.5163442294863,271.5143428952635
854,48.36557705136758,390.5937291527685,214.80987324883256,8.338892595063376
855,479.65310206804537,158.77251501000666,210.14009339559706,72.04803202134757
856,124.41627751834557,281.5210140093396,130.75383589059373,135.42361574382923
857,421.28085390260173,150.76717811874582,305.53702468312207,415.9439626417612
858,39.35957304869913,182.45496997998666,455.6370913942628,423.949299533022
859,420.2801867911941,147.09806537691793,171.78118745830554,466.31087391594394
860,83.38892595063375,464.6430953969313,346.2308205470313,387.5917278185457
861,495.33022014676453,314.87658438959306,493.99599733155435,19.679786524349566
862,414.60973982655105,87.72515010006671,416.9446297531688,224.81654436290862
863,313.54236157438294,469.31287525016677,26.01734489659773,81.38759172781855
864,3.002001334222815,265.8438959306204,68.04536357571715,138.0920613742495
865,149.76651100733824,156.77118078719147,362.5750500333556,250.83388925950632
866,473.3155436957972,117.74516344229487,75.05003335557038,89.39292861907938
867,236.1574382921948,309.20613742495,203.13542361574383,264.8432288192128
868,85.05670446964643,69.37958639092729,52.03468979319546,169.44629753168778
869,197.79853235490327,204.46964643095396,162.7751834556371,358.90593729152766
870,129.75316877918613,309.873248832555,434.6230820547031,218.1454302868579
871,335.8905937291528,332.22148098732487,205.13675783855905,421.9479653102068
872,411.94129419613074,242.16144096064042,214.47631754503,443.6290860573716
873,185.790527018012,393.92928619079385,413.94262841894596,494.99666444296196
874,441.62775183455636,393.59573048699133,475.3168779186124,175.11674449633088
875,343.8959306204136,113.74249499666445,416.2775183455637,427.6184122748499
876,153.4356237491661,86.05737158105404,457.97198132088056,54.03602401601067
877,241.1607738492328,19.012675116744497,167.7785190126751,257.83855903935955
878,473.98265510340224,453.9693128752502,242.82855236824548,142.76184122748498
879,48.03202134756504,270.5136757838559,74.71647765176785,196.46430953969312
880,167.11140760507004,22.01467645096731,354.2361574382922,165.11007338225482
881,399.9332888592395,187.12474983322215,110.07338225483656,417.9452968645764
882,246.49766511007337,237.1581054036024,359.57304869913276,413.94262841894596
883,474.98332221480985,76.38425617078052,152.10140093395597,218.81254169446296
884,289.5263509006004,258.50567044696464,102.06804536357572,217.47831887925284
885,243.8292194796531,49.36624416277518,207.47164776517678,431.28752501667776
886,179.78652434956638,312.87525016677785,75.71714476317545,176.1174116077385
887,59.0393595730487,179.45296864576383,436.9579719813209,261.50767178118747
888,495.99733155436957,485.32354903268845,161.10740493662442,228.81921280853902
889,232.4883255503669,371.581054036024,124.08272181454302,233.82254836557703
890,330.22014676450965,213.80920613742495,467.64509673115407,2.334889926617745
891,358.23882588392263,359.57304869913276,382.5883922615077,69.04603068712476
892,307.20480320213477,349.5663775850567,469.6464309539693,203.46897931954635
893,343.22881921280856,364.9099399599733,3.669112741827885,494.3295530353569
894,40.360240160106734,235.82388258839225,413.27551701134087,7.004669779853235
895,2.334889926617745,141.42761841227485,274.84989993328884,69.37958639092729
896,302.8685790527018,23.015343562374916,251.83455637091393,111.4076050700467
897,222.48165443629085,330.5537024683122,172.78185456971315,484.98999332888593
898,397.9319546364243,409.606404269513,18.01200800533689,141.76117411607737
899,119.079386257505,215.81054036024017,10.67378252168112,455.9706470980654
900,261.1741160773849,24.01601067378252,221.48098732488324,163.10873915943964
901,245.16344229486324,447.29819879919944,166.7778519012675,63.37558372248165
902,109.73982655103403,383.9226150767178,245.16344229486324,399.2661774516344
903,360.24016010673785,409.9399599733155,130.08672448298867,451.96797865243497
904,393.92928619079385,246.83122081387592,44.36290860573716,128.08539026017345
905,391.2608405603736,369.5797198132088,428.95263509006,36.69112741827885
906,86.05737158105404,334.5563709139426,410.94062708472313,204.13609072715144
907,308.8725817211474,206.80453635757172,248.16544362908604,321.54769846564375
908,402.9352901934623,306.5376917945297,244.49633088725818,92.3949299533022
909,124.08272181454302,414.60973982655105,360.24016010673785,436.9579719813209
910,377.91861240827217,307.5383589059373,232.82188125416945,402.9352901934623
911,325.21681120747166,357.90527018012006,227.15143428952635,195.79719813208806
912,47.36490993995997,72.3815877251501,230.82054703135424,453.6357571714476
913,175.11674449633088,357.238158772515,340.56037358238825,421.61440960640425
914,389.9266177451634,321.54769846564375,264.8432288192128,180.787191460974
915,77.38492328218813,100.40026684456303,232.4883255503669,388.5923949299533
916,478.65243495663776,481.6544362908606,388.92595063375586,224.48298865910607
917,487.99199466310876,93.06204136090727,402.26817878585723,164.7765176784523
918,146.7645096731154,339.89326217478316,154.76984656437625,231.82121414276185
919,177.1180787191461,250.83388925950632,228.81921280853902,232.4883255503669
920,412.27484989993326,356.2374916611074,261.1741160773849,408.9392928619079
921,75.38358905937291,325.5503669112742,51.70113408939293,363.5757171447632
922,353.9026017344897,124.41627751834557,39.35957304869913,152.10140093395597
923,76.05070046697799,184.45630420280187,283.8559039359573,372.9152768512341
924,438.9593062041361,278.1854569713142,423.61574382921947,317.8785857238159
925,444.9633088725817,219.1460973982655,76.38425617078052,243.8292194796531
926,70.71380920613743,198.79919946631088,285.85723815877253,145.7638425617078
927,295.19679786524347,339.55970647098064,370.5803869246164,479.3195463642428
928,26.350900600400266,267.51167444963306,125.7505003335557,148.09873248832554
929,49.36624416277518,106.40426951300867,246.49766511007337,296.86457638425617
930,271.5143428952635,256.5043362241494,136.0907271514343,380.920613742495
931,336.8912608405604,306.8712474983322,56.70446964643095,200.46697798532355
932,320.8805870580387,84.38959306204136,180.12008005336892,281.187458305537
933,223.815877251501,146.7645096731154,178.45230153435622,35.690460306871245
934,396.2641761174116,169.44629753168778,294.52968645763843,259.50633755837225
935,185.12341561040694,25.35023348899266,60.37358238825884,9.673115410273516
936,371.2474983322215,196.46430953969312,474.64976651100733,272.8485657104736
937,44.36290860573716,216.47765176784523,5.33689126084056,353.2354903268846
938,379.58639092728487,174.11607738492327,204.46964643095396,430.28685790527015
939,311.20747164776515,53.03535690460307,366.577718478986,149.4329553035357
940,436.6244162775183,451.6344229486324,442.29486324216145,499.3328885923949
941,274.5163442294863,139.42628418945964,437.9586390927285,250.5003335557038
942,136.0907271514343,218.1454302868579,224.81654436290862,453.9693128752502
943,122.74849899933288,407.6050700466978,45.6971314209473,194.79653102068045
944,169.11274182788526,143.7625083388926,132.4216144096064,65.37691794529687
945,411.6077384923282,413.60907271514344,289.1927951967979,286.85790527018014
946,168.11207471647765,220.14676450967312,282.8552368245497,289.8599066044029
947,494.66310873915944,210.14009339559706,256.5043362241494,365.9106070713809
948,115.74382921947965,433.95597064709807,263.8425617078052,147.43162108072048
949,128.75250166777852,75.05003335557038,33.689126084056035,467.64509673115407
950,0.0,443.9626417611741,225.48365577051368,182.7885256837892
951,489.9933288859239,160.77384923282187,320.8805870580387,103.40226817878586
952,120.0800533689126,186.7911941294196,395.59706470980655,230.82054703135424
953,298.1987991994663,385.59039359573046,195.130086724483,78.71914609739827
954,276.184122748499,193.46230820547032,358.23882588392263,438.62575050033354
955,485.32354903268845,377.25150100066713,271.5143428952635,1.33422281521014
956,158.43895930620414,146.09739826551035,14.342895263509005,322.21480987324884
957,439.29286190793863,225.15010006671113,188.12541694462976,462.9753168779186
958,19.012675116744497,304.86991327551704,216.47765176784523,67.37825216811207
959,212.4749833222148,48.36557705136758,17.678452301534357,167.4449633088726
960,447.96531020680453,285.52368245496996,39.026017344896594,388.92595063375586
961,359.57304869913276,67.04469646430954,438.9593062041361,59.70647098065377
962,386.59106070713807,55.37024683122081,104.06937958639092,397.2648432288192
963,57.37158105403602,19.679786524349566,174.78318879252836,465.6437625083389
964,150.10006671114076,203.8025350233489,336.8912608405604,80.38692461641094
965,41.694462975316874,176.78452301534355,486.6577718478986,183.78919279519678
966,12.67511674449633,221.14743162108073,83.7224816544363,320.8805870580387
967,176.78452301534355,16.344229486324217,342.22815210140095,359.57304869913276
968,285.85723815877253,193.12875250166778,118.41227484989993,220.81387591727818
969,237.82521681120747,494.3295530353569,21.34756504336224,290.527018012008
970,30.02001334222815,286.19079386257505,484.65643762508336,500.0
971,497.3315543695797,51.03402268178786,330.88725817211474,367.24482988659105
972,60.37358238825884,16.010673782521682,162.44162775183455,373.5823882588392
973,291.8612408272181,239.82655103402269,339.55970647098064,405.27018012008006
974,365.24349566377583,405.93729152768515,49.36624416277518,30.02001334222815
975,262.1747831887925,498.9993328885924,351.90126751167446,321.21414276184123
976,138.0920613742495,227.15143428952635,108.40560373582389,339.55970647098064
977,83.7224816544363,401.9346230820547,9.006004002668446,100.73382254836558
978,23.015343562374916,210.80720480320213,0.66711140760507,424.28285523682456
979,267.84523015343564,447.631754503002,91.06070713809206,37.024683122081385
980,43.69579719813209,3.002001334222815,267.84523015343564,291.5276851234156
981,100.0667111407605,464.9766511007338,87.39159439626418,208.13875917278185
982,350.23348899266176,450.63375583722484,355.90393595730484,23.015343562374916
983,108.73915943962642,8.338892595063376,487.6584389593062,458.97264843228817
984,170.11340893929287,301.53435623749164,301.53435623749164,296.53102068045365
985,426.9513008672448,73.04869913275517,441.29419613075385,296.1974649766511
986,166.44429619746498,443.29553035356906,470.6470980653769,327.8852568378919
987,113.74249499666445,92.06137424949966,57.37158105403602,262.8418945963976
988,277.51834556370915,39.026017344896594,284.8565710473649,8.005336891260841
989,121.41427618412274,430.95396931287524,206.80453635757172,100.40026684456303
990,165.11007338225482,427.6184122748499,335.2234823215477,489.9933288859239
991,478.31887925283525,345.5637091394263,327.2181454302869,315.87725150100067
992,112.74182788525684,449.63308872581723,317.2114743162108,292.5283522348232
993,140.42695130086724,186.12408272181455,273.84923282188123,83.05537024683122
994,54.70313542361574,120.41360907271515,152.76851234156103,371.2474983322215
995,9.33955970647098,482.3215476984656,55.03669112741828,254.83655770513676
996,172.11474316210808,125.08338892595063,109.40627084723148,97.73182121414276
997,64.37625083388926,57.03802535023349,216.14409606404269,294.52968645763843
998,340.89392928619077,128.08539026017345,175.78385590393594,379.9199466310874
999,467.31154102735155,361.574382921948,299.1994663108739,148.43228819212808
1000,315.2101400933956,258.1721147431621,493.3288859239493,156.10406937958638
1001,466.97798532354904,386.59106070713807,33.022014676450965,241.8278852568379
1002,56.37091394262842,150.4336224149433,461.30753835890596,476.98465643762506
1003,55.70380253502335,455.6370913942628,246.83122081387592,144.09606404269513
1004,217.47831887925284,11.674449633088726,445.2968645763842,409.606404269513
1005,57.70513675783856,317.2114743162108,4.0026684456304205,328.21881254169443
1006,172.78185456971315,99.0660440293529,497.3315543695797,49.36624416277518
1007,447.29819879919944,410.94062708472313,151.4342895263509,125.7505003335557
1008,404.93662441627754,312.54169446297533,466.97798532354904,299.5330220146765
1009,304.20280186791194,80.0533689126084,354.5697131420947,223.14876584389592
1010,163.7758505670447,412.94196130753835,78.38559039359573,192.4616410940627
1011,317.8785857238159,319.54636424282853,75.38358905937291,200.133422281521
1012,24.349566377585056,194.12941961307538,365.24349566377583,81.72114743162108
1013,429.95330220146764,408.9392928619079,255.83722481654436,42.69513008672448
1014,195.79719813208806,467.31154102735155,219.1460973982655,122.41494329553035
1015,250.16677785190126,461.30753835890596,165.11007338225482,60.70713809206137
1016,219.1460973982655,478.65243495663776,100.73382254836558,405.6037358238826
1017,280.8539026017345,35.690460306871245,118.0787191460974,28.68579052701801
1018,78.05203468979319,116.74449633088726,462.9753168779186,43.69579719813209
1019,244.16277518345564,87.39159439626418,479.65310206804537,414.2761841227485
1020,71.38092061374249,422.61507671781186,290.1934623082055,366.91127418278853
1021,54.03602401601067,116.41094062708473,101.06737825216811,283.8559039359573
1022,44.02935290193462,368.5790527018012,167.11140760507004,447.96531020680453
1023,378.2521681120747,429.28619079386254,33.3555703802535,474.98332221480985
1024,74.04936624416277,214.47631754503,363.5757171447632,327.5517011340894
1025,420.9472981987992,366.91127418278853,269.84656437625085,53.70246831220814
1026,311.5410273515677,491.3275517011341,326.2174783188793,34.68979319546364
1027,36.02401601067378,223.14876584389592,481.320880587058,350.23348899266176
1028,189.4596397598399,427.9519679786524,264.1761174116077,90.06004002668446
1029,296.86457638425617,358.23882588392263,413.60907271514344,154.4362908605737
1030,315.87725150100067,250.16677785190126,174.11607738492327,342.895263509006
1031,346.8979319546364,363.2421614409606,359.23949299533024,50.36691127418279
1032,294.86324216144095,124.08272181454302,440.29352901934624,305.20346897931955
1033,433.95597064709807,479.9866577718479,432.62174783188794,333.88925950633757
1034,283.52234823215474,321.21414276184123,58.03869246164109,209.80653769179452
1035,244.8298865910607,262.1747831887925,380.920613742495,169.77985323549032
1036,239.15943962641762,156.43762508338892,478.9859906604403,469.31287525016677
1037,151.4342895263509,46.6977985323549,364.9099399599733,267.17811874583055
1038,88.05870580386924,262.8418945963976,309.5396931287525,464.9766511007338
1039,25.016677785190126,107.73849232821881,72.3815877251501,249.4996664442962
1040,148.09873248832554,16.67778519012675,156.77118078719147,448.29886591060705
1041,131.75450300200134,238.15877251501,133.422281521014,349.5663775850567
1042,58.70580386924616,453.3022014676451,230.15343562374917,446.6310873915944
1043,347.5650433622415,132.75517011340895,207.80520346897933,397.9319546364243
1044,449.29953302201466,494.66310873915944,65.7104736490994,122.08138759172782
1045,424.9499666444296,372.2481654436291,58.70580386924616,45.36357571714476
1046,480.653769179453,206.13742494996663,374.91661107404934,491.6611074049366
1047,198.46564376250834,135.42361574382923,464.6430953969313,299.866577718479
1048,20.346897931954636,401.2675116744496,391.92795196797863,123.08205470313543
1049,290.8605737158105,429.95330220146764,203.8025350233489,157.104736490994
1050,383.9226150767178,436.6244162775183,142.42828552368246,322.54836557705136
1051,482.3215476984656,392.92861907938624,45.36357571714476,153.10206804536358
1052,92.72848565710474,121.08072048032021,192.12808539026017,400.266844563042
1053,12.00800533689126,165.77718478985992,210.80720480320213,202.8018679119413
1054,220.81387591727818,114.07605070046698,222.48165443629085,271.847898599066
1055,463.9759839893262,314.54302868579055,296.1974649766511,69.71314209472982
1056,393.2621747831888,14.00933955970647,313.20880587058036,298.8659106070714
1057,325.8839226150767,260.8405603735824,454.6364242828552,265.17678452301533
1058,246.16410940627085,324.8832555036691,129.75316877918613,83.7224816544363
1059,63.70913942628419,101.06737825216811,272.5150100066711,27.35156771180787
1060,306.5376917945297,3.669112741827885,69.37958639092729,233.15543695797197
1061,152.10140093395597,221.48098732488324,97.73182121414276,325.5503669112742
1062,225.15010006671113,209.472981987992,477.31821214142764,401.2675116744496
1063,253.5023348899266,151.10073382254836,330.22014676450965,19.012675116744497
1064,464.3095396931287,492.99533022014674,290.8605737158105,58.70580386924616
1065,242.82855236824548,109.07271514342895,117.74516344229487,97.39826551034022
1066,137.42494996664442,28.01867911941294,458.63909272848565,350.5670446964643
1067,275.1834556370914,342.22815210140095,345.2301534356237,407.2715143428953
1068,205.47031354236157,313.87591727818545,258.50567044696464,343.22881921280856
1069,38.02535023348899,320.54703135423614,86.39092728485657,409.2728485657105
1070,139.0927284856571,280.520346897932,372.5817211474316,222.48165443629085
1071,489.6597731821214,458.63909272848565,435.2901934623082,375.2501667778519
1072,323.21547698465645,322.54836557705136,348.5657104736491,481.6544362908606
1073,201.46764509673116,400.60040026684453,433.62241494329555,272.1814543028686
1074,491.6611074049366,495.99733155436957,135.75717144763175,285.19012675116744
1075,29.686457638425615,96.73115410273516,17.34489659773182,363.9092728485657
1076,282.8552368245497,245.16344229486324,337.2248165443629,398.9326217478319
1077,392.5950633755837,384.9232821881254,490.660440293529,273.84923282188123
1078,491.3275517011341,201.46764509673116,345.8972648432288,472.3148765843896
1079,251.16744496330887,275.85056704469645,53.03535690460307,411.2741827885257
1080,166.11074049366243,305.53702468312207,219.81320880587057,164.10940627084722
1081,3.669112741827885,495.66377585056705,344.5630420280187,204.46964643095396
1082,132.08805870580386,236.82454969979986,181.1207471647765,315.2101400933956
1083,94.72981987991994,241.49432955303536,348.89926617745164,113.74249499666445
1084,355.5703802535023,445.2968645763842,461.974649766511,129.75316877918613
1085,230.15343562374917,273.84923282188123,385.92394929953304,141.0940627084723
1086,421.9479653102068,283.52234823215474,10.00667111407605,244.16277518345564
1087,481.320880587058,333.555703802535,241.8278852568379,168.4456304202802
1088,229.81987991994663,461.6410940627085,358.90593729152766,138.42561707805203
1089,283.8559039359573,6.00400266844563,260.17344896597734,90.72715143428952
1090,53.03535690460307,164.44296197464976,145.43028685790526,287.5250166777852
1091,298.53235490326887,418.6124082721814,304.20280186791194,204.8032021347565
1092,407.9386257505003,162.7751834556371,106.7378252168112,46.03068712474983
1093,85.7238158772515,452.63509006004,244.16277518345564,294.19613075383586
1094,111.74116077384923,194.79653102068045,350.23348899266176,355.2368245496998
1095,482.6551034022682,492.6617745163442,210.4736490993996,35.35690460306871
1096,346.5643762508339,229.15276851234157,389.5930620413609,388.25883922615077
1097,171.78118745830554,191.4609739826551,301.2008005336891,418.2788525683789
1098,338.55903935957303,468.97931954636425,98.0653769179453,317.5450300200133
1099,256.1707805203469,336.5577051367578,169.11274182788526,394.92995330220145
1100,451.3008672448299,120.0800533689126,36.69112741827885,324.5496997998666
1101,253.83589059372915,364.2428285523682,61.04069379586391,46.36424282855237
1102,377.58505670446965,358.90593729152766,438.62575050033354,246.16410940627085
1103,173.78252168112076,386.25750500333555,446.29753168779183,355.90393595730484
1104,7.33822548365577,431.95463642428285,107.07138092061375,341.56104069379586
1105,118.74583055370246,271.180787191461,53.70246831220814,216.14409606404269
1106,436.2908605737158,114.74316210807204,435.9573048699133,393.59573048699133
1107,113.4089392928619,328.8859239492995,451.6344229486324,138.75917278185457
1108,143.7625083388926,435.9573048699133,363.2421614409606,438.292194796531
1109,157.77184789859908,247.83188792528352,119.079386257505,495.99733155436957
1110,72.3815877251501,491.6611074049366,27.35156771180787,455.3035356904603
1111,303.8692461641094,37.691794529686454,14.67645096731154,188.12541694462976
1112,413.27551701134087,430.6204136090727,402.60173448965975,159.43962641761175
1113,337.2248165443629,103.40226817878586,445.6304202801868,237.82521681120747
1114,500.0,28.352234823215476,431.95463642428285,47.36490993995997
1115,31.020680453635755,172.11474316210808,137.75850567044697,437.2915276851234
1116,336.2241494329553,222.8152101400934,407.9386257505003,411.94129419613074
1117,356.90460306871245,338.2254836557705,267.17811874583055,395.59706470980655
1118,364.2428285523682,42.69513008672448,234.15610406937958,220.14676450967312
1119,232.15476984656436,343.8959306204136,379.58639092728487,201.80120080053368
1120,460.64042695130087,397.59839893262176,182.1214142761841,377.58505670446965
1121,332.22148098732487,297.1981320880587,85.39026017344897,471.314209472982
1122,51.03402268178786,248.4989993328886,415.2768512341561,428.6190793862575
1123,366.577718478986,102.40160106737825,62.37491661107405,165.77718478985992
1124,445.6304202801868,127.75183455637091,215.81054036024017,389.9266177451634
1125,286.85790527018014,50.03335557038025,46.6977985323549,442.29486324216145
1126,263.1754503002001,390.927284856571,420.2801867911941,290.1934623082055
1127,193.46230820547032,142.09472981987992,459.63975983989326,304.20280186791194
1128,234.48965977318213,164.7765176784523,8.005336891260841,240.49366244162775
1129,431.95463642428285,354.2361574382922,486.99132755170115,440.29352901934624
1130,162.44162775183455,72.04803202134757,478.31887925283525,341.8945963975984
1131,186.45763842561706,41.694462975316874,215.47698465643762,488.99266177451636
1132,373.2488325550367,432.95530353569046,418.6124082721814,492.3282188125417
1133,267.17811874583055,447.96531020680453,37.35823882588392,473.98265510340224
1134,170.78052034689793,91.72781854569713,264.5096731154103,386.59106070713807
1135,211.14076050700467,163.10873915943964,87.72515010006671,104.736490993996
1136,380.2535023348899,417.6117411607738,458.97264843228817,109.07271514342895
1137,459.30620413609074,230.15343562374917,18.67911941294196,36.02401601067378
1138,263.5090060040027,453.6357571714476,231.82121414276185,360.57371581054036
1139,38.69246164109406,396.93128752501667,477.65176784523015,303.53569046030685
1140,246.83122081387592,412.27484989993326,437.2915276851234,160.1067378252168
1141,360.57371581054036,161.44096064042694,494.66310873915944,310.5403602401601
1142,276.85123415610406,65.7104736490994,499.6664442961975,112.07471647765176
1143,39.693128752501664,352.90193462308207,301.8679119412942,238.82588392261508
1144,218.81254169446296,39.35957304869913,227.4849899933289,166.44429619746498
1145,488.6591060707138,341.56104069379586,7.004669779853235,423.28218812541695
1146,211.80787191460973,460.30687124749835,487.32488325550366,312.54169446297533
1147,123.08205470313543,93.72915276851234,379.2528352234823,212.80853902601734
1148,89.39292861907938,347.898599066044,239.82655103402269,174.78318879252836
1149,218.47898599066045,170.11340893929287,95.39693128752502,489.3262174783189
1150,311.87458305537024,322.8819212808539,314.209472981988,482.9886591060707
1151,274.1827885256838,398.2655103402268,345.5637091394263,253.83589059372915
1152,288.8592394929953,408.6057371581054,422.9486324216144,241.49432955303536
1153,15.34356237491661,206.47098065376917,422.28152101400934,255.1701134089393
1154,442.628418945964,51.70113408939293,394.59639759839894,95.39693128752502
1155,330.5537024683122,101.40093395597064,279.8532354903269,383.58905937291524
1156,292.1947965310207,54.70313542361574,245.49699799866576,102.40160106737825
1157,257.83855903935955,468.6457638425617,425.28352234823217,116.07738492328218
1158,375.58372248165443,376.91794529686456,112.07471647765176,275.51701134089393
1159,1.33422281521014,381.5877251501001,313.54236157438294,366.577718478986
1160,334.5563709139426,471.6477651767845,38.358905937291524,232.82188125416945
1161,446.29753168779183,191.79452968645762,170.11340893929287,128.75250166777852
1162,87.72515010006671,104.06937958639092,357.238158772515,422.28152101400934
1163,405.93729152768515,170.78052034689793,54.03602401601067,1.667778519012675
1164,469.97998665777186,323.8825883922615,410.6070713809206,61.37424949966644
1165,147.76517678452302,489.3262174783189,300.8672448298866,23.682454969979986
1166,334.2228152101401,409.2728485657105,479.3195463642428,82.05470313542361
1167,359.23949299533024,281.187458305537,201.13408939292862,237.1581054036024
1168,279.1861240827218,434.9566377585057,27.018012008005336,140.42695130086724
1169,459.9733155436958,89.72648432288192,324.5496997998666,340.22681787858573
1170,101.40093395597064,209.80653769179452,166.11074049366243,484.65643762508336
1171,444.6297531687792,344.5630420280187,253.5023348899266,449.96664442961975
1172,104.40293529019345,95.39693128752502,465.6437625083389,239.82655103402269
1173,49.69979986657772,306.20413609072716,238.15877251501,245.8305537024683
1174,382.9219479653102,100.0667111407605,132.75517011340895,252.50166777851902
1175,191.4609739826551,466.31087391594394,135.42361574382923,17.34489659773182
1176,16.67778519012675,86.7244829886591,375.2501667778519,73.04869913275517
1177,401.60106737825214,21.681120747164776,494.3295530353569,39.693128752501664
1178,242.16144096064042,9.006004002668446,340.89392928619077,410.94062708472313
1179,277.85190126751166,296.86457638425617,193.79586390927284,400.9339559706471
1180,371.9146097398266,389.5930620413609,287.85857238158775,365.24349566377583
1181,388.92595063375586,279.1861240827218,485.32354903268845,385.25683789192794
1182,156.77118078719147,43.02868579052702,206.47098065376917,103.06871247498331
1183,323.8825883922615,422.28152101400934,221.8145430286858,89.72648432288192
1184,217.81187458305536,76.71781187458305,48.69913275517011,62.37491661107405
1185,133.08872581721147,167.7785190126751,294.19613075383586,338.89259506337555
1186,170.44696464309538,478.31887925283525,339.2261507671781,326.2174783188793
1187,106.7378252168112,466.6444296197465,185.790527018012,403.26884589726484
1188,6.337558372248165,498.3322214809873,347.898599066044,292.1947965310207
1189,228.15210140093396,424.9499666444296,488.3255503669113,162.44162775183455
1190,11.674449633088726,334.8899266177452,158.43895930620414,435.9573048699133
1191,300.8672448298866,278.8525683789193,425.9506337558372,74.38292194796531
1192,275.85056704469645,97.39826551034022,81.72114743162108,114.74316210807204
1193,461.6410940627085,124.7498332221481,387.92528352234825,62.04136090727151
1194,135.75717144763175,432.62174783188794,88.72581721147432,303.8692461641094
1195,306.8712474983322,111.07404936624417,380.2535023348899,347.23148765843894
1196,179.11941294196131,175.11674449633088,371.581054036024,15.677118078719145
1197,252.83522348232154,313.20880587058036,21.014009339559706,75.38358905937291
1198,354.2361574382922,159.1060707138092,54.36957971981321,253.5023348899266
1199,81.72114743162108,250.5003335557038,204.13609072715144,147.76517678452302
1200,375.91727818545695,33.022014676450965,218.81254169446296,353.9026017344897
1201,261.50767178118747,264.5096731154103,172.11474316210808,148.76584389593063
1202,163.10873915943964,288.8592394929953,454.3028685790527,66.711140760507
1203,51.36757838559039,303.53569046030685,332.88859239492996,281.5210140093396
1204,320.54703135423614,456.63775850567043,54.70313542361574,368.5790527018012
1205,284.52301534356235,176.45096731154104,262.1747831887925,326.8845897264843
1206,208.4723148765844,212.14142761841228,427.2848565710474,445.6304202801868
1207,228.48565710473648,61.70780520346898,34.356237491661105,13.008672448298865
1208,189.79319546364243,411.6077384923282,374.2494996664443,130.75383589059373
1209,488.99266177451636,484.65643762508336,90.72715143428952,351.90126751167446
1210,5.670446964643095,310.5403602401601,169.44629753168778,282.8552368245497
1211,42.361574382921944,476.98465643762506,144.7631754503002,226.15076717811874
1212,394.92995330220145,192.4616410940627,331.88792528352235,276.85123415610406
1213,309.20613742495,481.9879919946631,429.28619079386254,407.9386257505003
1214,326.8845897264843,380.2535023348899,288.5256837891928,311.87458305537024
1215,84.05603735823883,139.75983989326218,378.2521681120747,323.8825883922615
1216,63.37558372248165,202.46831220813877,302.8685790527018,176.45096731154104
1217,379.9199466310874,463.9759839893262,160.77384923282187,478.9859906604403
1218,330.88725817211474,50.36691127418279,278.51901267511676,370.91394262841897
1219,233.15543695797197,443.6290860573716,119.41294196130754,413.27551701134087
1220,429.28619079386254,177.1180787191461,46.03068712474983,258.83922615076716
1221,202.13475650433622,243.8292194796531,99.73315543695797,75.05003335557038
1222,60.0400266844563,462.3082054703135,334.5563709139426,61.04069379586391
1223,100.40026684456303,268.17878585723815,127.41827885256838,60.0400266844563
1224,165.44362908605737,134.42294863242162,313.87591727818545,35.023348899266175
1225,442.9619746497665,7.671781187458305,465.9773182121414,428.95263509006
1226,430.95396931287524,318.8792528352235,253.83589059372915,330.22014676450965
1227,424.28285523682456,52.70180120080053,457.3048699132755,244.8298865910607
1228,172.4482988659106,287.19146097398266,299.5330220146765,362.9086057371581
1229,356.57104736490993,300.8672448298866,315.54369579719815,389.5930620413609
1230,158.77251501000666,493.66244162775183,485.99066044029354,447.631754503002
1231,52.368245496998,410.2735156771181,497.66511007338227,79.0527018012008
1232,398.59906604402937,30.68712474983322,121.41427618412274,383.9226150767178
1233,5.33689126084056,148.09873248832554,224.48298865910607,161.77451634422948
1234,357.57171447631754,11.34089392928619,101.40093395597064,418.6124082721814
1235,405.27018012008006,251.5010006671114,396.2641761174116,150.76717811874582
1236,182.1214142761841,307.8719146097398,364.2428285523682,404.60306871247496
1237,219.47965310206806,360.9072715143429,495.99733155436957,31.687791861240825
1238,420.61374249499664,290.8605737158105,335.8905937291528,3.33555703802535
1239,339.89326217478316,103.73582388258839,36.02401601067378,10.00667111407605
1240,431.28752501667776,182.7885256837892,212.4749833222148,263.1754503002001
1241,319.8799199466311,220.48032021347564,452.63509006004,496.3308872581721
1242,483.32221480987323,304.53635757171446,19.34623082054703,444.2961974649767
1243,94.39626417611741,102.06804536357572,25.35023348899266,369.91327551701136
1244,265.8438959306204,95.73048699132755,265.5103402268179,33.3555703802535
1245,75.05003335557038,231.4876584389593,122.74849899933288,11.674449633088726
1246,8.67244829886591,102.73515677118078,66.711140760507,345.5637091394263
1247,145.7638425617078,228.15210140093396,261.84122748499,212.14142761841228
1248,499.6664442961975,249.83322214809874,215.14342895263508,357.57171447631754
1249,76.38425617078052,494.99666444296196,475.98398932621745,12.67511674449633
1250,12.341561040693795,428.95263509006,488.6591060707138,216.47765176784523
1251,249.83322214809874,302.8685790527018,41.027351567711804,361.2408272181454
1252,348.5657104736491,28.68579052701801,56.37091394262842,189.12608405603734
1253,156.43762508338892,345.2301534356237,419.61307538358903,287.19146097398266
1254,438.62575050033354,442.9619746497665,40.360240160106734,372.2481654436291
1255,153.10206804536358,325.8839226150767,449.96664442961975,301.2008005336891
1256,229.15276851234157,323.54903268845896,180.45363575717144,63.70913942628419
1257,472.9819879919947,4.336224149432955,81.38759172781855,36.357571714476315
1258,213.1420947298199,291.1941294196131,303.53569046030685,119.74649766511007
1259,443.9626417611741,269.5130086724483,41.36090727151434,482.6551034022682
1260,406.27084723148766,383.58905937291524,474.3162108072048,78.38559039359573
1261,386.25750500333555,171.447631754503,419.2795196797865,194.46297531687793
1262,428.95263509006,298.1987991994663,149.09939959973315,369.24616410940627
1263,467.97865243495664,136.4242828552368,120.74716477651768,161.44096064042694
1264,266.844563042028,470.98065376917947,392.92861907938624,260.8405603735824
1265,53.3689126084056,299.866577718479,185.45697131420948,187.79186124082722
1266,318.8792528352235,451.96797865243497,24.68312208138759,309.20613742495
1267,395.59706470980655,424.28285523682456,147.43162108072048,301.8679119412942
1268,273.84923282188123,463.6424282855237,308.5390260173449,242.49499666444297
1269,435.9573048699133,489.6597731821214,278.8525683789193,16.344229486324217
1270,292.5283522348232,127.41827885256838,351.5677118078719,480.653769179453
1271,304.53635757171446,83.38892595063375,475.65043362241494,254.1694462975317
1272,50.70046697798532,36.69112741827885,409.2728485657105,189.79319546364243
1273,489.3262174783189,458.30553702468313,309.873248832555,121.08072048032021
1274,169.77985323549032,467.97865243495664,108.07204803202134,364.9099399599733
1275,378.58572381587726,184.12274849899933,191.79452968645762,373.91594396264173
1276,416.9446297531688,74.04936624416277,468.6457638425617,164.44296197464976
1277,485.65710473649096,365.5770513675784,463.3088725817211,308.2054703135424
1278,34.356237491661105,257.83855903935955,131.4209472981988,269.84656437625085
1279,195.4636424282855,2.66844563042028,41.694462975316874,451.6344229486324
1280,455.3035356904603,211.4743162108072,335.5570380253502,441.29419613075385
1281,381.2541694462975,105.40360240160106,304.53635757171446,126.41761174116077
1282,17.678452301534357,142.42828552368246,408.6057371581054,91.72781854569713
1283,50.36691127418279,460.64042695130087,390.5937291527685,482.3215476984656
1284,134.42294863242162,35.023348899266175,483.9893262174783,294.86324216144095
1285,498.6657771847899,477.65176784523015,405.6037358238826,202.13475650433622
1286,69.04603068712476,47.36490993995997,277.51834556370915,489.6597731821214
1287,485.99066044029354,40.360240160106734,140.0933955970647,274.84989993328884
1288,374.2494996664443,29.686457638425615,406.6044029352902,210.14009339559706
1289,451.96797865243497,290.1934623082055,2.0013342228152102,415.61040693795866
1290,2.66844563042028,396.59773182121415,310.87391594396263,154.76984656437625
1291,338.2254836557705,64.37625083388926,146.43095396931287,419.2795196797865
1292,461.30753835890596,375.58372248165443,226.15076717811874,70.3802535023349
1293,353.5690460306871,472.3148765843896,444.6297531687792,59.37291527685123
1294,150.76717811874582,38.358905937291524,223.815877251501,310.2068045363576
1295,84.38959306204136,484.98999332888593,186.45763842561706,365.5770513675784
1296,298.8659106070714,437.9586390927285,366.24416277518344,426.6177451634423
1297,448.6324216144096,74.71647765176785,119.74649766511007,29.019346230820545
1298,293.5290193462308,0.333555703802535,7.33822548365577,412.94196130753835
1299,484.65643762508336,80.38692461641094,362.241494329553,401.60106737825214
1300,207.80520346897933,311.87458305537024,476.31754503002,51.36757838559039
1301,115.07671781187459,237.82521681120747,282.1881254169446,314.54302868579055
1302,441.29419613075385,224.14943295530352,398.59906604402937,317.2114743162108
1303,87.39159439626418,493.99599733155435,393.2621747831888,420.9472981987992
1304,50.03335557038025,369.91327551701136,64.70980653769179,318.2121414276184
1305,157.43829219479653,197.1314209472982,403.93595730486993,356.2374916611074
1306,213.4756504336224,483.9893262174783,351.23415610406937,325.21681120747166
1307,290.527018012008,296.1974649766511,24.01601067378252,172.78185456971315
1308,483.6557705136758,195.79719813208806,124.7498332221481,276.51767845230154
1309,183.45563709139427,471.9813208805871,203.46897931954635,313.87591727818545
1310,309.5396931287525,370.5803869246164,450.63375583722484,389.2595063375584
1311,162.7751834556371,71.04736490993996,376.91794529686456,146.09739826551035
1312,465.6437625083389,259.50633755837225,92.06137424949966,209.13942628418945
1313,390.5937291527685,33.689126084056035,434.2895263509006,487.99199466310876
1314,48.69913275517011,266.844563042028,306.8712474983322,213.1420947298199
1315,134.08939292861908,242.82855236824548,74.04936624416277,308.5390260173449
1316,318.2121414276184,3.33555703802535,494.99666444296196,328.552368245497
1317,481.9879919946631,55.03669112741828,469.31287525016677,98.39893262174783
1318,219.81320880587057,202.13475650433622,191.12741827885256,350.90060040026685
1319,154.4362908605737,112.40827218145431,412.27484989993326,343.8959306204136
1320,62.04136090727151,91.06070713809206,328.552368245497,219.81320880587057
1321,382.5883922615077,23.682454969979986,78.05203468979319,391.2608405603736
1322,408.2721814543029,240.1601067378252,139.42628418945964,291.8612408272181
1323,202.8018679119413,362.5750500333556,492.3282188125417,247.16477651767846
1324,47.69846564376251,131.4209472981988,368.24549699799866,314.87658438959306
1325,250.5003335557038,194.46297531687793,85.7238158772515,268.17878585723815
1326,327.2181454302869,128.41894596397597,98.39893262174783,324.21614409606406
1327,65.7104736490994,38.69246164109406,128.75250166777852,4.0026684456304205
1328,294.52968645763843,166.7778519012675,209.472981987992,372.5817211474316
1329,93.06204136090727,337.891927951968,222.14809873248834,29.686457638425615
1330,97.73182121414276,241.8278852568379,151.10073382254836,402.60173448965975
1331,468.31220813875916,318.5456971314209,448.96597731821214,393.2621747831888
1332,133.422281521014,338.89259506337555,256.83789192795194,214.1427618412275
1333,40.69379586390927,173.4489659773182,237.49166110740492,469.97998665777186
1334,402.60173448965975,419.9466310873916,380.5870580386925,493.99599733155435
1335,67.37825216811207,432.28819212808537,187.45830553702467,177.1180787191461
1336,278.51901267511676,151.4342895263509,69.71314209472982,380.5870580386925
1337,82.05470313542361,68.37891927951968,303.20213475650434,439.95997331554366
1338,487.6584389593062,244.49633088725818,429.95330220146764,458.63909272848565
1339,482.9886591060707,392.2615076717812,149.76651100733824,467.97865243495664
1340,384.58972648432285,175.45030020013343,67.04469646430954,355.5703802535023
1341,128.08539026017345,474.98332221480985,34.68979319546364,360.9072715143429
1342,453.3022014676451,299.5330220146765,319.54636424282853,124.7498332221481
1343,284.8565710473649,125.7505003335557,496.3308872581721,378.58572381587726
1344,73.04869913275517,230.82054703135424,218.1454302868579,144.42961974649765
1345,213.80920613742495,319.8799199466311,485.65710473649096,217.81187458305536
1346,0.333555703802535,497.9986657771848,378.9192795196798,143.09539693128752
1347,37.35823882588392,128.75250166777852,369.24616410940627,30.68712474983322
1348,232.82188125416945,66.04402935290193,311.87458305537024,240.1601067378252
1349,490.660440293529,350.23348899266176,137.0913942628419,314.209472981988
1350,317.2114743162108,196.79786524349566,161.44096064042694,135.09006004002669
1351,457.63842561707804,173.11541027351566,197.79853235490327,205.13675783855905
1352,430.6204136090727,444.2961974649767,139.75983989326218,64.04269513008673
1353,464.6430953969313,328.21881254169443,212.80853902601734,427.9519679786524
1354,147.09806537691793,143.09539693128752,329.88659106070713,279.51967978652436
1355,378.9192795196798,361.2408272181454,488.99266177451636,362.5750500333556
1356,418.945963975984,69.04603068712476,283.1887925283522,277.51834556370915
1357,221.14743162108073,163.7758505670447,242.16144096064042,305.8705803869246
1358,470.98065376917947,460.9739826551034,143.42895263509007,475.98398932621745
1359,419.2795196797865,263.8425617078052,334.8899266177452,479.65310206804537
1360,456.3042028018679,264.1761174116077,484.32288192128084,333.555703802535
1361,105.7371581054036,336.2241494329553,286.19079386257505,285.52368245496996
1362,216.14409606404269,395.59706470980655,392.2615076717812,190.12675116744495
1363,236.49099399599734,395.26350900600397,173.11541027351566,313.20880587058036
1364,427.6184122748499,311.20747164776515,424.6164109406271,92.06137424949966
1365,324.21614409606406,463.3088725817211,495.66377585056705,366.24416277518344
1366,209.13942628418945,426.9513008672448,34.02268178785857,156.77118078719147
1367,210.80720480320213,27.685123415610406,466.31087391594394,295.86390927284856
1368,435.6237491661107,289.5263509006004,486.32421614409606,231.15410273515675
1369,416.2775183455637,100.73382254836558,421.28085390260173,392.92861907938624
1370,63.04202801867912,6.6711140760507,148.09873248832554,304.53635757171446
1371,418.2788525683789,475.98398932621745,430.6204136090727,62.70847231487658
1372,457.3048699132755,249.16611074049365,377.58505670446965,95.73048699132755
1373,451.6344229486324,282.8552368245497,318.8792528352235,345.8972648432288
1374,493.66244162775183,348.5657104736491,151.76784523015343,56.37091394262842
1375,474.64976651100733,369.24616410940627,194.46297531687793,378.9192795196798
1376,265.17678452301533,324.5496997998666,451.96797865243497,259.83989326217477
1377,215.14342895263508,384.58972648432285,6.00400266844563,300.2001334222815
1378,337.5583722481654,294.52968645763843,397.2648432288192,446.29753168779183
1379,185.45697131420948,366.24416277518344,0.0,404.93662441627754
1380,227.15143428952635,52.03468979319546,42.02801867911941,179.78652434956638
1381,192.4616410940627,265.5103402268179,452.3015343562375,231.4876584389593
1382,369.91327551701136,295.53035356904604,302.2014676450967,331.22081387591726
1383,422.28152101400934,431.62108072048034,491.6611074049366,216.81120747164778
1384,394.59639759839894,12.67511674449633,132.08805870580386,284.8565710473649
1385,174.78318879252836,132.08805870580386,354.9032688458973,70.04669779853235
1386,353.2354903268846,374.2494996664443,60.70713809206137,357.238158772515
1387,180.12008005336892,171.78118745830554,272.8485657104736,478.31887925283525
1388,398.2655103402268,436.2908605737158,285.19012675116744,312.87525016677785
1389,249.4996664442962,245.8305537024683,184.12274849899933,476.31754503002
1390,475.65043362241494,189.79319546364243,272.1814543028686,24.349566377585056
1391,161.44096064042694,152.76851234156103,455.9706470980654,227.4849899933289
1392,31.687791861240825,315.54369579719815,77.38492328218813,6.00400266844563
1393,340.22681787858573,26.01734489659773,127.08472314876585,127.41827885256838
1394,187.79186124082722,292.86190793862573,462.3082054703135,22.348232154769846
1395,421.61440960640425,352.234823215477,205.8038692461641,178.78585723815877
1396,247.49833222148098,302.2014676450967,105.7371581054036,112.74182788525684
1397,287.85857238158775,9.33955970647098,234.48965977318213,45.6971314209473
1398,297.1981320880587,343.5623749166111,113.4089392928619,382.9219479653102
1399,346.2308205470313,153.10206804536358,200.46697798532355,236.1574382921948
1400,68.71247498332221,126.7511674449633,288.19212808539027,410.6070713809206
1401,130.75383589059373,315.87725150100067,297.1981320880587,171.447631754503
1402,264.8432288192128,416.9446297531688,134.42294863242162,459.63975983989326
1403,290.1934623082055,254.1694462975317,184.7898599066044,419.61307538358903
1404,132.4216144096064,238.49232821881253,386.59106070713807,68.71247498332221
1405,255.50366911274182,94.72981987991994,404.60306871247496,459.9733155436958
1406,472.3148765843896,228.81921280853902,492.99533022014674,330.5537024683122
1407,413.94262841894596,234.48965977318213,441.9613075383589,37.691794529686454
1408,342.895263509006,431.28752501667776,16.010673782521682,306.5376917945297
1409,214.1427618412275,101.73448965977317,332.55503669112744,153.76917945296864
1410,204.13609072715144,69.71314209472982,233.48899266177452,55.03669112741828
1411,320.2134756504336,381.2541694462975,217.47831887925284,199.1327551701134
1412,241.8278852568379,157.77184789859908,249.4996664442962,473.6490993995997
1413,227.8185456971314,7.004669779853235,438.292194796531,166.7778519012675
1414,32.688458972648434,234.82321547698464,47.03135423615744,442.628418945964
1415,268.17878585723815,295.19679786524347,288.8592394929953,169.11274182788526
1416,135.42361574382923,133.422281521014,250.83388925950632,316.5443629086057
1417,167.4449633088726,305.8705803869246,30.68712474983322,166.11074049366243
1418,357.238158772515,174.44963308872582,146.7645096731154,305.53702468312207
1419,352.234823215477,346.8979319546364,120.41360907271515,152.76851234156103
1420,309.873248832555,63.70913942628419,467.97865243495664,337.2248165443629
1421,259.83989326217477,243.49566377585057,94.06270847231488,267.51167444963306
1422,66.711140760507,449.29953302201466,243.16210807204803,260.17344896597734
1423,44.69646430953969,421.9479653102068,87.05803869246164,84.05603735823883
1424,350.5670446964643,161.10740493662442,259.83989326217477,474.64976651100733
1425,13.3422281521014,305.20346897931955,190.79386257505004,116.74449633088726
1426,339.2261507671781,406.6044029352902,71.04736490993996,286.19079386257505
1427,76.71781187458305,92.3949299533022,428.6190793862575,121.41427618412274
1428,126.08405603735824,329.5530353569046,370.2468312208139,152.43495663775852
1429,96.06404269513008,12.00800533689126,461.6410940627085,190.79386257505004
1430,139.42628418945964,415.2768512341561,316.8779186124083,159.77318212141427
1431,130.4202801867912,111.4076050700467,115.41027351567712,371.581054036024
1432,197.46497665110073,190.4603068712475,395.26350900600397,266.17745163442294
1433,387.5917278185457,331.22081387591726,64.37625083388926,318.8792528352235
1434,362.241494329553,484.32288192128084,284.52301534356235,99.39959973315544
1435,215.81054036024017,483.32221480987323,192.79519679786523,433.288859239493
1436,384.25617078052034,195.130086724483,25.016677785190126,8.67244829886591
1437,455.9706470980654,137.75850567044697,476.65110073382255,229.15276851234157
1438,173.4489659773182,155.43695797198131,257.1714476317545,485.32354903268845
1439,21.34756504336224,449.96664442961975,179.78652434956638,401.9346230820547
1440,4.66977985323549,335.8905937291528,115.74382921947965,110.07338225483656
1441,393.59573048699133,224.81654436290862,43.69579719813209,429.28619079386254
1442,354.9032688458973,121.41427618412274,59.37291527685123,427.2848565710474
1443,164.10940627084722,285.19012675116744,168.11207471647765,76.38425617078052
1444,126.41761174116077,149.09939959973315,177.45163442294864,25.35023348899266
1445,62.37491661107405,489.9933288859239,77.0513675783856,34.356237491661105
1446,254.5030020013342,288.5256837891928,135.09006004002669,151.4342895263509
1447,72.04803202134757,415.61040693795866,201.46764509673116,121.74783188792529
1448,263.8425617078052,119.74649766511007,498.6657771847899,18.345563709139427
1449,358.90593729152766,5.33689126084056,8.338892595063376,413.60907271514344
1450,292.86190793862573,418.945963975984,219.47965310206806,300.533689126084
1451,112.40827218145431,378.9192795196798,175.45030020013343,229.81987991994663
1452,239.82655103402269,356.57104736490993,186.12408272181455,381.2541694462975
1453,98.39893262174783,415.9439626417612,57.70513675783856,275.85056704469645
1454,338.89259506337555,98.0653769179453,145.7638425617078,202.46831220813877
1455,425.28352234823217,196.1307538358906,110.40693795863909,134.75650433622414
1456,151.76784523015343,427.2848565710474,482.6551034022682,297.53168779186126
1457,431.62108072048034,490.9939959973315,484.98999332888593,364.5763842561708
1458,271.847898599066,27.018012008005336,114.07605070046698,177.78519012675116
1459,89.72648432288192,492.3282188125417,441.62775183455636,191.4609739826551
1460,331.88792528352235,223.815877251501,343.8959306204136,256.1707805203469
1461,67.04469646430954,472.6484322881921,362.9086057371581,130.4202801867912
1462,53.70246831220814,141.76117411607737,159.77318212141427,53.3689126084056
1463,243.16210807204803,178.1187458305537,242.49499666444297,67.71180787191462
1464,133.75583722481653,351.5677118078719,160.44029352901936,113.07538358905937
1465,234.15610406937958,253.5023348899266,325.5503669112742,454.6364242828552
1466,376.58438959306204,275.1834556370914,491.99466310873913,279.1861240827218
1467,188.45897264843228,491.99466310873913,449.29953302201466,295.53035356904604
1468,471.314209472982,44.02935290193462,408.2721814543029,129.08605737158106
1469,340.56037358238825,2.0013342228152102,337.5583722481654,410.2735156771181
1470,341.8945963975984,233.15543695797197,433.288859239493,324.8832555036691
1471,470.6470980653769,140.42695130086724,442.628418945964,486.99132755170115
1472,368.24549699799866,63.37558372248165,449.63308872581723,332.88859239492996
1473,68.37891927951968,118.41227484989993,220.14676450967312,300.8672448298866
1474,11.34089392928619,397.9319546364243,164.44296197464976,289.1927951967979
1475,258.50567044696464,456.3042028018679,259.50633755837225,307.5383589059373
1476,169.44629753168778,185.45697131420948,352.90193462308207,467.31154102735155
1477,483.9893262174783,120.74716477651768,89.05937291527685,51.70113408939293
1478,318.5456971314209,260.17344896597734,143.7625083388926,228.15210140093396
1479,463.6424282855237,271.847898599066,293.5290193462308,329.88659106070713
1480,30.353569046030685,190.12675116744495,361.9079386257505,384.25617078052034
1481,454.6364242828552,117.41160773849232,158.77251501000666,20.0133422281521
1482,299.1994663108739,30.353569046030685,346.5643762508339,415.2768512341561
1483,188.12541694462976,397.2648432288192,231.4876584389593,225.8172114743162
1484,456.63775850567043,111.74116077384923,426.2841894596398,64.70980653769179
1485,258.83922615076716,390.260173448966,383.58905937291524,79.38625750500333
1486,80.38692461641094,71.71447631754504,171.11407605070048,168.11207471647765
1487,4.336224149432955,428.6190793862575,329.21947965310204,20.346897931954636
1488,105.07004669779853,437.62508338892593,22.348232154769846,127.75183455637091
1489,200.133422281521,13.008672448298865,13.3422281521014,464.3095396931287
1490,129.08605737158106,499.3328885923949,73.71581054036024,245.16344229486324
1491,432.62174783188794,448.96597731821214,111.07404936624417,447.29819879919944
1492,55.37024683122081,232.4883255503669,333.555703802535,219.1460973982655
1493,280.1867911941294,38.02535023348899,273.5156771180787,263.5090060040027
1494,6.6711140760507,116.07738492328218,408.9392928619079,285.85723815877253
1495,215.47698465643762,105.7371581054036,29.35290193462308,123.41561040693796
1496,384.9232821881254,74.38292194796531,273.1821214142762,131.75450300200134
1497,277.1847898599066,441.62775183455636,466.6444296197465,400.60040026684453
1498,422.61507671781186,354.5697131420947,224.14943295530352,171.11407605070048
1499,187.45830553702467,379.2528352234823,106.40426951300867,197.46497665110073
1500,319.212808539026,197.46497665110073,88.05870580386924,453.3022014676451
