student_id,college_id,subject_id,rank,score
1,8,1,1,497.9986657771848
1,3,1,2,497.9986657771848
1,9,3,3,392.5950633755837
1,17,4,4,376.58438959306204
1,18,4,5,376.58438959306204
1,11,3,6,392.5950633755837
1,2,4,7,376.58438959306204
1,4,3,8,392.5950633755837
1,12,3,9,392.5950633755837
1,1,3,10,392.5950633755837
2,10,2,1,351.23415610406937
2,7,1,2,385.59039359573046
2,8,1,3,385.59039359573046
2,15,4,4,283.1887925283522
2,18,4,5,283.1887925283522
2,13,3,6,183.12208138759172
2,1,3,7,183.12208138759172
2,5,3,8,183.12208138759172
2,14,3,9,183.12208138759172
3,4,3,1,420.9472981987992
3,9,3,2,420.9472981987992
3,12,3,3,420.9472981987992
3,18,4,4,198.46564376250834
3,13,3,5,420.9472981987992
4,17,4,1,211.4743162108072
4,1,3,2,239.49299533022014
4,7,1,3,187.12474983322215
4,18,4,4,211.4743162108072
4,3,1,5,187.12474983322215
4,10,2,6,144.09606404269513
4,2,4,7,211.4743162108072
4,12,3,8,239.49299533022014
5,19,4,1,181.1207471647765
5,17,4,2,181.1207471647765
5,11,3,3,311.20747164776515
5,12,3,4,311.20747164776515
5,15,4,5,181.1207471647765
5,4,3,6,311.20747164776515
5,6,4,7,181.1207471647765
6,8,1,1,194.12941961307538
6,9,3,2,160.1067378252168
6,11,3,3,160.1067378252168
6,14,3,4,160.1067378252168
6,13,3,5,160.1067378252168
6,15,4,6,359.23949299533024
7,16,1,1,7.004669779853235
7,18,4,2,125.41694462975316
7,3,1,3,7.004669779853235
7,17,4,4,125.41694462975316
7,11,3,5,7.671781187458305
7,7,1,6,7.004669779853235
7,19,4,7,125.41694462975316
8,8,1,1,440.9606404269513
8,16,1,2,440.9606404269513
8,1,3,3,116.41094062708473
8,19,4,4,340.56037358238825
8,12,3,5,116.41094062708473
8,3,1,6,440.9606404269513
8,9,3,7,116.41094062708473
8,2,4,8,340.56037358238825
8,13,3,9,116.41094062708473
8,14,3,10,116.41094062708473
9,18,4,1,283.52234823215474
9,4,3,2,356.57104736490993
9,15,4,3,283.52234823215474
9,5,3,4,356.57104736490993
9,13,3,5,356.57104736490993
9,1,3,6,356.57104736490993
9,9,3,7,356.57104736490993
9,17,4,8,283.52234823215474
9,11,3,9,356.57104736490993
10,3,1,1,440.29352901934624
10,17,4,2,471.6477651767845
10,20,3,3,236.49099399599734
10,13,3,4,236.49099399599734
10,10,2,5,245.49699799866576
10,4,3,6,236.49099399599734
10,7,1,7,440.29352901934624
10,6,4,8,471.6477651767845
10,15,4,9,471.6477651767845
11,20,3,1,424.28285523682456
11,3,1,2,432.95530353569046
11,12,3,3,424.28285523682456
11,2,4,4,207.13809206137424
11,17,4,5,207.13809206137424
11,8,1,6,432.95530353569046
11,18,4,7,207.13809206137424
12,6,4,1,251.83455637091393
12,9,3,2,263.5090060040027
12,13,3,3,263.5090060040027
12,19,4,4,251.83455637091393
12,17,4,5,251.83455637091393
12,15,4,6,251.83455637091393
12,12,3,7,263.5090060040027
12,7,1,8,189.12608405603734
12,14,3,9,263.5090060040027
13,11,3,1,43.02868579052702
13,8,1,2,472.6484322881921
13,3,1,3,472.6484322881921
13,20,3,4,43.02868579052702
13,1,3,5,43.02868579052702
14,2,4,1,462.6417611741161
14,20,3,2,221.14743162108073
14,19,4,3,462.6417611741161
14,3,1,4,105.40360240160106
14,8,1,5,105.40360240160106
15,18,4,1,402.26817878585723
15,20,3,2,247.16477651767846
15,4,3,3,247.16477651767846
15,16,1,4,10.00667111407605
15,7,1,5,10.00667111407605
15,13,3,6,247.16477651767846
15,5,3,7,247.16477651767846
16,2,4,1,230.15343562374917
16,7,1,2,176.45096731154104
16,4,3,3,43.36224149432955
16,20,3,4,43.36224149432955
16,14,3,5,43.36224149432955
16,15,4,6,230.15343562374917
16,1,3,7,43.36224149432955
17,2,4,1,91.06070713809206
17,14,3,2,13.675783855903935
17,6,4,3,91.06070713809206
17,4,3,4,13.675783855903935
17,9,3,5,13.675783855903935
17,8,1,6,102.06804536357572
17,15,4,7,91.06070713809206
17,5,3,8,13.675783855903935
17,20,3,9,13.675783855903935
18,19,4,1,483.9893262174783
18,13,3,2,350.90060040026685
18,15,4,3,483.9893262174783
18,7,1,4,281.187458305537
18,16,1,5,281.187458305537
18,14,3,6,350.90060040026685
19,16,1,1,110.74049366244162
19,17,4,2,229.48632421614408
19,14,3,3,367.24482988659105
19,4,3,4,367.24482988659105
19,5,3,5,367.24482988659105
19,15,4,6,229.48632421614408
19,10,2,7,14.67645096731154
20,19,4,1,12.00800533689126
20,16,1,2,428.285523682455
20,17,4,3,12.00800533689126
20,6,4,4,12.00800533689126
20,2,4,5,12.00800533689126
21,4,3,1,202.13475650433622
21,3,1,2,159.43962641761175
21,14,3,3,202.13475650433622
21,13,3,4,202.13475650433622
21,1,3,5,202.13475650433622
21,19,4,6,185.790527018012
21,10,2,7,446.9646430953969
21,15,4,8,185.790527018012
21,8,1,9,159.43962641761175
22,6,4,1,398.2655103402268
22,13,3,2,19.679786524349566
22,9,3,3,19.679786524349566
22,20,3,4,19.679786524349566
22,19,4,5,398.2655103402268
22,15,4,6,398.2655103402268
22,5,3,7,19.679786524349566
22,16,1,8,161.10740493662442
22,11,3,9,19.679786524349566
22,8,1,10,161.10740493662442
23,3,1,1,205.13675783855905
23,5,3,2,297.8652434956638
23,12,3,3,297.8652434956638
23,9,3,4,297.8652434956638
23,19,4,5,334.2228152101401
23,6,4,6,334.2228152101401
23,17,4,7,334.2228152101401
23,8,1,8,205.13675783855905
23,16,1,9,205.13675783855905
24,17,4,1,261.1741160773849
24,4,3,2,23.015343562374916
24,18,4,3,261.1741160773849
24,19,4,4,261.1741160773849
24,9,3,5,23.015343562374916
24,3,1,6,158.1054036024016
24,5,3,7,23.015343562374916
24,12,3,8,23.015343562374916
24,20,3,9,23.015343562374916
24,15,4,10,261.1741160773849
25,1,3,1,260.8405603735824
25,11,3,2,260.8405603735824
25,14,3,3,260.8405603735824
25,2,4,4,84.72314876584389
25,9,3,5,260.8405603735824
26,16,1,1,91.72781854569713
26,1,3,2,295.19679786524347
26,9,3,3,295.19679786524347
26,4,3,4,295.19679786524347
26,18,4,5,456.63775850567043
26,12,3,6,295.19679786524347
26,3,1,7,91.72781854569713
26,15,4,8,456.63775850567043
26,14,3,9,295.19679786524347
27,11,3,1,128.08539026017345
27,19,4,2,130.08672448298867
27,12,3,3,128.08539026017345
27,2,4,4,130.08672448298867
27,7,1,5,446.6310873915944
27,8,1,6,446.6310873915944
27,20,3,7,128.08539026017345
28,20,3,1,373.5823882588392
28,11,3,2,373.5823882588392
28,14,3,3,373.5823882588392
28,6,4,4,417.2781854569713
28,1,3,5,373.5823882588392
28,13,3,6,373.5823882588392
29,6,4,1,488.3255503669113
29,8,1,2,146.43095396931287
29,15,4,3,488.3255503669113
29,13,3,4,217.81187458305536
29,5,3,5,217.81187458305536
29,2,4,6,488.3255503669113
29,16,1,7,146.43095396931287
29,7,1,8,146.43095396931287
30,17,4,1,182.1214142761841
30,13,3,2,453.9693128752502
30,12,3,3,453.9693128752502
30,11,3,4,453.9693128752502
30,9,3,5,453.9693128752502
31,13,3,1,154.1027351567712
31,16,1,2,437.62508338892593
31,9,3,3,154.1027351567712
31,4,3,4,154.1027351567712
31,6,4,5,27.018012008005336
31,12,3,6,154.1027351567712
31,14,3,7,154.1027351567712
31,2,4,8,27.018012008005336
31,7,1,9,437.62508338892593
32,14,3,1,237.1581054036024
32,18,4,2,358.57238158772515
32,12,3,3,237.1581054036024
32,7,1,4,430.28685790527015
32,17,4,5,358.57238158772515
33,12,3,1,322.21480987324884
33,4,3,2,322.21480987324884
33,14,3,3,322.21480987324884
33,9,3,4,322.21480987324884
33,10,2,5,396.2641761174116
33,5,3,6,322.21480987324884
33,6,4,7,266.844563042028
33,7,1,8,127.75183455637091
33,19,4,9,266.844563042028
33,17,4,10,266.844563042028
34,16,1,1,313.87591727818545
34,10,2,2,223.48232154769846
34,14,3,3,458.30553702468313
34,11,3,4,458.30553702468313
34,15,4,5,50.70046697798532
34,7,1,6,313.87591727818545
34,8,1,7,313.87591727818545
35,20,3,1,372.2481654436291
35,14,3,2,372.2481654436291
35,4,3,3,372.2481654436291
35,18,4,4,96.06404269513008
35,10,2,5,419.2795196797865
35,13,3,6,372.2481654436291
35,3,1,7,33.022014676450965
35,17,4,8,96.06404269513008
35,5,3,9,372.2481654436291
35,11,3,10,372.2481654436291
36,7,1,1,399.2661774516344
36,16,1,2,399.2661774516344
36,18,4,3,288.8592394929953
36,19,4,4,288.8592394929953
36,13,3,5,262.8418945963976
36,3,1,6,399.2661774516344
36,4,3,7,262.8418945963976
36,14,3,8,262.8418945963976
37,18,4,1,379.2528352234823
37,5,3,2,403.60240160106736
37,8,1,3,326.2174783188793
37,4,3,4,403.60240160106736
37,15,4,5,379.2528352234823
38,9,3,1,349.5663775850567
38,4,3,2,349.5663775850567
38,15,4,3,346.5643762508339
38,20,3,4,349.5663775850567
38,16,1,5,427.9519679786524
38,6,4,6,346.5643762508339
38,13,3,7,349.5663775850567
38,11,3,8,349.5663775850567
38,5,3,9,349.5663775850567
39,5,3,1,159.43962641761175
39,9,3,2,159.43962641761175
39,19,4,3,362.241494329553
39,17,4,4,362.241494329553
39,3,1,5,127.41827885256838
39,11,3,6,159.43962641761175
40,19,4,1,4.336224149432955
40,11,3,2,385.25683789192794
40,15,4,3,4.336224149432955
40,20,3,4,385.25683789192794
40,14,3,5,385.25683789192794
41,20,3,1,396.59773182121415
41,1,3,2,396.59773182121415
41,6,4,3,392.2615076717812
41,7,1,4,160.77384923282187
41,13,3,5,396.59773182121415
41,19,4,6,392.2615076717812
41,18,4,7,392.2615076717812
41,16,1,8,160.77384923282187
41,5,3,9,396.59773182121415
42,15,4,1,273.5156771180787
42,13,3,2,252.16811207471648
42,6,4,3,273.5156771180787
42,10,2,4,88.05870580386924
42,11,3,5,252.16811207471648
42,1,3,6,252.16811207471648
42,5,3,7,252.16811207471648
42,9,3,8,252.16811207471648
43,15,4,1,326.5510340226818
43,13,3,2,176.45096731154104
43,19,4,3,326.5510340226818
43,2,4,4,326.5510340226818
43,9,3,5,176.45096731154104
43,6,4,6,326.5510340226818
44,1,3,1,165.77718478985992
44,16,1,2,7.671781187458305
44,12,3,3,165.77718478985992
44,19,4,4,298.1987991994663
44,9,3,5,165.77718478985992
44,3,1,6,7.671781187458305
44,14,3,7,165.77718478985992
45,20,3,1,11.007338225483656
45,8,1,2,299.5330220146765
45,1,3,3,11.007338225483656
45,5,3,4,11.007338225483656
45,7,1,5,299.5330220146765
46,12,3,1,57.03802535023349
46,19,4,2,96.39759839893262
46,13,3,3,57.03802535023349
46,10,2,4,5.670446964643095
46,6,4,5,96.39759839893262
46,7,1,6,138.75917278185457
46,17,4,7,96.39759839893262
46,9,3,8,57.03802535023349
46,15,4,9,96.39759839893262
47,14,3,1,97.06470980653769
47,16,1,2,16.344229486324217
47,4,3,3,97.06470980653769
47,8,1,4,16.344229486324217
47,7,1,5,16.344229486324217
47,10,2,6,497.66511007338227
47,11,3,7,97.06470980653769
47,3,1,8,16.344229486324217
48,12,3,1,2.66844563042028
48,15,4,2,358.23882588392263
48,7,1,3,428.6190793862575
48,2,4,4,358.23882588392263
48,1,3,5,2.66844563042028
48,3,1,6,428.6190793862575
48,11,3,7,2.66844563042028
48,17,4,8,358.23882588392263
48,8,1,9,428.6190793862575
48,14,3,10,2.66844563042028
49,9,3,1,316.5443629086057
49,14,3,2,316.5443629086057
49,2,4,3,480.3202134756504
49,20,3,4,316.5443629086057
49,8,1,5,354.5697131420947
49,11,3,6,316.5443629086057
49,19,4,7,480.3202134756504
49,5,3,8,316.5443629086057
50,6,4,1,493.66244162775183
50,7,1,2,250.83388925950632
50,5,3,3,314.54302868579055
50,11,3,4,314.54302868579055
50,16,1,5,250.83388925950632
50,13,3,6,314.54302868579055
50,19,4,7,493.66244162775183
50,12,3,8,314.54302868579055
51,14,3,1,189.79319546364243
51,16,1,2,171.11407605070048
51,8,1,3,171.11407605070048
51,18,4,4,356.57104736490993
51,20,3,5,189.79319546364243
52,8,1,1,73.3822548365577
52,9,3,2,77.71847898599066
52,13,3,3,77.71847898599066
52,18,4,4,174.44963308872582
52,10,2,5,333.88925950633757
52,20,3,6,77.71847898599066
52,12,3,7,77.71847898599066
53,8,1,1,182.7885256837892
53,4,3,2,249.16611074049365
53,10,2,3,374.91661107404934
53,2,4,4,470.98065376917947
53,9,3,5,249.16611074049365
53,7,1,6,182.7885256837892
53,6,4,7,470.98065376917947
54,5,3,1,104.40293529019345
54,4,3,2,104.40293529019345
54,7,1,3,333.88925950633757
54,19,4,4,319.8799199466311
54,20,3,5,104.40293529019345
54,17,4,6,319.8799199466311
54,10,2,7,107.07138092061375
55,11,3,1,38.69246164109406
55,20,3,2,38.69246164109406
55,18,4,3,280.520346897932
55,5,3,4,38.69246164109406
55,2,4,5,280.520346897932
55,10,2,6,382.2548365577051
55,14,3,7,38.69246164109406
56,8,1,1,114.07605070046698
56,11,3,2,333.2221480987325
56,5,3,3,333.2221480987325
56,2,4,4,100.0667111407605
56,6,4,5,100.0667111407605
56,16,1,6,114.07605070046698
56,14,3,7,333.2221480987325
56,15,4,8,100.0667111407605
57,5,3,1,202.8018679119413
57,2,4,2,385.59039359573046
57,10,2,3,180.12008005336892
57,19,4,4,385.59039359573046
57,3,1,5,179.45296864576383
57,8,1,6,179.45296864576383
58,12,3,1,72.04803202134757
58,2,4,2,106.40426951300867
58,16,1,3,207.13809206137424
58,15,4,4,106.40426951300867
58,14,3,5,72.04803202134757
58,10,2,6,499.6664442961975
58,17,4,7,106.40426951300867
58,19,4,8,106.40426951300867
59,6,4,1,334.5563709139426
59,18,4,2,334.5563709139426
59,3,1,3,422.9486324216144
59,1,3,4,307.20480320213477
59,14,3,5,307.20480320213477
59,8,1,6,422.9486324216144
60,18,4,1,134.08939292861908
60,10,2,2,34.02268178785857
60,3,1,3,204.8032021347565
60,20,3,4,464.9766511007338
60,8,1,5,204.8032021347565
60,15,4,6,134.08939292861908
61,16,1,1,383.2555036691127
61,17,4,2,449.63308872581723
61,5,3,3,70.04669779853235
61,1,3,4,70.04669779853235
61,9,3,5,70.04669779853235
61,19,4,6,449.63308872581723
61,8,1,7,383.2555036691127
61,13,3,8,70.04669779853235
61,3,1,9,383.2555036691127
62,9,3,1,194.79653102068045
62,2,4,2,335.5570380253502
62,11,3,3,194.79653102068045
62,4,3,4,194.79653102068045
62,14,3,5,194.79653102068045
62,1,3,6,194.79653102068045
62,19,4,7,335.5570380253502
62,3,1,8,287.19146097398266
63,8,1,1,226.8178785857238
63,14,3,2,294.86324216144095
63,16,1,3,226.8178785857238
63,6,4,4,158.43895930620414
63,9,3,5,294.86324216144095
63,15,4,6,158.43895930620414
63,18,4,7,158.43895930620414
63,7,1,8,226.8178785857238
63,2,4,9,158.43895930620414
64,3,1,1,79.71981320880587
64,18,4,2,227.15143428952635
64,5,3,3,444.9633088725817
64,6,4,4,227.15143428952635
64,15,4,5,227.15143428952635
64,13,3,6,444.9633088725817
64,2,4,7,227.15143428952635
65,13,3,1,178.1187458305537
65,11,3,2,178.1187458305537
65,12,3,3,178.1187458305537
65,8,1,4,41.027351567711804
65,16,1,5,41.027351567711804
65,17,4,6,170.44696464309538
65,7,1,7,41.027351567711804
65,2,4,8,170.44696464309538
66,5,3,1,326.8845897264843
66,6,4,2,386.25750500333555
66,1,3,3,326.8845897264843
66,9,3,4,326.8845897264843
66,18,4,5,386.25750500333555
66,16,1,6,448.29886591060705
66,14,3,7,326.8845897264843
66,7,1,8,448.29886591060705
66,8,1,9,448.29886591060705
66,4,3,10,326.8845897264843
67,17,4,1,109.73982655103403
67,8,1,2,25.35023348899266
67,14,3,3,276.85123415610406
67,7,1,4,25.35023348899266
67,3,1,5,25.35023348899266
67,9,3,6,276.85123415610406
67,20,3,7,276.85123415610406
67,16,1,8,25.35023348899266
67,18,4,9,109.73982655103403
68,10,2,1,46.36424282855237
68,16,1,2,228.81921280853902
68,20,3,3,143.09539693128752
68,5,3,4,143.09539693128752
68,15,4,5,32.021347565043364
69,12,3,1,373.91594396264173
69,10,2,2,257.50500333555703
69,13,3,3,373.91594396264173
69,7,1,4,491.99466310873913
69,16,1,5,491.99466310873913
69,15,4,6,41.694462975316874
69,18,4,7,41.694462975316874
69,4,3,8,373.91594396264173
69,11,3,9,373.91594396264173
70,17,4,1,226.8178785857238
70,15,4,2,226.8178785857238
70,14,3,3,99.0660440293529
70,8,1,4,366.91127418278853
70,2,4,5,226.8178785857238
70,11,3,6,99.0660440293529
70,4,3,7,99.0660440293529
70,5,3,8,99.0660440293529
71,16,1,1,17.011340893929287
71,3,1,2,17.011340893929287
71,9,3,3,298.53235490326887
71,13,3,4,298.53235490326887
71,11,3,5,298.53235490326887
72,18,4,1,214.47631754503
72,20,3,2,333.88925950633757
72,10,2,3,200.46697798532355
72,2,4,4,214.47631754503
72,8,1,5,23.34889926617745
72,12,3,6,333.88925950633757
72,14,3,7,333.88925950633757
72,7,1,8,23.34889926617745
72,3,1,9,23.34889926617745
73,5,3,1,421.9479653102068
73,10,2,2,335.2234823215477
73,19,4,3,85.39026017344897
73,14,3,4,421.9479653102068
73,12,3,5,421.9479653102068
74,6,4,1,210.4736490993996
74,13,3,2,213.4756504336224
74,8,1,3,221.48098732488324
74,15,4,4,210.4736490993996
74,3,1,5,221.48098732488324
74,16,1,6,221.48098732488324
75,16,1,1,80.0533689126084
75,9,3,2,147.76517678452302
75,1,3,3,147.76517678452302
75,8,1,4,80.0533689126084
75,15,4,5,499.6664442961975
75,10,2,6,31.020680453635755
75,2,4,7,499.6664442961975
75,6,4,8,499.6664442961975
76,4,3,1,148.76584389593063
76,20,3,2,148.76584389593063
76,5,3,3,148.76584389593063
76,8,1,4,41.36090727151434
76,13,3,5,148.76584389593063
76,10,2,6,327.2181454302869
76,16,1,7,41.36090727151434
76,12,3,8,148.76584389593063
77,12,3,1,462.6417611741161
77,18,4,2,18.67911941294196
77,19,4,3,18.67911941294196
77,5,3,4,462.6417611741161
77,16,1,5,403.93595730486993
77,4,3,6,462.6417611741161
77,11,3,7,462.6417611741161
77,10,2,8,183.45563709139427
77,8,1,9,403.93595730486993
78,12,3,1,243.8292194796531
78,18,4,2,364.2428285523682
78,10,2,3,467.64509673115407
78,5,3,4,243.8292194796531
78,4,3,5,243.8292194796531
78,7,1,6,248.16544362908604
78,11,3,7,243.8292194796531
78,20,3,8,243.8292194796531
78,3,1,9,248.16544362908604
79,5,3,1,105.07004669779853
79,4,3,2,105.07004669779853
79,11,3,3,105.07004669779853
79,15,4,4,117.74516344229487
79,3,1,5,345.8972648432288
79,13,3,6,105.07004669779853
79,19,4,7,117.74516344229487
80,9,3,1,321.21414276184123
80,18,4,2,19.34623082054703
80,12,3,3,321.21414276184123
80,15,4,4,19.34623082054703
80,4,3,5,321.21414276184123
81,20,3,1,47.69846564376251
81,16,1,2,484.98999332888593
81,1,3,3,47.69846564376251
81,11,3,4,47.69846564376251
81,8,1,5,484.98999332888593
82,4,3,1,91.72781854569713
82,14,3,2,91.72781854569713
82,18,4,3,223.815877251501
82,16,1,4,110.40693795863909
82,17,4,5,223.815877251501
82,19,4,6,223.815877251501
82,2,4,7,223.815877251501
82,8,1,8,110.40693795863909
82,5,3,9,91.72781854569713
82,13,3,10,91.72781854569713
83,6,4,1,390.260173448966
83,12,3,2,232.15476984656436
83,2,4,3,390.260173448966
83,4,3,4,232.15476984656436
83,14,3,5,232.15476984656436
83,16,1,6,171.447631754503
83,9,3,7,232.15476984656436
83,20,3,8,232.15476984656436
84,15,4,1,33.022014676450965
84,14,3,2,9.673115410273516
84,19,4,3,33.022014676450965
84,7,1,4,86.39092728485657
84,2,4,5,33.022014676450965
84,13,3,6,9.673115410273516
84,8,1,7,86.39092728485657
84,12,3,8,9.673115410273516
84,9,3,9,9.673115410273516
85,19,4,1,451.3008672448299
85,8,1,2,58.37224816544363
85,11,3,3,155.77051367578386
85,18,4,4,451.3008672448299
85,7,1,5,58.37224816544363
86,3,1,1,123.74916611074049
86,4,3,2,340.22681787858573
86,1,3,3,340.22681787858573
86,9,3,4,340.22681787858573
86,6,4,5,495.66377585056705
86,18,4,6,495.66377585056705
87,9,3,1,230.4869913275517
87,5,3,2,230.4869913275517
87,2,4,3,338.2254836557705
87,6,4,4,338.2254836557705
87,14,3,5,230.4869913275517
88,4,3,1,271.180787191461
88,10,2,2,15.677118078719145
88,12,3,3,271.180787191461
88,17,4,4,117.07805203468979
88,20,3,5,271.180787191461
88,18,4,6,117.07805203468979
88,9,3,7,271.180787191461
88,15,4,8,117.07805203468979
89,14,3,1,266.17745163442294
89,13,3,2,266.17745163442294
89,20,3,3,266.17745163442294
89,16,1,4,240.49366244162775
89,4,3,5,266.17745163442294
90,11,3,1,146.09739826551035
90,20,3,2,146.09739826551035
90,9,3,3,146.09739826551035
90,3,1,4,363.2421614409606
90,18,4,5,239.15943962641762
90,7,1,6,363.2421614409606
90,5,3,7,146.09739826551035
90,10,2,8,85.7238158772515
90,17,4,9,239.15943962641762
91,12,3,1,218.47898599066045
91,20,3,2,218.47898599066045
91,11,3,3,218.47898599066045
91,13,3,4,218.47898599066045
91,15,4,5,137.75850567044697
91,14,3,6,218.47898599066045
92,18,4,1,381.9212808539026
92,7,1,2,497.66511007338227
92,17,4,3,381.9212808539026
92,16,1,4,497.66511007338227
92,3,1,5,497.66511007338227
92,2,4,6,381.9212808539026
92,5,3,7,21.681120747164776
93,20,3,1,48.36557705136758
93,4,3,2,48.36557705136758
93,16,1,3,235.82388258839225
93,7,1,4,235.82388258839225
93,6,4,5,7.33822548365577
93,11,3,6,48.36557705136758
93,19,4,7,7.33822548365577
93,14,3,8,48.36557705136758
93,18,4,9,7.33822548365577
94,2,4,1,406.9379586390927
94,16,1,2,281.5210140093396
94,12,3,3,174.44963308872582
94,8,1,4,281.5210140093396
94,17,4,5,406.9379586390927
94,4,3,6,174.44963308872582
95,1,3,1,39.693128752501664
95,14,3,2,39.693128752501664
95,18,4,3,468.97931954636425
95,9,3,4,39.693128752501664
95,20,3,5,39.693128752501664
95,15,4,6,468.97931954636425
95,10,2,7,64.04269513008673
95,19,4,8,468.97931954636425
95,6,4,9,468.97931954636425
96,17,4,1,180.45363575717144
96,15,4,2,180.45363575717144
96,14,3,3,244.8298865910607
96,7,1,4,118.0787191460974
96,13,3,5,244.8298865910607
97,11,3,1,332.22148098732487
97,3,1,2,117.07805203468979
97,20,3,3,332.22148098732487
97,1,3,4,332.22148098732487
97,13,3,5,332.22148098732487
97,2,4,6,199.7998665777185
97,18,4,7,199.7998665777185
97,10,2,8,11.007338225483656
97,5,3,9,332.22148098732487
97,19,4,10,199.7998665777185
98,17,4,1,476.65110073382255
98,4,3,2,16.67778519012675
98,12,3,3,16.67778519012675
98,14,3,4,16.67778519012675
98,19,4,5,476.65110073382255
98,5,3,6,16.67778519012675
99,7,1,1,161.77451634422948
99,1,3,2,363.9092728485657
99,8,1,3,161.77451634422948
99,13,3,4,363.9092728485657
99,2,4,5,26.6844563042028
100,15,4,1,264.1761174116077
100,3,1,2,156.10406937958638
100,11,3,3,83.38892595063375
100,1,3,4,83.38892595063375
100,4,3,5,83.38892595063375
100,14,3,6,83.38892595063375
100,16,1,7,156.10406937958638
101,19,4,1,262.5083388925951
101,14,3,2,296.86457638425617
101,10,2,3,10.67378252168112
101,1,3,4,296.86457638425617
101,7,1,5,90.06004002668446
101,15,4,6,262.5083388925951
101,2,4,7,262.5083388925951
101,3,1,8,90.06004002668446
101,13,3,9,296.86457638425617
101,6,4,10,262.5083388925951
102,9,3,1,50.36691127418279
102,4,3,2,50.36691127418279
102,15,4,3,428.285523682455
102,12,3,4,50.36691127418279
102,2,4,5,428.285523682455
102,14,3,6,50.36691127418279
102,3,1,7,272.1814543028686
102,7,1,8,272.1814543028686
102,8,1,9,272.1814543028686
102,10,2,10,20.346897931954636
103,2,4,1,374.2494996664443
103,16,1,2,321.21414276184123
103,3,1,3,321.21414276184123
103,4,3,4,83.05537024683122
103,17,4,5,374.2494996664443
103,7,1,6,321.21414276184123
103,5,3,7,83.05537024683122
103,12,3,8,83.05537024683122
103,18,4,9,374.2494996664443
104,20,3,1,74.38292194796531
104,19,4,2,316.2108072048032
104,8,1,3,371.581054036024
104,17,4,4,316.2108072048032
104,15,4,5,316.2108072048032
104,3,1,6,371.581054036024
104,11,3,7,74.38292194796531
104,2,4,8,316.2108072048032
105,15,4,1,136.75783855903936
105,3,1,2,447.631754503002
105,1,3,3,263.1754503002001
105,20,3,4,263.1754503002001
105,17,4,5,136.75783855903936
105,16,1,6,447.631754503002
105,10,2,7,252.83522348232154
106,18,4,1,26.350900600400266
106,7,1,2,397.2648432288192
106,6,4,3,26.350900600400266
106,8,1,4,397.2648432288192
106,10,2,5,314.209472981988
106,15,4,6,26.350900600400266
106,19,4,7,26.350900600400266
106,2,4,8,26.350900600400266
107,2,4,1,192.12808539026017
107,6,4,2,192.12808539026017
107,17,4,3,192.12808539026017
107,16,1,4,135.09006004002669
107,10,2,5,330.88725817211474
107,15,4,6,192.12808539026017
107,8,1,7,135.09006004002669
107,3,1,8,135.09006004002669
107,9,3,9,251.16744496330887
108,11,3,1,84.05603735823883
108,4,3,2,84.05603735823883
108,15,4,3,354.5697131420947
108,10,2,4,474.64976651100733
108,12,3,5,84.05603735823883
108,18,4,6,354.5697131420947
108,13,3,7,84.05603735823883
108,3,1,8,142.42828552368246
108,5,3,9,84.05603735823883
108,20,3,10,84.05603735823883
109,13,3,1,319.212808539026
109,14,3,2,319.212808539026
109,10,2,3,331.55436957971983
109,20,3,4,319.212808539026
109,11,3,5,319.212808539026
109,3,1,6,122.08138759172782
110,4,3,1,471.314209472982
110,13,3,2,471.314209472982
110,6,4,3,70.71380920613743
110,20,3,4,471.314209472982
110,12,3,5,471.314209472982
110,16,1,6,9.673115410273516
110,1,3,7,471.314209472982
110,8,1,8,9.673115410273516
110,10,2,9,354.9032688458973
111,10,2,1,82.72181454302869
111,6,4,2,68.04536357571715
111,15,4,3,68.04536357571715
111,19,4,4,68.04536357571715
111,5,3,5,141.76117411607737
111,3,1,6,194.46297531687793
111,13,3,7,141.76117411607737
111,14,3,8,141.76117411607737
111,11,3,9,141.76117411607737
111,12,3,10,141.76117411607737
112,8,1,1,410.6070713809206
112,13,3,2,358.57238158772515
112,15,4,3,7.671781187458305
112,10,2,4,84.72314876584389
112,19,4,5,7.671781187458305
112,18,4,6,7.671781187458305
112,20,3,7,358.57238158772515
112,4,3,8,358.57238158772515
112,17,4,9,7.671781187458305
112,6,4,10,7.671781187458305
113,19,4,1,426.9513008672448
113,18,4,2,426.9513008672448
113,17,4,3,426.9513008672448
113,16,1,4,458.30553702468313
113,2,4,5,426.9513008672448
113,15,4,6,426.9513008672448
113,5,3,7,176.78452301534355
113,12,3,8,176.78452301534355
113,9,3,9,176.78452301534355
114,16,1,1,206.80453635757172
114,18,4,2,13.3422281521014
114,1,3,3,275.51701134089393
114,15,4,4,13.3422281521014
114,3,1,5,206.80453635757172
114,12,3,6,275.51701134089393
114,8,1,7,206.80453635757172
114,7,1,8,206.80453635757172
115,5,3,1,271.847898599066
115,4,3,2,271.847898599066
115,2,4,3,234.15610406937958
115,14,3,4,271.847898599066
115,11,3,5,271.847898599066
115,17,4,6,234.15610406937958
115,18,4,7,234.15610406937958
116,5,3,1,117.41160773849232
116,9,3,2,117.41160773849232
116,14,3,3,117.41160773849232
116,7,1,4,225.8172114743162
116,1,3,5,117.41160773849232
117,8,1,1,359.9066044029353
117,3,1,2,359.9066044029353
117,14,3,3,126.7511674449633
117,15,4,4,299.1994663108739
117,2,4,5,299.1994663108739
118,19,4,1,158.77251501000666
118,5,3,2,179.11941294196131
118,10,2,3,60.0400266844563
118,16,1,4,184.7898599066044
118,17,4,5,158.77251501000666
118,6,4,6,158.77251501000666
118,7,1,7,184.7898599066044
118,8,1,8,184.7898599066044
118,1,3,9,179.11941294196131
118,4,3,10,179.11941294196131
119,17,4,1,87.72515010006671
119,12,3,2,198.1320880587058
119,9,3,3,198.1320880587058
119,1,3,4,198.1320880587058
119,16,1,5,372.5817211474316
119,6,4,6,87.72515010006671
119,13,3,7,198.1320880587058
119,2,4,8,87.72515010006671
120,6,4,1,137.42494996664442
120,19,4,2,137.42494996664442
120,16,1,3,247.83188792528352
120,15,4,4,137.42494996664442
120,18,4,5,137.42494996664442
120,11,3,6,66.37758505670448
120,3,1,7,247.83188792528352
121,20,3,1,397.59839893262176
121,2,4,2,430.95396931287524
121,7,1,3,269.5130086724483
121,9,3,4,397.59839893262176
121,10,2,5,384.25617078052034
121,11,3,6,397.59839893262176
122,7,1,1,61.37424949966644
122,6,4,2,392.5950633755837
122,5,3,3,156.10406937958638
122,11,3,4,156.10406937958638
122,2,4,5,392.5950633755837
122,10,2,6,264.8432288192128
122,12,3,7,156.10406937958638
122,20,3,8,156.10406937958638
122,13,3,9,156.10406937958638
122,17,4,10,392.5950633755837
123,10,2,1,83.7224816544363
123,3,1,2,81.38759172781855
123,6,4,3,382.5883922615077
123,14,3,4,455.3035356904603
123,20,3,5,455.3035356904603
124,15,4,1,342.56170780520347
124,16,1,2,335.5570380253502
124,20,3,3,45.03002001334223
124,14,3,4,45.03002001334223
124,17,4,5,342.56170780520347
124,10,2,6,237.49166110740492
124,1,3,7,45.03002001334223
124,6,4,8,342.56170780520347
124,8,1,9,335.5570380253502
124,12,3,10,45.03002001334223
125,5,3,1,481.9879919946631
125,20,3,2,481.9879919946631
125,3,1,3,477.98532354903267
125,2,4,4,431.62108072048034
125,15,4,5,431.62108072048034
126,13,3,1,233.82254836557703
126,17,4,2,74.04936624416277
126,2,4,3,74.04936624416277
126,5,3,4,233.82254836557703
126,20,3,5,233.82254836557703
126,10,2,6,268.51234156104067
126,12,3,7,233.82254836557703
126,8,1,8,223.14876584389592
126,15,4,9,74.04936624416277
127,17,4,1,65.04336224149434
127,8,1,2,444.2961974649767
127,12,3,3,22.01467645096731
127,5,3,4,22.01467645096731
127,18,4,5,65.04336224149434
127,6,4,6,65.04336224149434
127,16,1,7,444.2961974649767
127,15,4,8,65.04336224149434
127,4,3,9,22.01467645096731
127,13,3,10,22.01467645096731
128,16,1,1,279.8532354903269
128,20,3,2,274.1827885256838
128,5,3,3,274.1827885256838
128,19,4,4,330.88725817211474
128,13,3,5,274.1827885256838
128,3,1,6,279.8532354903269
128,15,4,7,330.88725817211474
128,12,3,8,274.1827885256838
128,9,3,9,274.1827885256838
128,11,3,10,274.1827885256838
129,2,4,1,344.8965977318212
129,19,4,2,344.8965977318212
129,10,2,3,426.2841894596398
129,5,3,4,207.13809206137424
129,15,4,5,344.8965977318212
129,12,3,6,207.13809206137424
129,18,4,7,344.8965977318212
130,5,3,1,426.9513008672448
130,11,3,2,426.9513008672448
130,19,4,3,249.83322214809874
130,15,4,4,249.83322214809874
130,17,4,5,249.83322214809874
130,20,3,6,426.9513008672448
130,3,1,7,126.7511674449633
130,8,1,8,126.7511674449633
131,12,3,1,276.184122748499
131,4,3,2,276.184122748499
131,15,4,3,182.45496997998666
131,6,4,4,182.45496997998666
131,2,4,5,182.45496997998666
131,17,4,6,182.45496997998666
131,10,2,7,425.9506337558372
131,3,1,8,337.891927951968
131,5,3,9,276.184122748499
132,10,2,1,67.71180787191462
132,17,4,2,27.685123415610406
132,3,1,3,224.14943295530352
132,20,3,4,415.9439626417612
132,18,4,5,27.685123415610406
132,6,4,6,27.685123415610406
133,13,3,1,138.75917278185457
133,1,3,2,138.75917278185457
133,10,2,3,64.70980653769179
133,3,1,4,465.9773182121414
133,9,3,5,138.75917278185457
133,11,3,6,138.75917278185457
133,20,3,7,138.75917278185457
133,2,4,8,425.9506337558372
133,4,3,9,138.75917278185457
134,10,2,1,477.98532354903267
134,8,1,2,222.8152101400934
134,3,1,3,222.8152101400934
134,13,3,4,383.9226150767178
134,12,3,5,383.9226150767178
134,1,3,6,383.9226150767178
134,15,4,7,490.660440293529
134,16,1,8,222.8152101400934
135,9,3,1,360.9072715143429
135,19,4,2,22.01467645096731
135,15,4,3,22.01467645096731
135,5,3,4,360.9072715143429
135,12,3,5,360.9072715143429
135,13,3,6,360.9072715143429
135,11,3,7,360.9072715143429
136,7,1,1,323.54903268845896
136,2,4,2,55.70380253502335
136,8,1,3,323.54903268845896
136,10,2,4,71.38092061374249
136,4,3,5,339.89326217478316
136,16,1,6,323.54903268845896
136,5,3,7,339.89326217478316
136,14,3,8,339.89326217478316
137,1,3,1,296.53102068045365
137,10,2,2,217.1447631754503
137,17,4,3,340.89392928619077
137,16,1,4,245.49699799866576
137,18,4,5,340.89392928619077
137,2,4,6,340.89392928619077
137,15,4,7,340.89392928619077
137,7,1,8,245.49699799866576
138,4,3,1,97.39826551034022
138,16,1,2,414.2761841227485
138,20,3,3,97.39826551034022
138,1,3,4,97.39826551034022
138,3,1,5,414.2761841227485
138,7,1,6,414.2761841227485
138,10,2,7,208.4723148765844
139,19,4,1,242.82855236824548
139,2,4,2,242.82855236824548
139,9,3,3,398.9326217478319
139,18,4,4,242.82855236824548
139,20,3,5,398.9326217478319
139,7,1,6,404.60306871247496
139,12,3,7,398.9326217478319
139,5,3,8,398.9326217478319
140,18,4,1,269.5130086724483
140,4,3,2,229.15276851234157
140,12,3,3,229.15276851234157
140,11,3,4,229.15276851234157
140,19,4,5,269.5130086724483
140,13,3,6,229.15276851234157
141,2,4,1,98.73248832555036
141,11,3,2,123.08205470313543
141,16,1,3,490.9939959973315
141,15,4,4,98.73248832555036
141,5,3,5,123.08205470313543
142,12,3,1,76.05070046697799
142,10,2,2,358.57238158772515
142,13,3,3,76.05070046697799
142,17,4,4,155.1034022681788
142,11,3,5,76.05070046697799
142,16,1,6,108.07204803202134
143,1,3,1,59.70647098065377
143,4,3,2,59.70647098065377
143,10,2,3,147.76517678452302
143,14,3,4,59.70647098065377
143,5,3,5,59.70647098065377
143,16,1,6,350.90060040026685
143,11,3,7,59.70647098065377
144,5,3,1,359.9066044029353
144,1,3,2,359.9066044029353
144,11,3,3,359.9066044029353
144,14,3,4,359.9066044029353
144,17,4,5,3.002001334222815
144,4,3,6,359.9066044029353
144,16,1,7,67.71180787191462
144,13,3,8,359.9066044029353
144,6,4,9,3.002001334222815
145,7,1,1,66.04402935290193
145,13,3,2,396.93128752501667
145,2,4,3,448.6324216144096
145,4,3,4,396.93128752501667
145,16,1,5,66.04402935290193
145,14,3,6,396.93128752501667
145,17,4,7,448.6324216144096
145,3,1,8,66.04402935290193
145,9,3,9,396.93128752501667
145,12,3,10,396.93128752501667
146,5,3,1,149.4329553035357
146,9,3,2,149.4329553035357
146,16,1,3,14.67645096731154
146,14,3,4,149.4329553035357
146,20,3,5,149.4329553035357
146,7,1,6,14.67645096731154
146,12,3,7,149.4329553035357
146,19,4,8,131.4209472981988
146,4,3,9,149.4329553035357
146,8,1,10,14.67645096731154
147,17,4,1,120.41360907271515
147,5,3,2,95.06337558372248
147,18,4,3,120.41360907271515
147,1,3,4,95.06337558372248
147,19,4,5,120.41360907271515
147,15,4,6,120.41360907271515
147,12,3,7,95.06337558372248
147,16,1,8,308.2054703135424
147,13,3,9,95.06337558372248
148,16,1,1,116.74449633088726
148,20,3,2,349.23282188125415
148,15,4,3,186.7911941294196
148,12,3,4,349.23282188125415
148,18,4,5,186.7911941294196
148,4,3,6,349.23282188125415
148,10,2,7,445.9639759839893
148,9,3,8,349.23282188125415
148,5,3,9,349.23282188125415
149,11,3,1,390.927284856571
149,3,1,2,314.87658438959306
149,1,3,3,390.927284856571
149,4,3,4,390.927284856571
149,16,1,5,314.87658438959306
149,9,3,6,390.927284856571
149,5,3,7,390.927284856571
149,7,1,8,314.87658438959306
150,20,3,1,23.682454969979986
150,15,4,2,115.41027351567712
150,3,1,3,260.8405603735824
150,7,1,4,260.8405603735824
150,1,3,5,23.682454969979986
150,14,3,6,23.682454969979986
150,2,4,7,115.41027351567712
150,6,4,8,115.41027351567712
150,8,1,9,260.8405603735824
150,19,4,10,115.41027351567712
151,19,4,1,468.31220813875916
151,18,4,2,468.31220813875916
151,15,4,3,468.31220813875916
151,4,3,4,387.5917278185457
151,5,3,5,387.5917278185457
151,13,3,6,387.5917278185457
151,16,1,7,319.54636424282853
151,17,4,8,468.31220813875916
152,13,3,1,315.2101400933956
152,10,2,2,226.4843228819213
152,11,3,3,315.2101400933956
152,7,1,4,38.358905937291524
152,6,4,5,463.3088725817211
153,7,1,1,190.12675116744495
153,15,4,2,391.5943962641761
153,6,4,3,391.5943962641761
153,4,3,4,318.2121414276184
153,18,4,5,391.5943962641761
153,20,3,6,318.2121414276184
153,5,3,7,318.2121414276184
153,11,3,8,318.2121414276184
153,1,3,9,318.2121414276184
153,16,1,10,190.12675116744495
154,4,3,1,376.58438959306204
154,8,1,2,334.8899266177452
154,15,4,3,191.12741827885256
154,7,1,4,334.8899266177452
154,11,3,5,376.58438959306204
154,5,3,6,376.58438959306204
154,9,3,7,376.58438959306204
154,3,1,8,334.8899266177452
154,10,2,9,279.8532354903269
154,2,4,10,191.12741827885256
155,11,3,1,366.91127418278853
155,13,3,2,366.91127418278853
155,20,3,3,366.91127418278853
155,14,3,4,366.91127418278853
155,4,3,5,366.91127418278853
155,16,1,6,268.84589726484325
155,7,1,7,268.84589726484325
155,12,3,8,366.91127418278853
156,17,4,1,257.50500333555703
156,6,4,2,257.50500333555703
156,18,4,3,257.50500333555703
156,5,3,4,258.1721147431621
156,7,1,5,117.74516344229487
157,13,3,1,3.33555703802535
157,9,3,2,3.33555703802535
157,16,1,3,164.44296197464976
157,18,4,4,39.35957304869913
157,3,1,5,164.44296197464976
157,17,4,6,39.35957304869913
157,15,4,7,39.35957304869913
157,19,4,8,39.35957304869913
157,8,1,9,164.44296197464976
157,1,3,10,3.33555703802535
158,19,4,1,88.39226150767178
158,2,4,2,88.39226150767178
158,14,3,3,411.6077384923282
158,7,1,4,242.49499666444297
158,3,1,5,242.49499666444297
159,16,1,1,155.43695797198131
159,10,2,2,122.74849899933288
159,6,4,3,445.9639759839893
159,14,3,4,38.02535023348899
159,2,4,5,445.9639759839893
160,3,1,1,26.01734489659773
160,9,3,2,116.74449633088726
160,5,3,3,116.74449633088726
160,13,3,4,116.74449633088726
160,2,4,5,416.61107404936627
160,20,3,6,116.74449633088726
160,12,3,7,116.74449633088726
160,18,4,8,416.61107404936627
161,13,3,1,208.8058705803869
161,4,3,2,208.8058705803869
161,16,1,3,103.06871247498331
161,8,1,4,103.06871247498331
161,18,4,5,450.30020013342227
161,14,3,6,208.8058705803869
161,6,4,7,450.30020013342227
161,20,3,8,208.8058705803869
162,8,1,1,474.3162108072048
162,7,1,2,474.3162108072048
162,20,3,3,133.08872581721147
162,4,3,4,133.08872581721147
162,19,4,5,18.01200800533689
162,15,4,6,18.01200800533689
162,10,2,7,62.70847231487658
162,3,1,8,474.3162108072048
162,1,3,9,133.08872581721147
163,8,1,1,223.48232154769846
163,17,4,2,28.01867911941294
163,5,3,3,156.43762508338892
163,10,2,4,226.15076717811874
163,11,3,5,156.43762508338892
164,17,4,1,233.48899266177452
164,10,2,2,382.9219479653102
164,14,3,3,411.94129419613074
164,8,1,4,143.09539693128752
164,1,3,5,411.94129419613074
164,9,3,6,411.94129419613074
165,12,3,1,495.33022014676453
165,18,4,2,497.9986657771848
165,16,1,3,165.77718478985992
165,14,3,4,495.33022014676453
165,13,3,5,495.33022014676453
165,3,1,6,165.77718478985992
165,2,4,7,497.9986657771848
165,7,1,8,165.77718478985992
165,11,3,9,495.33022014676453
166,15,4,1,145.43028685790526
166,4,3,2,246.16410940627085
166,19,4,3,145.43028685790526
166,2,4,4,145.43028685790526
166,7,1,5,268.51234156104067
166,5,3,6,246.16410940627085
166,3,1,7,268.51234156104067
166,9,3,8,246.16410940627085
166,14,3,9,246.16410940627085
166,17,4,10,145.43028685790526
167,2,4,1,222.8152101400934
167,9,3,2,306.5376917945297
167,3,1,3,5.003335557038025
167,13,3,4,306.5376917945297
167,7,1,5,5.003335557038025
168,7,1,1,196.79786524349566
168,10,2,2,8.67244829886591
168,13,3,3,298.8659106070714
168,12,3,4,298.8659106070714
168,4,3,5,298.8659106070714
168,1,3,6,298.8659106070714
168,18,4,7,97.06470980653769
169,12,3,1,199.46631087391594
169,10,2,2,270.18012008005337
169,17,4,3,112.40827218145431
169,13,3,4,199.46631087391594
169,15,4,5,112.40827218145431
169,5,3,6,199.46631087391594
169,11,3,7,199.46631087391594
169,9,3,8,199.46631087391594
169,6,4,9,112.40827218145431
170,2,4,1,466.6444296197465
170,17,4,2,466.6444296197465
170,14,3,3,125.41694462975316
170,8,1,4,282.1881254169446
170,5,3,5,125.41694462975316
170,9,3,6,125.41694462975316
170,1,3,7,125.41694462975316
171,20,3,1,459.30620413609074
171,13,3,2,459.30620413609074
171,8,1,3,392.92861907938624
171,11,3,4,459.30620413609074
171,5,3,5,459.30620413609074
171,16,1,6,392.92861907938624
171,19,4,7,228.48565710473648
172,16,1,1,413.60907271514344
172,18,4,2,464.6430953969313
172,6,4,3,464.6430953969313
172,2,4,4,464.6430953969313
172,9,3,5,184.45630420280187
172,5,3,6,184.45630420280187
173,9,3,1,111.4076050700467
173,3,1,2,363.9092728485657
173,7,1,3,363.9092728485657
173,8,1,4,363.9092728485657
173,5,3,5,111.4076050700467
173,1,3,6,111.4076050700467
174,20,3,1,291.5276851234156
174,14,3,2,291.5276851234156
174,19,4,3,399.9332888592395
174,17,4,4,399.9332888592395
174,5,3,5,291.5276851234156
174,1,3,6,291.5276851234156
174,12,3,7,291.5276851234156
174,9,3,8,291.5276851234156
174,16,1,9,209.80653769179452
174,18,4,10,399.9332888592395
175,18,4,1,420.61374249499664
175,13,3,2,226.4843228819213
175,17,4,3,420.61374249499664
175,9,3,4,226.4843228819213
175,7,1,5,183.78919279519678
175,12,3,6,226.4843228819213
176,10,2,1,136.0907271514343
176,3,1,2,61.70780520346898
176,2,4,3,76.05070046697799
176,20,3,4,196.1307538358906
176,7,1,5,61.70780520346898
176,16,1,6,61.70780520346898
176,8,1,7,61.70780520346898
176,14,3,8,196.1307538358906
176,13,3,9,196.1307538358906
177,19,4,1,318.5456971314209
177,2,4,2,318.5456971314209
177,17,4,3,318.5456971314209
177,15,4,4,318.5456971314209
177,18,4,5,318.5456971314209
177,11,3,6,225.15010006671113
177,4,3,7,225.15010006671113
177,12,3,8,225.15010006671113
178,5,3,1,350.5670446964643
178,15,4,2,86.05737158105404
178,13,3,3,350.5670446964643
178,1,3,4,350.5670446964643
178,7,1,5,262.5083388925951
178,11,3,6,350.5670446964643
179,11,3,1,293.86257505003334
179,5,3,2,293.86257505003334
179,14,3,3,293.86257505003334
179,18,4,4,293.86257505003334
179,20,3,5,293.86257505003334
179,12,3,6,293.86257505003334
179,13,3,7,293.86257505003334
179,17,4,8,293.86257505003334
179,2,4,9,293.86257505003334
180,11,3,1,147.09806537691793
180,4,3,2,147.09806537691793
180,20,3,3,147.09806537691793
180,14,3,4,147.09806537691793
180,9,3,5,147.09806537691793
180,13,3,6,147.09806537691793
180,1,3,7,147.09806537691793
180,8,1,8,257.50500333555703
180,19,4,9,211.80787191460973
181,3,1,1,296.1974649766511
181,9,3,2,468.31220813875916
181,13,3,3,468.31220813875916
181,5,3,4,468.31220813875916
181,20,3,5,468.31220813875916
181,12,3,6,468.31220813875916
182,1,3,1,401.2675116744496
182,12,3,2,401.2675116744496
182,15,4,3,0.66711140760507
182,3,1,4,449.63308872581723
182,10,2,5,146.43095396931287
183,15,4,1,189.4596397598399
183,20,3,2,142.76184122748498
183,17,4,3,189.4596397598399
183,18,4,4,189.4596397598399
183,2,4,5,189.4596397598399
183,14,3,6,142.76184122748498
184,7,1,1,404.26951300867245
184,13,3,2,141.0940627084723
184,20,3,3,141.0940627084723
184,18,4,4,302.2014676450967
184,11,3,5,141.0940627084723
184,15,4,6,302.2014676450967
184,10,2,7,167.4449633088726
184,1,3,8,141.0940627084723
184,2,4,9,302.2014676450967
185,3,1,1,349.23282188125415
185,9,3,2,295.53035356904604
185,10,2,3,355.2368245496998
185,18,4,4,57.03802535023349
185,7,1,5,349.23282188125415
185,5,3,6,295.53035356904604
185,16,1,7,349.23282188125415
186,5,3,1,52.368245496998
186,4,3,2,52.368245496998
186,16,1,3,142.76184122748498
186,3,1,4,142.76184122748498
186,7,1,5,142.76184122748498
186,15,4,6,341.22748498999334
186,8,1,7,142.76184122748498
187,14,3,1,177.78519012675116
187,6,4,2,214.80987324883256
187,8,1,3,335.2234823215477
187,7,1,4,335.2234823215477
187,10,2,5,13.3422281521014
187,11,3,6,177.78519012675116
187,5,3,7,177.78519012675116
188,11,3,1,28.68579052701801
188,2,4,2,0.333555703802535
188,10,2,3,91.3942628418946
188,9,3,4,28.68579052701801
188,8,1,5,192.79519679786523
188,18,4,6,0.333555703802535
188,6,4,7,0.333555703802535
188,13,3,8,28.68579052701801
188,4,3,9,28.68579052701801
189,14,3,1,277.85190126751166
189,17,4,2,207.47164776517678
189,10,2,3,455.9706470980654
189,4,3,4,277.85190126751166
189,16,1,5,18.67911941294196
189,3,1,6,18.67911941294196
189,11,3,7,277.85190126751166
189,5,3,8,277.85190126751166
190,17,4,1,107.40493662441628
190,1,3,2,276.51767845230154
190,14,3,3,276.51767845230154
190,9,3,4,276.51767845230154
190,13,3,5,276.51767845230154
190,18,4,6,107.40493662441628
190,16,1,7,370.91394262841897
190,19,4,8,107.40493662441628
190,6,4,9,107.40493662441628
191,11,3,1,235.1567711807872
191,13,3,2,235.1567711807872
191,2,4,3,142.42828552368246
191,1,3,4,235.1567711807872
191,5,3,5,235.1567711807872
191,14,3,6,235.1567711807872
191,17,4,7,142.42828552368246
191,4,3,8,235.1567711807872
191,9,3,9,235.1567711807872
192,2,4,1,98.0653769179453
192,10,2,2,438.62575050033354
192,14,3,3,136.4242828552368
192,4,3,4,136.4242828552368
192,16,1,5,470.3135423615744
192,15,4,6,98.0653769179453
192,1,3,7,136.4242828552368
193,17,4,1,200.80053368912607
193,12,3,2,440.9606404269513
193,18,4,3,200.80053368912607
193,2,4,4,200.80053368912607
193,8,1,5,348.23215476984655
193,7,1,6,348.23215476984655
193,16,1,7,348.23215476984655
193,19,4,8,200.80053368912607
194,11,3,1,197.1314209472982
194,6,4,2,368.24549699799866
194,8,1,3,79.0527018012008
194,4,3,4,197.1314209472982
194,18,4,5,368.24549699799866
195,13,3,1,481.6544362908606
195,6,4,2,333.2221480987325
195,8,1,3,14.342895263509005
195,7,1,4,14.342895263509005
195,1,3,5,481.6544362908606
195,14,3,6,481.6544362908606
195,12,3,7,481.6544362908606
195,18,4,8,333.2221480987325
196,12,3,1,336.5577051367578
196,4,3,2,336.5577051367578
196,17,4,3,255.50366911274182
196,9,3,4,336.5577051367578
196,6,4,5,255.50366911274182
196,3,1,6,154.1027351567712
197,10,2,1,40.69379586390927
197,6,4,2,124.08272181454302
197,4,3,3,138.0920613742495
197,13,3,4,138.0920613742495
197,11,3,5,138.0920613742495
197,14,3,6,138.0920613742495
197,8,1,7,127.08472314876585
197,12,3,8,138.0920613742495
197,19,4,9,124.08272181454302
198,10,2,1,29.35290193462308
198,5,3,2,382.9219479653102
198,6,4,3,462.3082054703135
198,4,3,4,382.9219479653102
198,9,3,5,382.9219479653102
198,12,3,6,382.9219479653102
199,5,3,1,73.04869913275517
199,8,1,2,361.9079386257505
199,16,1,3,361.9079386257505
199,6,4,4,31.020680453635755
199,17,4,5,31.020680453635755
199,20,3,6,73.04869913275517
199,3,1,7,361.9079386257505
199,18,4,8,31.020680453635755
200,16,1,1,33.689126084056035
200,13,3,2,157.104736490994
200,5,3,3,157.104736490994
200,7,1,4,33.689126084056035
200,8,1,5,33.689126084056035
200,17,4,6,373.2488325550367
200,19,4,7,373.2488325550367
200,11,3,8,157.104736490994
201,2,4,1,437.9586390927285
201,10,2,2,425.6170780520347
201,9,3,3,290.527018012008
201,3,1,4,140.7605070046698
201,20,3,5,290.527018012008
201,8,1,6,140.7605070046698
202,19,4,1,10.67378252168112
202,2,4,2,10.67378252168112
202,8,1,3,196.1307538358906
202,18,4,4,10.67378252168112
202,9,3,5,341.22748498999334
202,13,3,6,341.22748498999334
202,4,3,7,341.22748498999334
202,17,4,8,10.67378252168112
202,12,3,9,341.22748498999334
203,3,1,1,35.690460306871245
203,13,3,2,422.61507671781186
203,12,3,3,422.61507671781186
203,4,3,4,422.61507671781186
203,15,4,5,457.97198132088056
203,8,1,6,35.690460306871245
203,17,4,7,457.97198132088056
204,7,1,1,121.74783188792529
204,2,4,2,77.71847898599066
204,9,3,3,131.75450300200134
204,6,4,4,77.71847898599066
204,12,3,5,131.75450300200134
204,16,1,6,121.74783188792529
205,4,3,1,179.45296864576383
205,3,1,2,480.3202134756504
205,9,3,3,179.45296864576383
205,11,3,4,179.45296864576383
205,12,3,5,179.45296864576383
205,18,4,6,292.86190793862573
205,5,3,7,179.45296864576383
205,2,4,8,292.86190793862573
205,14,3,9,179.45296864576383
206,5,3,1,182.7885256837892
206,2,4,2,281.8545697131421
206,11,3,3,182.7885256837892
206,8,1,4,110.07338225483656
206,9,3,5,182.7885256837892
206,13,3,6,182.7885256837892
206,14,3,7,182.7885256837892
206,19,4,8,281.8545697131421
207,3,1,1,191.79452968645762
207,19,4,2,84.38959306204136
207,14,3,3,36.357571714476315
207,1,3,4,36.357571714476315
207,15,4,5,84.38959306204136
207,12,3,6,36.357571714476315
207,2,4,7,84.38959306204136
208,19,4,1,414.60973982655105
208,11,3,2,11.674449633088726
208,10,2,3,50.70046697798532
208,5,3,4,11.674449633088726
208,14,3,5,11.674449633088726
208,9,3,6,11.674449633088726
208,8,1,7,91.3942628418946
208,18,4,8,414.60973982655105
209,1,3,1,80.72048032021347
209,4,3,2,80.72048032021347
209,15,4,3,278.1854569713142
209,6,4,4,278.1854569713142
209,18,4,5,278.1854569713142
210,12,3,1,212.14142761841228
210,11,3,2,212.14142761841228
210,19,4,3,302.8685790527018
210,3,1,4,162.10807204803203
210,6,4,5,302.8685790527018
210,16,1,6,162.10807204803203
210,5,3,7,212.14142761841228
210,2,4,8,302.8685790527018
210,10,2,9,490.660440293529
210,9,3,10,212.14142761841228
211,1,3,1,460.30687124749835
211,3,1,2,344.8965977318212
211,10,2,3,119.079386257505
211,16,1,4,344.8965977318212
211,11,3,5,460.30687124749835
211,7,1,6,344.8965977318212
211,17,4,7,343.5623749166111
211,9,3,8,460.30687124749835
211,4,3,9,460.30687124749835
211,20,3,10,460.30687124749835
212,2,4,1,119.079386257505
212,13,3,2,190.4603068712475
212,3,1,3,42.69513008672448
212,14,3,4,190.4603068712475
212,6,4,5,119.079386257505
212,20,3,6,190.4603068712475
212,8,1,7,42.69513008672448
212,4,3,8,190.4603068712475
213,11,3,1,489.3262174783189
213,5,3,2,489.3262174783189
213,12,3,3,489.3262174783189
213,19,4,4,338.55903935957303
213,15,4,5,338.55903935957303
213,17,4,6,338.55903935957303
213,6,4,7,338.55903935957303
213,7,1,8,90.393595730487
213,10,2,9,90.393595730487
214,2,4,1,327.2181454302869
214,14,3,2,236.82454969979986
214,8,1,3,374.91661107404934
214,5,3,4,236.82454969979986
214,19,4,5,327.2181454302869
214,9,3,6,236.82454969979986
214,11,3,7,236.82454969979986
215,12,3,1,496.66444296197466
215,19,4,2,44.36290860573716
215,17,4,3,44.36290860573716
215,11,3,4,496.66444296197466
215,1,3,5,496.66444296197466
215,7,1,6,253.16877918612408
215,10,2,7,459.30620413609074
215,16,1,8,253.16877918612408
215,5,3,9,496.66444296197466
215,18,4,10,44.36290860573716
216,20,3,1,93.3955970647098
216,9,3,2,93.3955970647098
216,13,3,3,93.3955970647098
216,12,3,4,93.3955970647098
216,11,3,5,93.3955970647098
216,14,3,6,93.3955970647098
216,5,3,7,93.3955970647098
217,9,3,1,17.011340893929287
217,7,1,2,160.44029352901936
217,18,4,3,209.472981987992
217,2,4,4,209.472981987992
217,13,3,5,17.011340893929287
218,15,4,1,208.8058705803869
218,13,3,2,265.17678452301533
218,2,4,3,208.8058705803869
218,18,4,4,208.8058705803869
218,9,3,5,265.17678452301533
218,3,1,6,235.49032688458973
218,17,4,7,208.8058705803869
218,5,3,8,265.17678452301533
219,2,4,1,61.70780520346898
219,15,4,2,61.70780520346898
219,8,1,3,445.9639759839893
219,7,1,4,445.9639759839893
219,3,1,5,445.9639759839893
219,19,4,6,61.70780520346898
219,14,3,7,89.39292861907938
220,6,4,1,184.12274849899933
220,5,3,2,86.05737158105404
220,1,3,3,86.05737158105404
220,16,1,4,200.46697798532355
220,20,3,5,86.05737158105404
221,4,3,1,79.38625750500333
221,5,3,2,79.38625750500333
221,11,3,3,79.38625750500333
221,1,3,4,79.38625750500333
221,9,3,5,79.38625750500333
221,14,3,6,79.38625750500333
222,10,2,1,207.13809206137424
222,3,1,2,101.06737825216811
222,2,4,3,151.76784523015343
222,16,1,4,101.06737825216811
222,15,4,5,151.76784523015343
222,12,3,6,186.7911941294196
222,17,4,7,151.76784523015343
222,14,3,8,186.7911941294196
223,12,3,1,344.22948632421617
223,2,4,2,276.184122748499
223,1,3,3,344.22948632421617
223,8,1,4,289.8599066044029
223,16,1,5,289.8599066044029
224,19,4,1,217.1447631754503
224,11,3,2,256.1707805203469
224,6,4,3,217.1447631754503
224,5,3,4,256.1707805203469
224,12,3,5,256.1707805203469
224,20,3,6,256.1707805203469
224,14,3,7,256.1707805203469
224,15,4,8,217.1447631754503
224,8,1,9,291.5276851234156
225,2,4,1,370.5803869246164
225,8,1,2,82.38825883922615
225,18,4,3,370.5803869246164
225,11,3,4,8.67244829886591
225,9,3,5,8.67244829886591
225,15,4,6,370.5803869246164
225,10,2,7,97.06470980653769
225,3,1,8,82.38825883922615
226,3,1,1,10.67378252168112
226,7,1,2,10.67378252168112
226,1,3,3,338.89259506337555
226,17,4,4,293.5290193462308
226,16,1,5,10.67378252168112
226,8,1,6,10.67378252168112
226,19,4,7,293.5290193462308
226,12,3,8,338.89259506337555
227,17,4,1,73.71581054036024
227,3,1,2,372.9152768512341
227,5,3,3,305.8705803869246
227,4,3,4,305.8705803869246
227,1,3,5,305.8705803869246
227,8,1,6,372.9152768512341
227,16,1,7,372.9152768512341
227,7,1,8,372.9152768512341
227,13,3,9,305.8705803869246
227,10,2,10,300.533689126084
228,4,3,1,76.71781187458305
228,17,4,2,295.19679786524347
228,3,1,3,395.26350900600397
228,1,3,4,76.71781187458305
228,10,2,5,251.83455637091393
228,15,4,6,295.19679786524347
228,7,1,7,395.26350900600397
228,13,3,8,76.71781187458305
228,5,3,9,76.71781187458305
229,3,1,1,137.0913942628419
229,8,1,2,137.0913942628419
229,17,4,3,187.45830553702467
229,9,3,4,82.72181454302869
229,15,4,5,187.45830553702467
229,7,1,6,137.0913942628419
229,13,3,7,82.72181454302869
230,13,3,1,492.6617745163442
230,11,3,2,492.6617745163442
230,17,4,3,21.681120747164776
230,8,1,4,140.0933955970647
230,15,4,5,21.681120747164776
230,14,3,6,492.6617745163442
230,4,3,7,492.6617745163442
230,12,3,8,492.6617745163442
231,12,3,1,65.04336224149434
231,4,3,2,65.04336224149434
231,19,4,3,319.212808539026
231,11,3,4,65.04336224149434
231,18,4,5,319.212808539026
231,2,4,6,319.212808539026
231,7,1,7,400.60040026684453
231,5,3,8,65.04336224149434
231,20,3,9,65.04336224149434
231,6,4,10,319.212808539026
232,19,4,1,163.7758505670447
232,5,3,2,11.34089392928619
232,1,3,3,11.34089392928619
232,4,3,4,11.34089392928619
232,15,4,5,163.7758505670447
233,2,4,1,52.368245496998
233,19,4,2,52.368245496998
233,1,3,3,228.15210140093396
233,9,3,4,228.15210140093396
233,12,3,5,228.15210140093396
233,3,1,6,87.05803869246164
233,4,3,7,228.15210140093396
233,11,3,8,228.15210140093396
234,2,4,1,205.47031354236157
234,1,3,2,407.6050700466978
234,13,3,3,407.6050700466978
234,16,1,4,233.48899266177452
234,11,3,5,407.6050700466978
234,14,3,6,407.6050700466978
234,6,4,7,205.47031354236157
234,7,1,8,233.48899266177452
235,7,1,1,462.6417611741161
235,9,3,2,169.77985323549032
235,16,1,3,462.6417611741161
235,2,4,4,320.54703135423614
235,10,2,5,10.340226817878586
235,8,1,6,462.6417611741161
235,18,4,7,320.54703135423614
235,5,3,8,169.77985323549032
236,9,3,1,177.1180787191461
236,12,3,2,177.1180787191461
236,13,3,3,177.1180787191461
236,17,4,4,240.8272181454303
236,8,1,5,77.0513675783856
236,18,4,6,240.8272181454303
236,1,3,7,177.1180787191461
236,19,4,8,240.8272181454303
236,16,1,9,77.0513675783856
236,6,4,10,240.8272181454303
237,17,4,1,492.99533022014674
237,16,1,2,204.46964643095396
237,9,3,3,289.8599066044029
237,2,4,4,492.99533022014674
237,12,3,5,289.8599066044029
238,10,2,1,483.6557705136758
238,20,3,2,399.9332888592395
238,8,1,3,439.95997331554366
238,9,3,4,399.9332888592395
238,18,4,5,58.37224816544363
238,2,4,6,58.37224816544363
239,4,3,1,6.6711140760507
239,1,3,2,6.6711140760507
239,10,2,3,114.40960640426951
239,13,3,4,6.6711140760507
239,11,3,5,6.6711140760507
239,19,4,6,109.40627084723148
239,12,3,7,6.6711140760507
239,5,3,8,6.6711140760507
239,8,1,9,124.7498332221481
240,1,3,1,483.32221480987323
240,3,1,2,54.36957971981321
240,16,1,3,54.36957971981321
240,19,4,4,57.70513675783856
240,8,1,5,54.36957971981321
240,4,3,6,483.32221480987323
240,10,2,7,293.86257505003334
240,17,4,8,57.70513675783856
240,6,4,9,57.70513675783856
241,19,4,1,232.15476984656436
241,3,1,2,426.6177451634423
241,12,3,3,360.57371581054036
241,17,4,4,232.15476984656436
241,13,3,5,360.57371581054036
242,6,4,1,328.8859239492995
242,16,1,2,368.91260840560375
242,5,3,3,80.0533689126084
242,14,3,4,80.0533689126084
242,12,3,5,80.0533689126084
242,3,1,6,368.91260840560375
242,11,3,7,80.0533689126084
243,6,4,1,259.17278185456973
243,7,1,2,270.5136757838559
243,12,3,3,44.02935290193462
243,19,4,4,259.17278185456973
243,5,3,5,44.02935290193462
243,1,3,6,44.02935290193462
243,20,3,7,44.02935290193462
243,10,2,8,108.73915943962642
244,12,3,1,155.43695797198131
244,19,4,2,210.80720480320213
244,5,3,3,155.43695797198131
244,8,1,4,270.84723148765846
244,3,1,5,270.84723148765846
244,6,4,6,210.80720480320213
244,18,4,7,210.80720480320213
244,11,3,8,155.43695797198131
245,4,3,1,371.2474983322215
245,12,3,2,371.2474983322215
245,3,1,3,385.25683789192794
245,9,3,4,371.2474983322215
245,18,4,5,105.7371581054036
245,8,1,6,385.25683789192794
246,13,3,1,456.97131420947295
246,2,4,2,432.62174783188794
246,14,3,3,456.97131420947295
246,16,1,4,280.520346897932
246,18,4,5,432.62174783188794
246,12,3,6,456.97131420947295
247,1,3,1,406.9379586390927
247,11,3,2,406.9379586390927
247,10,2,3,486.99132755170115
247,9,3,4,406.9379586390927
247,2,4,5,346.8979319546364
248,11,3,1,410.2735156771181
248,18,4,2,186.45763842561706
248,8,1,3,117.41160773849232
248,15,4,4,186.45763842561706
248,3,1,5,117.41160773849232
248,10,2,6,462.6417611741161
248,19,4,7,186.45763842561706
248,6,4,8,186.45763842561706
249,7,1,1,407.2715143428953
249,14,3,2,86.7244829886591
249,11,3,3,86.7244829886591
249,9,3,4,86.7244829886591
249,19,4,5,278.51901267511676
250,16,1,1,114.74316210807204
250,19,4,2,429.6197464976651
250,5,3,3,40.0266844563042
250,18,4,4,429.6197464976651
250,13,3,5,40.0266844563042
251,10,2,1,41.36090727151434
251,4,3,2,270.18012008005337
251,7,1,3,64.04269513008673
251,1,3,4,270.18012008005337
251,16,1,5,64.04269513008673
252,20,3,1,444.2961974649767
252,4,3,2,444.2961974649767
252,16,1,3,329.21947965310204
252,10,2,4,59.37291527685123
252,13,3,5,444.2961974649767
253,1,3,1,295.86390927284856
253,12,3,2,295.86390927284856
253,13,3,3,295.86390927284856
253,15,4,4,454.3028685790527
253,6,4,5,454.3028685790527
253,20,3,6,295.86390927284856
254,11,3,1,376.2508338892595
254,19,4,2,323.54903268845896
254,5,3,3,376.2508338892595
254,2,4,4,323.54903268845896
254,4,3,5,376.2508338892595
254,3,1,6,325.5503669112742
254,6,4,7,323.54903268845896
255,18,4,1,483.6557705136758
255,16,1,2,175.78385590393594
255,8,1,3,175.78385590393594
255,14,3,4,400.9339559706471
255,17,4,5,483.6557705136758
255,20,3,6,400.9339559706471
255,2,4,7,483.6557705136758
255,5,3,8,400.9339559706471
256,2,4,1,234.48965977318213
256,18,4,2,234.48965977318213
256,19,4,3,234.48965977318213
256,7,1,4,21.014009339559706
256,5,3,5,347.23148765843894
256,6,4,6,234.48965977318213
257,3,1,1,492.3282188125417
257,11,3,2,426.6177451634423
257,20,3,3,426.6177451634423
257,18,4,4,10.340226817878586
257,6,4,5,10.340226817878586
257,9,3,6,426.6177451634423
257,7,1,7,492.3282188125417
257,15,4,8,10.340226817878586
257,13,3,9,426.6177451634423
258,5,3,1,185.12341561040694
258,18,4,2,187.12474983322215
258,19,4,3,187.12474983322215
258,13,3,4,185.12341561040694
258,17,4,5,187.12474983322215
258,4,3,6,185.12341561040694
259,6,4,1,93.72915276851234
259,5,3,2,479.9866577718479
259,3,1,3,315.54369579719815
259,19,4,4,93.72915276851234
259,20,3,5,479.9866577718479
259,2,4,6,93.72915276851234
259,16,1,7,315.54369579719815
259,7,1,8,315.54369579719815
260,11,3,1,44.69646430953969
260,14,3,2,44.69646430953969
260,17,4,3,308.8725817211474
260,1,3,4,44.69646430953969
260,12,3,5,44.69646430953969
260,5,3,6,44.69646430953969
260,10,2,7,421.28085390260173
261,8,1,1,96.39759839893262
261,17,4,2,386.92461641094064
261,14,3,3,337.891927951968
261,9,3,4,337.891927951968
261,20,3,5,337.891927951968
261,11,3,6,337.891927951968
261,3,1,7,96.39759839893262
261,15,4,8,386.92461641094064
261,4,3,9,337.891927951968
261,7,1,10,96.39759839893262
262,1,3,1,420.61374249499664
262,6,4,2,197.1314209472982
262,7,1,3,389.2595063375584
262,15,4,4,197.1314209472982
262,17,4,5,197.1314209472982
262,19,4,6,197.1314209472982
263,7,1,1,426.2841894596398
263,12,3,2,460.64042695130087
263,9,3,3,460.64042695130087
263,20,3,4,460.64042695130087
263,15,4,5,59.0393595730487
264,16,1,1,72.71514342895263
264,8,1,2,72.71514342895263
264,15,4,3,215.14342895263508
264,10,2,4,253.83589059372915
264,1,3,5,437.62508338892593
264,19,4,6,215.14342895263508
264,14,3,7,437.62508338892593
264,12,3,8,437.62508338892593
264,9,3,9,437.62508338892593
264,3,1,10,72.71514342895263
265,6,4,1,90.393595730487
265,17,4,2,90.393595730487
265,8,1,3,333.2221480987325
265,7,1,4,333.2221480987325
265,19,4,5,90.393595730487
266,1,3,1,61.70780520346898
266,19,4,2,103.73582388258839
266,20,3,3,61.70780520346898
266,5,3,4,61.70780520346898
266,16,1,5,415.2768512341561
266,13,3,6,61.70780520346898
266,10,2,7,32.354903268845895
266,4,3,8,61.70780520346898
266,6,4,9,103.73582388258839
267,10,2,1,359.23949299533024
267,9,3,2,269.5130086724483
267,7,1,3,406.6044029352902
267,15,4,4,150.10006671114076
267,2,4,5,150.10006671114076
267,1,3,6,269.5130086724483
267,13,3,7,269.5130086724483
267,17,4,8,150.10006671114076
268,9,3,1,369.5797198132088
268,19,4,2,339.2261507671781
268,3,1,3,120.41360907271515
268,5,3,4,369.5797198132088
268,12,3,5,369.5797198132088
268,17,4,6,339.2261507671781
268,11,3,7,369.5797198132088
268,18,4,8,339.2261507671781
269,11,3,1,103.73582388258839
269,10,2,2,200.80053368912607
269,1,3,3,103.73582388258839
269,13,3,4,103.73582388258839
269,5,3,5,103.73582388258839
269,7,1,6,466.31087391594394
269,14,3,7,103.73582388258839
269,19,4,8,477.65176784523015
269,16,1,9,466.31087391594394
269,18,4,10,477.65176784523015
270,8,1,1,423.949299533022
270,12,3,2,5.670446964643095
270,19,4,3,158.1054036024016
270,6,4,4,158.1054036024016
270,10,2,5,255.50366911274182
270,3,1,6,423.949299533022
270,2,4,7,158.1054036024016
270,18,4,8,158.1054036024016
270,20,3,9,5.670446964643095
271,20,3,1,30.353569046030685
271,5,3,2,30.353569046030685
271,11,3,3,30.353569046030685
271,12,3,4,30.353569046030685
271,13,3,5,30.353569046030685
271,9,3,6,30.353569046030685
271,2,4,7,419.9466310873916
271,8,1,8,261.84122748499
271,14,3,9,30.353569046030685
271,10,2,10,203.13542361574383
272,7,1,1,142.09472981987992
272,10,2,2,392.5950633755837
272,11,3,3,94.72981987991994
272,2,4,4,0.0
272,5,3,5,94.72981987991994
272,17,4,6,0.0
272,8,1,7,142.09472981987992
272,19,4,8,0.0
273,6,4,1,198.1320880587058
273,10,2,2,439.95997331554366
273,4,3,3,453.6357571714476
273,5,3,4,453.6357571714476
273,1,3,5,453.6357571714476
273,15,4,6,198.1320880587058
273,3,1,7,401.2675116744496
273,11,3,8,453.6357571714476
273,13,3,9,453.6357571714476
273,2,4,10,198.1320880587058
274,2,4,1,162.7751834556371
274,20,3,2,253.16877918612408
274,12,3,3,253.16877918612408
274,1,3,4,253.16877918612408
274,6,4,5,162.7751834556371
274,19,4,6,162.7751834556371
274,13,3,7,253.16877918612408
274,7,1,8,294.19613075383586
275,3,1,1,376.91794529686456
275,17,4,2,235.82388258839225
275,4,3,3,235.49032688458973
275,10,2,4,107.40493662441628
275,13,3,5,235.49032688458973
275,5,3,6,235.49032688458973
275,2,4,7,235.82388258839225
276,12,3,1,447.96531020680453
276,18,4,2,149.76651100733824
276,16,1,3,99.0660440293529
276,7,1,4,99.0660440293529
276,3,1,5,99.0660440293529
276,13,3,6,447.96531020680453
276,11,3,7,447.96531020680453
276,5,3,8,447.96531020680453
277,6,4,1,351.5677118078719
277,12,3,2,129.08605737158106
277,4,3,3,129.08605737158106
277,2,4,4,351.5677118078719
277,11,3,5,129.08605737158106
277,5,3,6,129.08605737158106
277,7,1,7,365.9106070713809
277,9,3,8,129.08605737158106
277,17,4,9,351.5677118078719
278,13,3,1,308.8725817211474
278,16,1,2,144.42961974649765
278,12,3,3,308.8725817211474
278,3,1,4,144.42961974649765
278,18,4,5,221.48098732488324
278,9,3,6,308.8725817211474
278,4,3,7,308.8725817211474
278,15,4,8,221.48098732488324
279,4,3,1,40.69379586390927
279,2,4,2,173.4489659773182
279,8,1,3,99.39959973315544
279,13,3,4,40.69379586390927
279,20,3,5,40.69379586390927
279,17,4,6,173.4489659773182
279,18,4,7,173.4489659773182
279,10,2,8,132.4216144096064
280,12,3,1,433.95597064709807
280,16,1,2,494.99666444296196
280,8,1,3,494.99666444296196
280,7,1,4,494.99666444296196
280,6,4,5,206.80453635757172
280,2,4,6,206.80453635757172
280,18,4,7,206.80453635757172
281,16,1,1,461.974649766511
281,17,4,2,460.30687124749835
281,3,1,3,461.974649766511
281,5,3,4,121.74783188792529
281,19,4,5,460.30687124749835
282,9,3,1,241.1607738492328
282,10,2,2,303.8692461641094
282,1,3,3,241.1607738492328
282,2,4,4,81.05403602401601
282,3,1,5,157.104736490994
282,14,3,6,241.1607738492328
282,15,4,7,81.05403602401601
282,4,3,8,241.1607738492328
283,2,4,1,180.12008005336892
283,1,3,2,18.345563709139427
283,11,3,3,18.345563709139427
283,6,4,4,180.12008005336892
283,5,3,5,18.345563709139427
284,14,3,1,476.98465643762506
284,6,4,2,493.3288859239493
284,4,3,3,476.98465643762506
284,7,1,4,205.8038692461641
284,5,3,5,476.98465643762506
284,12,3,6,476.98465643762506
284,3,1,7,205.8038692461641
284,11,3,8,476.98465643762506
284,15,4,9,493.3288859239493
284,8,1,10,205.8038692461641
285,19,4,1,370.2468312208139
285,1,3,2,12.00800533689126
285,20,3,3,12.00800533689126
285,13,3,4,12.00800533689126
285,17,4,5,370.2468312208139
285,16,1,6,475.3168779186124
285,6,4,7,370.2468312208139
285,10,2,8,278.51901267511676
285,15,4,9,370.2468312208139
286,17,4,1,309.873248832555
286,8,1,2,92.3949299533022
286,1,3,3,457.63842561707804
286,11,3,4,457.63842561707804
286,20,3,5,457.63842561707804
286,15,4,6,309.873248832555
286,9,3,7,457.63842561707804
287,11,3,1,123.74916611074049
287,5,3,2,123.74916611074049
287,1,3,3,123.74916611074049
287,12,3,4,123.74916611074049
287,13,3,5,123.74916611074049
287,2,4,6,248.83255503669113
287,3,1,7,399.599733155437
287,9,3,8,123.74916611074049
288,9,3,1,35.35690460306871
288,2,4,2,434.2895263509006
288,11,3,3,35.35690460306871
288,8,1,4,423.28218812541695
288,17,4,5,434.2895263509006
288,19,4,6,434.2895263509006
289,3,1,1,405.6037358238826
289,20,3,2,137.42494996664442
289,19,4,3,160.44029352901936
289,16,1,4,405.6037358238826
289,15,4,5,160.44029352901936
289,6,4,6,160.44029352901936
289,8,1,7,405.6037358238826
289,2,4,8,160.44029352901936
290,18,4,1,26.01734489659773
290,3,1,2,78.71914609739827
290,1,3,3,353.2354903268846
290,20,3,4,353.2354903268846
290,10,2,5,335.5570380253502
291,12,3,1,180.787191460974
291,2,4,2,236.82454969979986
291,9,3,3,180.787191460974
291,8,1,4,401.9346230820547
291,15,4,5,236.82454969979986
291,13,3,6,180.787191460974
291,11,3,7,180.787191460974
292,8,1,1,450.30020013342227
292,4,3,2,404.93662441627754
292,11,3,3,404.93662441627754
292,12,3,4,404.93662441627754
292,1,3,5,404.93662441627754
293,14,3,1,79.0527018012008
293,4,3,2,79.0527018012008
293,6,4,3,424.9499666444296
293,16,1,4,495.66377585056705
293,5,3,5,79.0527018012008
294,20,3,1,381.2541694462975
294,7,1,2,450.63375583722484
294,4,3,3,381.2541694462975
294,1,3,4,381.2541694462975
294,13,3,5,381.2541694462975
294,11,3,6,381.2541694462975
294,18,4,7,106.07071380920614
294,15,4,8,106.07071380920614
295,2,4,1,334.8899266177452
295,3,1,2,356.2374916611074
295,10,2,3,276.85123415610406
295,15,4,4,334.8899266177452
295,6,4,5,334.8899266177452
295,12,3,6,453.3022014676451
295,16,1,7,356.2374916611074
295,18,4,8,334.8899266177452
295,14,3,9,453.3022014676451
296,20,3,1,414.2761841227485
296,19,4,2,95.06337558372248
296,5,3,3,414.2761841227485
296,17,4,4,95.06337558372248
296,11,3,5,414.2761841227485
296,13,3,6,414.2761841227485
296,8,1,7,69.37958639092729
296,9,3,8,414.2761841227485
297,6,4,1,11.34089392928619
297,7,1,2,220.48032021347564
297,10,2,3,42.02801867911941
297,20,3,4,115.07671781187459
297,13,3,5,115.07671781187459
297,18,4,6,11.34089392928619
297,15,4,7,11.34089392928619
297,11,3,8,115.07671781187459
297,3,1,9,220.48032021347564
297,19,4,10,11.34089392928619
298,17,4,1,422.61507671781186
298,15,4,2,422.61507671781186
298,11,3,3,91.3942628418946
298,3,1,4,141.76117411607737
298,14,3,5,91.3942628418946
298,10,2,6,473.6490993995997
298,7,1,7,141.76117411607737
298,4,3,8,91.3942628418946
298,1,3,9,91.3942628418946
298,18,4,10,422.61507671781186
299,11,3,1,434.9566377585057
299,14,3,2,434.9566377585057
299,17,4,3,332.55503669112744
299,10,2,4,257.1714476317545
299,18,4,5,332.55503669112744
299,12,3,6,434.9566377585057
299,7,1,7,203.46897931954635
299,8,1,8,203.46897931954635
299,2,4,9,332.55503669112744
299,20,3,10,434.9566377585057
300,1,3,1,198.79919946631088
300,11,3,2,198.79919946631088
300,9,3,3,198.79919946631088
300,4,3,4,198.79919946631088
300,2,4,5,172.4482988659106
300,18,4,6,172.4482988659106
300,10,2,7,59.0393595730487
300,13,3,8,198.79919946631088
301,17,4,1,378.2521681120747
301,3,1,2,364.5763842561708
301,6,4,3,378.2521681120747
301,12,3,4,114.40960640426951
301,9,3,5,114.40960640426951
301,19,4,6,378.2521681120747
301,15,4,7,378.2521681120747
302,9,3,1,31.020680453635755
302,11,3,2,31.020680453635755
302,1,3,3,31.020680453635755
302,6,4,4,332.22148098732487
302,19,4,5,332.22148098732487
302,8,1,6,316.2108072048032
303,13,3,1,5.003335557038025
303,6,4,2,78.05203468979319
303,9,3,3,5.003335557038025
303,10,2,4,83.05537024683122
303,17,4,5,78.05203468979319
303,2,4,6,78.05203468979319
303,3,1,7,324.5496997998666
303,16,1,8,324.5496997998666
303,12,3,9,5.003335557038025
304,11,3,1,257.50500333555703
304,8,1,2,473.6490993995997
304,12,3,3,257.50500333555703
304,17,4,4,9.006004002668446
304,7,1,5,473.6490993995997
305,8,1,1,440.62708472314876
305,11,3,2,20.0133422281521
305,4,3,3,20.0133422281521
305,10,2,4,170.44696464309538
305,13,3,5,20.0133422281521
305,12,3,6,20.0133422281521
305,17,4,7,92.72848565710474
305,1,3,8,20.0133422281521
305,15,4,9,92.72848565710474
306,11,3,1,67.37825216811207
306,19,4,2,71.38092061374249
306,17,4,3,71.38092061374249
306,1,3,4,67.37825216811207
306,5,3,5,67.37825216811207
306,10,2,6,61.04069379586391
306,15,4,7,71.38092061374249
306,8,1,8,251.5010006671114
306,12,3,9,67.37825216811207
307,18,4,1,129.41961307538358
307,4,3,2,468.97931954636425
307,9,3,3,468.97931954636425
307,12,3,4,468.97931954636425
307,13,3,5,468.97931954636425
307,16,1,6,414.94329553035357
307,14,3,7,468.97931954636425
307,3,1,8,414.94329553035357
307,19,4,9,129.41961307538358
307,7,1,10,414.94329553035357
308,6,4,1,275.1834556370914
308,8,1,2,363.5757171447632
308,9,3,3,168.4456304202802
308,3,1,4,363.5757171447632
308,18,4,5,275.1834556370914
309,1,3,1,99.39959973315544
309,20,3,2,99.39959973315544
309,17,4,3,2.0013342228152102
309,2,4,4,2.0013342228152102
309,11,3,5,99.39959973315544
309,9,3,6,99.39959973315544
309,18,4,7,2.0013342228152102
309,13,3,8,99.39959973315544
309,14,3,9,99.39959973315544
309,15,4,10,2.0013342228152102
310,11,3,1,394.92995330220145
310,3,1,2,163.44229486324215
310,17,4,3,101.40093395597064
310,8,1,4,163.44229486324215
310,1,3,5,394.92995330220145
310,14,3,6,394.92995330220145
310,10,2,7,263.1754503002001
310,13,3,8,394.92995330220145
310,15,4,9,101.40093395597064
311,18,4,1,491.3275517011341
311,19,4,2,491.3275517011341
311,1,3,3,292.86190793862573
311,12,3,4,292.86190793862573
311,5,3,5,292.86190793862573
311,15,4,6,491.3275517011341
311,4,3,7,292.86190793862573
312,10,2,1,190.79386257505004
312,15,4,2,408.6057371581054
312,4,3,3,20.68045363575717
312,16,1,4,395.93062041360906
312,12,3,5,20.68045363575717
312,5,3,6,20.68045363575717
312,3,1,7,395.93062041360906
312,14,3,8,20.68045363575717
312,7,1,9,395.93062041360906
312,17,4,10,408.6057371581054
313,4,3,1,456.63775850567043
313,7,1,2,322.54836557705136
313,16,1,3,322.54836557705136
313,3,1,4,322.54836557705136
313,15,4,5,183.45563709139427
313,6,4,6,183.45563709139427
313,9,3,7,456.63775850567043
314,11,3,1,187.12474983322215
314,20,3,2,187.12474983322215
314,12,3,3,187.12474983322215
314,15,4,4,306.8712474983322
314,16,1,5,352.5683789192795
314,10,2,6,109.73982655103403
315,1,3,1,293.1954636424283
315,18,4,2,133.75583722481653
315,14,3,3,293.1954636424283
315,5,3,4,293.1954636424283
315,11,3,5,293.1954636424283
315,8,1,6,77.71847898599066
316,16,1,1,424.6164109406271
316,12,3,2,415.61040693795866
316,4,3,3,415.61040693795866
316,11,3,4,415.61040693795866
316,2,4,5,39.026017344896594
316,10,2,6,393.2621747831888
316,19,4,7,39.026017344896594
316,6,4,8,39.026017344896594
317,9,3,1,432.95530353569046
317,10,2,2,496.9979986657772
317,3,1,3,65.37691794529687
317,19,4,4,137.0913942628419
317,17,4,5,137.0913942628419
317,1,3,6,432.95530353569046
317,16,1,7,65.37691794529687
317,4,3,8,432.95530353569046
317,18,4,9,137.0913942628419
317,13,3,10,432.95530353569046
318,3,1,1,293.1954636424283
318,6,4,2,288.5256837891928
318,19,4,3,288.5256837891928
318,17,4,4,288.5256837891928
318,15,4,5,288.5256837891928
318,13,3,6,400.266844563042
319,12,3,1,229.48632421614408
319,6,4,2,309.5396931287525
319,20,3,3,229.48632421614408
319,17,4,4,309.5396931287525
319,15,4,5,309.5396931287525
319,8,1,6,432.28819212808537
319,19,4,7,309.5396931287525
319,18,4,8,309.5396931287525
319,5,3,9,229.48632421614408
320,8,1,1,27.018012008005336
320,7,1,2,27.018012008005336
320,17,4,3,455.6370913942628
320,13,3,4,236.1574382921948
320,2,4,5,455.6370913942628
320,12,3,6,236.1574382921948
321,9,3,1,128.41894596397597
321,17,4,2,102.73515677118078
321,13,3,3,128.41894596397597
321,19,4,4,102.73515677118078
321,6,4,5,102.73515677118078
322,14,3,1,166.44429619746498
322,8,1,2,369.24616410940627
322,18,4,3,141.42761841227485
322,6,4,4,141.42761841227485
322,17,4,5,141.42761841227485
322,13,3,6,166.44429619746498
322,19,4,7,141.42761841227485
322,9,3,8,166.44429619746498
322,15,4,9,141.42761841227485
323,17,4,1,38.69246164109406
323,7,1,2,396.59773182121415
323,16,1,3,396.59773182121415
323,2,4,4,38.69246164109406
323,9,3,5,343.5623749166111
323,5,3,6,343.5623749166111
323,12,3,7,343.5623749166111
323,10,2,8,439.29286190793863
323,6,4,9,38.69246164109406
324,16,1,1,37.024683122081385
324,14,3,2,322.54836557705136
324,3,1,3,37.024683122081385
324,7,1,4,37.024683122081385
324,1,3,5,322.54836557705136
324,4,3,6,322.54836557705136
324,19,4,7,16.67778519012675
324,6,4,8,16.67778519012675
325,17,4,1,339.89326217478316
325,9,3,2,241.49432955303536
325,20,3,3,241.49432955303536
325,6,4,4,339.89326217478316
325,13,3,5,241.49432955303536
326,6,4,1,181.45430286857905
326,7,1,2,499.3328885923949
326,16,1,3,499.3328885923949
326,18,4,4,181.45430286857905
326,15,4,5,181.45430286857905
327,11,3,1,214.1427618412275
327,9,3,2,214.1427618412275
327,15,4,3,107.73849232821881
327,6,4,4,107.73849232821881
327,13,3,5,214.1427618412275
327,8,1,6,434.6230820547031
327,10,2,7,420.9472981987992
327,20,3,8,214.1427618412275
327,17,4,9,107.73849232821881
328,8,1,1,138.42561707805203
328,6,4,2,251.5010006671114
328,5,3,3,213.1420947298199
328,10,2,4,345.8972648432288
328,19,4,5,251.5010006671114
328,4,3,6,213.1420947298199
328,17,4,7,251.5010006671114
328,14,3,8,213.1420947298199
328,1,3,9,213.1420947298199
329,7,1,1,434.2895263509006
329,20,3,2,459.9733155436958
329,14,3,3,459.9733155436958
329,13,3,4,459.9733155436958
329,2,4,5,357.90527018012006
329,8,1,6,434.2895263509006
329,17,4,7,357.90527018012006
329,12,3,8,459.9733155436958
329,4,3,9,459.9733155436958
330,18,4,1,486.6577718478986
330,9,3,2,81.05403602401601
330,14,3,3,81.05403602401601
330,12,3,4,81.05403602401601
330,7,1,5,402.26817878585723
330,20,3,6,81.05403602401601
330,1,3,7,81.05403602401601
331,7,1,1,103.40226817878586
331,11,3,2,59.0393595730487
331,3,1,3,103.40226817878586
331,20,3,4,59.0393595730487
331,12,3,5,59.0393595730487
331,19,4,6,178.45230153435622
331,14,3,7,59.0393595730487
331,4,3,8,59.0393595730487
332,14,3,1,447.29819879919944
332,5,3,2,447.29819879919944
332,16,1,3,217.1447631754503
332,18,4,4,409.9399599733155
332,13,3,5,447.29819879919944
332,7,1,6,217.1447631754503
332,8,1,7,217.1447631754503
332,9,3,8,447.29819879919944
332,17,4,9,409.9399599733155
332,6,4,10,409.9399599733155
333,2,4,1,77.0513675783856
333,7,1,2,453.9693128752502
333,13,3,3,487.99199466310876
333,11,3,4,487.99199466310876
333,17,4,5,77.0513675783856
334,17,4,1,347.5650433622415
334,5,3,2,109.73982655103403
334,3,1,3,302.53502334889924
334,16,1,4,302.53502334889924
334,14,3,5,109.73982655103403
335,12,3,1,48.03202134756504
335,17,4,2,391.92795196797863
335,16,1,3,439.62641761174115
335,19,4,4,391.92795196797863
335,10,2,5,359.9066044029353
335,13,3,6,48.03202134756504
335,2,4,7,391.92795196797863
335,3,1,8,439.62641761174115
335,1,3,9,48.03202134756504
336,2,4,1,311.20747164776515
336,17,4,2,311.20747164776515
336,11,3,3,278.1854569713142
336,19,4,4,311.20747164776515
336,4,3,5,278.1854569713142
336,6,4,6,311.20747164776515
336,1,3,7,278.1854569713142
336,20,3,8,278.1854569713142
336,8,1,9,380.920613742495
337,14,3,1,58.37224816544363
337,3,1,2,341.56104069379586
337,6,4,3,349.23282188125415
337,19,4,4,349.23282188125415
337,1,3,5,58.37224816544363
337,12,3,6,58.37224816544363
337,4,3,7,58.37224816544363
337,5,3,8,58.37224816544363
337,10,2,9,402.9352901934623
338,3,1,1,208.8058705803869
338,18,4,2,249.16611074049365
338,4,3,3,357.57171447631754
338,13,3,4,357.57171447631754
338,2,4,5,249.16611074049365
338,17,4,6,249.16611074049365
338,6,4,7,249.16611074049365
338,9,3,8,357.57171447631754
338,10,2,9,229.48632421614408
339,15,4,1,433.95597064709807
339,7,1,2,29.019346230820545
339,4,3,3,95.73048699132755
339,1,3,4,95.73048699132755
339,19,4,5,433.95597064709807
339,2,4,6,433.95597064709807
339,5,3,7,95.73048699132755
339,16,1,8,29.019346230820545
340,7,1,1,351.5677118078719
340,18,4,2,412.60840560373583
340,12,3,3,35.023348899266175
340,9,3,4,35.023348899266175
340,8,1,5,351.5677118078719
340,11,3,6,35.023348899266175
340,10,2,7,413.94262841894596
340,1,3,8,35.023348899266175
340,2,4,9,412.60840560373583
341,4,3,1,15.010006671114075
341,15,4,2,13.675783855903935
341,9,3,3,15.010006671114075
341,7,1,4,146.09739826551035
341,18,4,5,13.675783855903935
341,12,3,6,15.010006671114075
341,6,4,7,13.675783855903935
341,5,3,8,15.010006671114075
341,16,1,9,146.09739826551035
342,3,1,1,216.81120747164778
342,2,4,2,51.03402268178786
342,16,1,3,216.81120747164778
342,19,4,4,51.03402268178786
342,1,3,5,78.71914609739827
343,10,2,1,496.66444296197466
343,17,4,2,88.72581721147432
343,9,3,3,423.28218812541695
343,3,1,4,409.9399599733155
343,19,4,5,88.72581721147432
343,13,3,6,423.28218812541695
343,8,1,7,409.9399599733155
343,6,4,8,88.72581721147432
344,19,4,1,459.30620413609074
344,4,3,2,383.2555036691127
344,12,3,3,383.2555036691127
344,1,3,4,383.2555036691127
344,17,4,5,459.30620413609074
344,15,4,6,459.30620413609074
344,20,3,7,383.2555036691127
344,6,4,8,459.30620413609074
345,9,3,1,121.08072048032021
345,8,1,2,336.5577051367578
345,10,2,3,24.349566377585056
345,19,4,4,89.05937291527685
345,6,4,5,89.05937291527685
345,16,1,6,336.5577051367578
345,20,3,7,121.08072048032021
345,18,4,8,89.05937291527685
345,5,3,9,121.08072048032021
346,10,2,1,387.92528352234825
346,6,4,2,335.8905937291528
346,5,3,3,329.5530353569046
346,11,3,4,329.5530353569046
346,15,4,5,335.8905937291528
346,13,3,6,329.5530353569046
346,9,3,7,329.5530353569046
347,7,1,1,342.56170780520347
347,16,1,2,342.56170780520347
347,5,3,3,239.15943962641762
347,8,1,4,342.56170780520347
347,1,3,5,239.15943962641762
347,3,1,6,342.56170780520347
347,20,3,7,239.15943962641762
347,19,4,8,408.2721814543029
348,12,3,1,411.2741827885257
348,3,1,2,237.1581054036024
348,4,3,3,411.2741827885257
348,13,3,4,411.2741827885257
348,2,4,5,170.11340893929287
348,19,4,6,170.11340893929287
348,18,4,7,170.11340893929287
349,18,4,1,167.11140760507004
349,11,3,2,162.10807204803203
349,1,3,3,162.10807204803203
349,7,1,4,238.49232821881253
349,19,4,5,167.11140760507004
349,6,4,6,167.11140760507004
349,12,3,7,162.10807204803203
349,9,3,8,162.10807204803203
350,11,3,1,275.1834556370914
350,12,3,2,275.1834556370914
350,18,4,3,348.23215476984655
350,2,4,4,348.23215476984655
350,17,4,5,348.23215476984655
350,15,4,6,348.23215476984655
350,16,1,7,265.5103402268179
351,11,3,1,307.8719146097398
351,3,1,2,159.77318212141427
351,17,4,3,481.320880587058
351,16,1,4,159.77318212141427
351,14,3,5,307.8719146097398
351,13,3,6,307.8719146097398
352,12,3,1,94.39626417611741
352,18,4,2,477.98532354903267
352,15,4,3,477.98532354903267
352,8,1,4,84.72314876584389
352,10,2,5,346.5643762508339
352,16,1,6,84.72314876584389
352,13,3,7,94.39626417611741
352,9,3,8,94.39626417611741
352,7,1,9,84.72314876584389
352,20,3,10,94.39626417611741
353,4,3,1,405.93729152768515
353,13,3,2,405.93729152768515
353,15,4,3,284.52301534356235
353,6,4,4,284.52301534356235
353,3,1,5,107.40493662441628
353,18,4,6,284.52301534356235
354,7,1,1,374.5830553702468
354,3,1,2,374.5830553702468
354,9,3,3,133.75583722481653
354,17,4,4,38.02535023348899
354,4,3,5,133.75583722481653
354,11,3,6,133.75583722481653
354,19,4,7,38.02535023348899
354,20,3,8,133.75583722481653
354,5,3,9,133.75583722481653
355,2,4,1,79.71981320880587
355,12,3,2,490.9939959973315
355,16,1,3,469.6464309539693
355,11,3,4,490.9939959973315
355,15,4,5,79.71981320880587
356,20,3,1,342.895263509006
356,10,2,2,138.75917278185457
356,18,4,3,115.07671781187459
356,6,4,4,115.07671781187459
356,14,3,5,342.895263509006
356,15,4,6,115.07671781187459
357,5,3,1,421.61440960640425
357,12,3,2,421.61440960640425
357,1,3,3,421.61440960640425
357,15,4,4,181.7878585723816
357,9,3,5,421.61440960640425
357,14,3,6,421.61440960640425
357,10,2,7,373.91594396264173
358,20,3,1,49.69979986657772
358,10,2,2,234.15610406937958
358,16,1,3,390.260173448966
358,17,4,4,66.37758505670448
358,5,3,5,49.69979986657772
358,14,3,6,49.69979986657772
358,18,4,7,66.37758505670448
358,1,3,8,49.69979986657772
358,13,3,9,49.69979986657772
358,4,3,10,49.69979986657772
359,8,1,1,295.53035356904604
359,11,3,2,368.91260840560375
359,4,3,3,368.91260840560375
359,7,1,4,295.53035356904604
359,13,3,5,368.91260840560375
359,20,3,6,368.91260840560375
359,9,3,7,368.91260840560375
359,17,4,8,461.6410940627085
359,10,2,9,35.35690460306871
359,3,1,10,295.53035356904604
360,20,3,1,252.50166777851902
360,7,1,2,362.5750500333556
360,16,1,3,362.5750500333556
360,15,4,4,212.4749833222148
360,9,3,5,252.50166777851902
361,4,3,1,126.41761174116077
361,3,1,2,122.41494329553035
361,9,3,3,126.41761174116077
361,8,1,4,122.41494329553035
361,12,3,5,126.41761174116077
361,6,4,6,446.9646430953969
361,14,3,7,126.41761174116077
361,10,2,8,322.21480987324884
361,1,3,9,126.41761174116077
362,2,4,1,441.62775183455636
362,16,1,2,28.68579052701801
362,6,4,3,441.62775183455636
362,19,4,4,441.62775183455636
362,15,4,5,441.62775183455636
362,13,3,6,124.41627751834557
362,10,2,7,364.5763842561708
362,12,3,8,124.41627751834557
363,13,3,1,266.844563042028
363,7,1,2,487.32488325550366
363,4,3,3,266.844563042028
363,1,3,4,266.844563042028
363,9,3,5,266.844563042028
363,18,4,6,17.011340893929287
364,19,4,1,28.352234823215476
364,5,3,2,243.49566377585057
364,8,1,3,88.39226150767178
364,11,3,4,243.49566377585057
364,16,1,5,88.39226150767178
364,4,3,6,243.49566377585057
364,6,4,7,28.352234823215476
364,7,1,8,88.39226150767178
364,2,4,9,28.352234823215476
364,15,4,10,28.352234823215476
365,10,2,1,470.6470980653769
365,1,3,2,281.187458305537
365,8,1,3,95.73048699132755
365,13,3,4,281.187458305537
365,11,3,5,281.187458305537
365,5,3,6,281.187458305537
365,7,1,7,95.73048699132755
365,14,3,8,281.187458305537
365,3,1,9,95.73048699132755
365,4,3,10,281.187458305537
366,10,2,1,45.36357571714476
366,16,1,2,43.36224149432955
366,8,1,3,43.36224149432955
366,20,3,4,463.6424282855237
366,3,1,5,43.36224149432955
366,11,3,6,463.6424282855237
366,6,4,7,452.9686457638426
367,8,1,1,119.41294196130754
367,15,4,2,188.45897264843228
367,9,3,3,443.29553035356906
367,4,3,4,443.29553035356906
367,5,3,5,443.29553035356906
367,11,3,6,443.29553035356906
367,6,4,7,188.45897264843228
367,18,4,8,188.45897264843228
367,16,1,9,119.41294196130754
367,13,3,10,443.29553035356906
368,18,4,1,235.1567711807872
368,15,4,2,235.1567711807872
368,7,1,3,370.5803869246164
368,3,1,4,370.5803869246164
368,16,1,5,370.5803869246164
368,9,3,6,483.6557705136758
368,10,2,7,156.10406937958638
368,19,4,8,235.1567711807872
369,10,2,1,324.21614409606406
369,17,4,2,33.689126084056035
369,5,3,3,281.5210140093396
369,15,4,4,33.689126084056035
369,9,3,5,281.5210140093396
370,17,4,1,91.3942628418946
370,2,4,2,91.3942628418946
370,6,4,3,91.3942628418946
370,13,3,4,227.8185456971314
370,4,3,5,227.8185456971314
370,19,4,6,91.3942628418946
370,12,3,7,227.8185456971314
370,1,3,8,227.8185456971314
370,10,2,9,25.683789192795196
370,18,4,10,91.3942628418946
371,4,3,1,15.677118078719145
371,18,4,2,155.43695797198131
371,3,1,3,345.5637091394263
371,1,3,4,15.677118078719145
371,14,3,5,15.677118078719145
371,20,3,6,15.677118078719145
371,11,3,7,15.677118078719145
372,9,3,1,473.98265510340224
372,1,3,2,473.98265510340224
372,16,1,3,270.18012008005337
372,4,3,4,473.98265510340224
372,2,4,5,86.39092728485657
372,13,3,6,473.98265510340224
373,3,1,1,73.71581054036024
373,6,4,2,55.37024683122081
373,2,4,3,55.37024683122081
373,20,3,4,196.79786524349566
373,15,4,5,55.37024683122081
373,7,1,6,73.71581054036024
373,9,3,7,196.79786524349566
373,16,1,8,73.71581054036024
373,12,3,9,196.79786524349566
373,1,3,10,196.79786524349566
374,7,1,1,37.691794529686454
374,8,1,2,37.691794529686454
374,13,3,3,283.52234823215474
374,18,4,4,175.45030020013343
374,17,4,5,175.45030020013343
375,14,3,1,155.1034022681788
375,18,4,2,381.5877251501001
375,17,4,3,381.5877251501001
375,7,1,4,496.3308872581721
375,11,3,5,155.1034022681788
375,12,3,6,155.1034022681788
375,15,4,7,381.5877251501001
375,2,4,8,381.5877251501001
375,4,3,9,155.1034022681788
376,20,3,1,68.71247498332221
376,12,3,2,68.71247498332221
376,11,3,3,68.71247498332221
376,7,1,4,203.8025350233489
376,16,1,5,203.8025350233489
376,15,4,6,396.2641761174116
376,17,4,7,396.2641761174116
376,14,3,8,68.71247498332221
376,6,4,9,396.2641761174116
377,1,3,1,365.5770513675784
377,5,3,2,365.5770513675784
377,10,2,3,380.5870580386925
377,13,3,4,365.5770513675784
377,20,3,5,365.5770513675784
377,2,4,6,435.6237491661107
377,15,4,7,435.6237491661107
378,11,3,1,107.40493662441628
378,5,3,2,107.40493662441628
378,2,4,3,487.6584389593062
378,1,3,4,107.40493662441628
378,9,3,5,107.40493662441628
378,7,1,6,150.4336224149433
379,13,3,1,205.47031354236157
379,5,3,2,205.47031354236157
379,8,1,3,254.83655770513676
379,19,4,4,225.15010006671113
379,18,4,5,225.15010006671113
379,9,3,6,205.47031354236157
379,12,3,7,205.47031354236157
380,4,3,1,102.73515677118078
380,5,3,2,102.73515677118078
380,1,3,3,102.73515677118078
380,19,4,4,406.6044029352902
380,10,2,5,329.21947965310204
380,6,4,6,406.6044029352902
380,15,4,7,406.6044029352902
380,11,3,8,102.73515677118078
380,16,1,9,131.4209472981988
380,20,3,10,102.73515677118078
381,10,2,1,387.25817211474316
381,9,3,2,138.42561707805203
381,2,4,3,197.79853235490327
381,1,3,4,138.42561707805203
381,13,3,5,138.42561707805203
381,20,3,6,138.42561707805203
382,13,3,1,208.4723148765844
382,3,1,2,6.00400266844563
382,2,4,3,394.59639759839894
382,4,3,4,208.4723148765844
382,15,4,5,394.59639759839894
382,17,4,6,394.59639759839894
383,2,4,1,43.36224149432955
383,3,1,2,344.22948632421617
383,18,4,3,43.36224149432955
383,7,1,4,344.22948632421617
383,16,1,5,344.22948632421617
383,13,3,6,279.1861240827218
383,9,3,7,279.1861240827218
384,5,3,1,35.690460306871245
384,19,4,2,487.32488325550366
384,17,4,3,487.32488325550366
384,13,3,4,35.690460306871245
384,8,1,5,95.06337558372248
384,4,3,6,35.690460306871245
384,7,1,7,95.06337558372248
384,2,4,8,487.32488325550366
385,17,4,1,395.26350900600397
385,12,3,2,165.44362908605737
385,10,2,3,406.9379586390927
385,11,3,4,165.44362908605737
385,1,3,5,165.44362908605737
385,7,1,6,423.61574382921947
385,20,3,7,165.44362908605737
385,19,4,8,395.26350900600397
386,7,1,1,137.75850567044697
386,17,4,2,9.33955970647098
386,12,3,3,299.866577718479
386,5,3,4,299.866577718479
386,20,3,5,299.866577718479
386,2,4,6,9.33955970647098
386,13,3,7,299.866577718479
386,8,1,8,137.75850567044697
387,4,3,1,6.337558372248165
387,16,1,2,410.2735156771181
387,15,4,3,307.8719146097398
387,20,3,4,6.337558372248165
387,10,2,5,452.9686457638426
387,1,3,6,6.337558372248165
387,6,4,7,307.8719146097398
388,19,4,1,139.0927284856571
388,1,3,2,308.2054703135424
388,5,3,3,308.2054703135424
388,18,4,4,139.0927284856571
388,3,1,5,10.340226817878586
388,15,4,6,139.0927284856571
388,16,1,7,10.340226817878586
388,2,4,8,139.0927284856571
388,13,3,9,308.2054703135424
389,2,4,1,170.78052034689793
389,12,3,2,173.78252168112076
389,1,3,3,173.78252168112076
389,10,2,4,198.46564376250834
389,13,3,5,173.78252168112076
389,7,1,6,249.16611074049365
389,20,3,7,173.78252168112076
389,4,3,8,173.78252168112076
389,9,3,9,173.78252168112076
389,19,4,10,170.78052034689793
390,10,2,1,413.27551701134087
390,16,1,2,70.04669779853235
390,8,1,3,70.04669779853235
390,17,4,4,171.78118745830554
390,11,3,5,357.90527018012006
391,13,3,1,365.9106070713809
391,7,1,2,450.96731154102736
391,11,3,3,365.9106070713809
391,8,1,4,450.96731154102736
391,10,2,5,185.12341561040694
391,1,3,6,365.9106070713809
391,20,3,7,365.9106070713809
391,9,3,8,365.9106070713809
391,5,3,9,365.9106070713809
391,12,3,10,365.9106070713809
392,13,3,1,374.5830553702468
392,8,1,2,412.94196130753835
392,14,3,3,374.5830553702468
392,17,4,4,226.4843228819213
392,18,4,5,226.4843228819213
393,3,1,1,329.88659106070713
393,11,3,2,163.10873915943964
393,9,3,3,163.10873915943964
393,15,4,4,301.53435623749164
393,7,1,5,329.88659106070713
393,20,3,6,163.10873915943964
393,10,2,7,199.7998665777185
393,18,4,8,301.53435623749164
393,5,3,9,163.10873915943964
394,1,3,1,331.55436957971983
394,4,3,2,331.55436957971983
394,19,4,3,354.2361574382922
394,6,4,4,354.2361574382922
394,15,4,5,354.2361574382922
394,3,1,6,284.18945963975983
394,11,3,7,331.55436957971983
394,12,3,8,331.55436957971983
394,20,3,9,331.55436957971983
394,17,4,10,354.2361574382922
395,8,1,1,154.76984656437625
395,1,3,2,238.49232821881253
395,17,4,3,383.2555036691127
395,9,3,4,238.49232821881253
395,6,4,5,383.2555036691127
395,4,3,6,238.49232821881253
396,8,1,1,327.5517011340894
396,12,3,2,454.9699799866578
396,17,4,3,345.2301534356237
396,13,3,4,454.9699799866578
396,16,1,5,327.5517011340894
396,6,4,6,345.2301534356237
397,20,3,1,157.43829219479653
397,9,3,2,157.43829219479653
397,14,3,3,157.43829219479653
397,8,1,4,493.99599733155435
397,1,3,5,157.43829219479653
398,17,4,1,6.337558372248165
398,13,3,2,254.83655770513676
398,16,1,3,168.7791861240827
398,11,3,4,254.83655770513676
398,15,4,5,6.337558372248165
398,7,1,6,168.7791861240827
398,8,1,7,168.7791861240827
398,20,3,8,254.83655770513676
399,7,1,1,62.70847231487658
399,19,4,2,452.3015343562375
399,2,4,3,452.3015343562375
399,15,4,4,452.3015343562375
399,12,3,5,69.04603068712476
399,9,3,6,69.04603068712476
399,8,1,7,62.70847231487658
399,18,4,8,452.3015343562375
399,4,3,9,69.04603068712476
400,20,3,1,96.73115410273516
400,14,3,2,96.73115410273516
400,1,3,3,96.73115410273516
400,10,2,4,171.11407605070048
400,19,4,5,193.46230820547032
400,5,3,6,96.73115410273516
400,6,4,7,193.46230820547032
400,15,4,8,193.46230820547032
401,5,3,1,114.74316210807204
401,14,3,2,114.74316210807204
401,6,4,3,72.3815877251501
401,18,4,4,72.3815877251501
401,19,4,5,72.3815877251501
401,13,3,6,114.74316210807204
402,9,3,1,32.354903268845895
402,4,3,2,32.354903268845895
402,15,4,3,134.42294863242162
402,6,4,4,134.42294863242162
402,3,1,5,175.45030020013343
402,11,3,6,32.354903268845895
402,2,4,7,134.42294863242162
402,12,3,8,32.354903268845895
403,6,4,1,114.40960640426951
403,16,1,2,477.31821214142764
403,11,3,3,231.15410273515675
403,18,4,4,114.40960640426951
403,10,2,5,356.90460306871245
403,14,3,6,231.15410273515675
403,13,3,7,231.15410273515675
403,2,4,8,114.40960640426951
404,1,3,1,324.8832555036691
404,17,4,2,227.8185456971314
404,10,2,3,274.1827885256838
404,4,3,4,324.8832555036691
404,15,4,5,227.8185456971314
404,6,4,6,227.8185456971314
404,5,3,7,324.8832555036691
405,15,4,1,24.68312208138759
405,18,4,2,24.68312208138759
405,2,4,3,24.68312208138759
405,16,1,4,449.96664442961975
405,17,4,5,24.68312208138759
405,8,1,6,449.96664442961975
405,19,4,7,24.68312208138759
405,7,1,8,449.96664442961975
405,1,3,9,23.34889926617745
406,5,3,1,167.4449633088726
406,2,4,2,161.10740493662442
406,12,3,3,167.4449633088726
406,20,3,4,167.4449633088726
406,11,3,5,167.4449633088726
406,18,4,6,161.10740493662442
407,4,3,1,348.23215476984655
407,6,4,2,147.09806537691793
407,18,4,3,147.09806537691793
407,14,3,4,348.23215476984655
407,10,2,5,367.24482988659105
408,10,2,1,137.0913942628419
408,13,3,2,72.71514342895263
408,11,3,3,72.71514342895263
408,12,3,4,72.71514342895263
408,3,1,5,16.010673782521682
409,7,1,1,382.2548365577051
409,4,3,2,344.8965977318212
409,9,3,3,344.8965977318212
409,16,1,4,382.2548365577051
409,17,4,5,220.48032021347564
409,5,3,6,344.8965977318212
409,11,3,7,344.8965977318212
410,20,3,1,450.30020013342227
410,19,4,2,304.86991327551704
410,14,3,3,450.30020013342227
410,11,3,4,450.30020013342227
410,18,4,5,304.86991327551704
410,9,3,6,450.30020013342227
410,10,2,7,352.5683789192795
410,16,1,8,51.70113408939293
411,10,2,1,337.5583722481654
411,6,4,2,221.14743162108073
411,16,1,3,178.1187458305537
411,7,1,4,178.1187458305537
411,1,3,5,292.5283522348232
411,19,4,6,221.14743162108073
411,2,4,7,221.14743162108073
411,8,1,8,178.1187458305537
412,20,3,1,268.17878585723815
412,18,4,2,29.35290193462308
412,1,3,3,268.17878585723815
412,19,4,4,29.35290193462308
412,5,3,5,268.17878585723815
412,12,3,6,268.17878585723815
412,7,1,7,390.927284856571
413,4,3,1,352.234823215477
413,19,4,2,72.71514342895263
413,13,3,3,352.234823215477
413,1,3,4,352.234823215477
413,11,3,5,352.234823215477
414,20,3,1,223.48232154769846
414,6,4,2,108.07204803202134
414,5,3,3,223.48232154769846
414,3,1,4,360.9072715143429
414,2,4,5,108.07204803202134
414,19,4,6,108.07204803202134
414,9,3,7,223.48232154769846
414,16,1,8,360.9072715143429
414,11,3,9,223.48232154769846
414,8,1,10,360.9072715143429
415,11,3,1,1.667778519012675
415,16,1,2,344.5630420280187
415,5,3,3,1.667778519012675
415,3,1,4,344.5630420280187
415,12,3,5,1.667778519012675
415,19,4,6,201.13408939292862
416,12,3,1,235.82388258839225
416,6,4,2,31.35423615743829
416,18,4,3,31.35423615743829
416,13,3,4,235.82388258839225
416,14,3,5,235.82388258839225
416,15,4,6,31.35423615743829
416,4,3,7,235.82388258839225
416,10,2,8,244.16277518345564
416,20,3,9,235.82388258839225
417,19,4,1,136.0907271514343
417,4,3,2,225.8172114743162
417,10,2,3,438.292194796531
417,6,4,4,136.0907271514343
417,13,3,5,225.8172114743162
417,17,4,6,136.0907271514343
417,7,1,7,114.40960640426951
418,9,3,1,141.42761841227485
418,11,3,2,141.42761841227485
418,12,3,3,141.42761841227485
418,17,4,4,108.40560373582389
418,5,3,5,141.42761841227485
418,7,1,6,239.49299533022014
418,14,3,7,141.42761841227485
418,16,1,8,239.49299533022014
419,17,4,1,262.1747831887925
419,1,3,2,314.87658438959306
419,15,4,3,262.1747831887925
419,4,3,4,314.87658438959306
419,2,4,5,262.1747831887925
419,13,3,6,314.87658438959306
420,18,4,1,280.1867911941294
420,1,3,2,20.346897931954636
420,4,3,3,20.346897931954636
420,10,2,4,281.8545697131421
420,17,4,5,280.1867911941294
421,3,1,1,457.97198132088056
421,15,4,2,44.02935290193462
421,5,3,3,286.52434956637757
421,4,3,4,286.52434956637757
421,9,3,5,286.52434956637757
421,11,3,6,286.52434956637757
421,18,4,7,44.02935290193462
422,11,3,1,130.4202801867912
422,9,3,2,130.4202801867912
422,18,4,3,245.49699799866576
422,12,3,4,130.4202801867912
422,20,3,5,130.4202801867912
422,3,1,6,274.84989993328884
423,18,4,1,313.54236157438294
423,1,3,2,153.10206804536358
423,11,3,3,153.10206804536358
423,2,4,4,313.54236157438294
423,20,3,5,153.10206804536358
423,3,1,6,181.1207471647765
423,15,4,7,313.54236157438294
424,13,3,1,268.51234156104067
424,15,4,2,241.1607738492328
424,14,3,3,268.51234156104067
424,12,3,4,268.51234156104067
424,6,4,5,241.1607738492328
425,19,4,1,132.08805870580386
425,20,3,2,414.60973982655105
425,3,1,3,121.08072048032021
425,4,3,4,414.60973982655105
425,8,1,5,121.08072048032021
425,5,3,6,414.60973982655105
425,15,4,7,132.08805870580386
425,11,3,8,414.60973982655105
426,15,4,1,175.78385590393594
426,8,1,2,403.60240160106736
426,6,4,3,175.78385590393594
426,11,3,4,106.07071380920614
426,1,3,5,106.07071380920614
426,18,4,6,175.78385590393594
426,13,3,7,106.07071380920614
427,12,3,1,112.40827218145431
427,4,3,2,112.40827218145431
427,17,4,3,293.1954636424283
427,5,3,4,112.40827218145431
427,10,2,5,231.82121414276185
427,7,1,6,410.94062708472313
428,13,3,1,254.1694462975317
428,10,2,2,1.0006671114076051
428,18,4,3,267.84523015343564
428,4,3,4,254.1694462975317
428,14,3,5,254.1694462975317
428,15,4,6,267.84523015343564
428,8,1,7,115.41027351567712
429,20,3,1,9.33955970647098
429,14,3,2,9.33955970647098
429,8,1,3,409.606404269513
429,11,3,4,9.33955970647098
429,19,4,5,168.7791861240827
429,3,1,6,409.606404269513
430,7,1,1,480.9873248832555
430,15,4,2,449.29953302201466
430,4,3,3,222.8152101400934
430,6,4,4,449.29953302201466
430,2,4,5,449.29953302201466
430,18,4,6,449.29953302201466
430,10,2,7,493.3288859239493
431,7,1,1,181.45430286857905
431,13,3,2,427.6184122748499
431,2,4,3,434.9566377585057
431,3,1,4,181.45430286857905
431,5,3,5,427.6184122748499
431,11,3,6,427.6184122748499
431,8,1,7,181.45430286857905
431,19,4,8,434.9566377585057
431,1,3,9,427.6184122748499
431,14,3,10,427.6184122748499
432,14,3,1,424.9499666444296
432,19,4,2,377.91861240827217
432,20,3,3,424.9499666444296
432,10,2,4,350.90060040026685
432,12,3,5,424.9499666444296
432,1,3,6,424.9499666444296
432,3,1,7,361.574382921948
433,14,3,1,175.11674449633088
433,4,3,2,175.11674449633088
433,1,3,3,175.11674449633088
433,12,3,4,175.11674449633088
433,2,4,5,265.8438959306204
433,18,4,6,265.8438959306204
433,5,3,7,175.11674449633088
434,9,3,1,425.6170780520347
434,11,3,2,425.6170780520347
434,14,3,3,425.6170780520347
434,13,3,4,425.6170780520347
434,3,1,5,206.13742494996663
434,8,1,6,206.13742494996663
434,20,3,7,425.6170780520347
434,4,3,8,425.6170780520347
434,18,4,9,336.5577051367578
434,19,4,10,336.5577051367578
435,20,3,1,443.6290860573716
435,16,1,2,198.79919946631088
435,11,3,3,443.6290860573716
435,1,3,4,443.6290860573716
435,3,1,5,198.79919946631088
435,5,3,6,443.6290860573716
436,19,4,1,14.00933955970647
436,20,3,2,4.336224149432955
436,8,1,3,452.3015343562375
436,15,4,4,14.00933955970647
436,9,3,5,4.336224149432955
436,14,3,6,4.336224149432955
436,6,4,7,14.00933955970647
436,16,1,8,452.3015343562375
437,15,4,1,215.81054036024017
437,8,1,2,81.05403602401601
437,18,4,3,215.81054036024017
437,10,2,4,451.3008672448299
437,17,4,5,215.81054036024017
437,9,3,6,71.38092061374249
437,14,3,7,71.38092061374249
437,6,4,8,215.81054036024017
437,16,1,9,81.05403602401601
438,10,2,1,12.341561040693795
438,3,1,2,282.5216811207472
438,14,3,3,287.5250166777852
438,17,4,4,367.57838559039357
438,15,4,5,367.57838559039357
438,2,4,6,367.57838559039357
438,18,4,7,367.57838559039357
438,5,3,8,287.5250166777852
438,16,1,9,282.5216811207472
438,9,3,10,287.5250166777852
439,10,2,1,320.2134756504336
439,18,4,2,126.08405603735824
439,1,3,3,305.20346897931955
439,20,3,4,305.20346897931955
439,12,3,5,305.20346897931955
439,15,4,6,126.08405603735824
439,16,1,7,188.79252835223483
440,2,4,1,238.49232821881253
440,20,3,2,311.5410273515677
440,9,3,3,311.5410273515677
440,10,2,4,184.7898599066044
440,16,1,5,296.53102068045365
441,1,3,1,213.80920613742495
441,16,1,2,471.6477651767845
441,17,4,3,457.63842561707804
441,2,4,4,457.63842561707804
441,10,2,5,497.3315543695797
441,12,3,6,213.80920613742495
441,9,3,7,213.80920613742495
441,5,3,8,213.80920613742495
441,3,1,9,471.6477651767845
441,20,3,10,213.80920613742495
442,13,3,1,310.5403602401601
442,18,4,2,114.07605070046698
442,6,4,3,114.07605070046698
442,9,3,4,310.5403602401601
442,15,4,5,114.07605070046698
442,4,3,6,310.5403602401601
442,8,1,7,312.54169446297533
442,5,3,8,310.5403602401601
442,12,3,9,310.5403602401601
443,11,3,1,96.06404269513008
443,6,4,2,123.74916611074049
443,1,3,3,96.06404269513008
443,12,3,4,96.06404269513008
443,7,1,5,273.1821214142762
443,5,3,6,96.06404269513008
443,8,1,7,273.1821214142762
443,15,4,8,123.74916611074049
444,9,3,1,373.2488325550367
444,8,1,2,145.09673115410274
444,5,3,3,373.2488325550367
444,16,1,4,145.09673115410274
444,20,3,5,373.2488325550367
444,13,3,6,373.2488325550367
444,18,4,7,178.1187458305537
444,3,1,8,145.09673115410274
445,5,3,1,254.5030020013342
445,10,2,2,363.5757171447632
445,4,3,3,254.5030020013342
445,12,3,4,254.5030020013342
445,18,4,5,458.30553702468313
445,2,4,6,458.30553702468313
445,11,3,7,254.5030020013342
445,6,4,8,458.30553702468313
445,14,3,9,254.5030020013342
446,17,4,1,86.7244829886591
446,16,1,2,391.5943962641761
446,13,3,3,300.2001334222815
446,11,3,4,300.2001334222815
446,1,3,5,300.2001334222815
446,6,4,6,86.7244829886591
446,18,4,7,86.7244829886591
446,9,3,8,300.2001334222815
446,19,4,9,86.7244829886591
446,7,1,10,391.5943962641761
447,20,3,1,65.37691794529687
447,17,4,2,32.354903268845895
447,7,1,3,102.73515677118078
447,11,3,4,65.37691794529687
447,16,1,5,102.73515677118078
447,1,3,6,65.37691794529687
447,10,2,7,408.2721814543029
447,15,4,8,32.354903268845895
447,9,3,9,65.37691794529687
447,2,4,10,32.354903268845895
448,6,4,1,156.43762508338892
448,3,1,2,143.42895263509007
448,9,3,3,291.1941294196131
448,10,2,4,131.08739159439625
448,15,4,5,156.43762508338892
449,13,3,1,439.95997331554366
449,20,3,2,439.95997331554366
449,2,4,3,393.92928619079385
449,3,1,4,313.20880587058036
449,7,1,5,313.20880587058036
449,9,3,6,439.95997331554366
449,6,4,7,393.92928619079385
450,3,1,1,132.75517011340895
450,19,4,2,56.03735823882588
450,6,4,3,56.03735823882588
450,16,1,4,132.75517011340895
450,7,1,5,132.75517011340895
450,4,3,6,211.80787191460973
450,13,3,7,211.80787191460973
450,9,3,8,211.80787191460973
451,3,1,1,141.0940627084723
451,19,4,2,248.16544362908604
451,15,4,3,248.16544362908604
451,9,3,4,489.6597731821214
451,2,4,5,248.16544362908604
452,11,3,1,465.31020680453634
452,9,3,2,465.31020680453634
452,5,3,3,465.31020680453634
452,13,3,4,465.31020680453634
452,20,3,5,465.31020680453634
453,12,3,1,423.949299533022
453,8,1,2,18.01200800533689
453,13,3,3,423.949299533022
453,3,1,4,18.01200800533689
453,7,1,5,18.01200800533689
453,1,3,6,423.949299533022
453,14,3,7,423.949299533022
453,19,4,8,4.66977985323549
454,12,3,1,336.2241494329553
454,11,3,2,336.2241494329553
454,13,3,3,336.2241494329553
454,2,4,4,379.58639092728487
454,8,1,5,367.24482988659105
454,3,1,6,367.24482988659105
454,14,3,7,336.2241494329553
454,19,4,8,379.58639092728487
455,11,3,1,284.18945963975983
455,12,3,2,284.18945963975983
455,13,3,3,284.18945963975983
455,3,1,4,194.79653102068045
455,4,3,5,284.18945963975983
455,15,4,6,15.010006671114075
455,16,1,7,194.79653102068045
456,19,4,1,66.04402935290193
456,13,3,2,319.8799199466311
456,8,1,3,199.1327551701134
456,16,1,4,199.1327551701134
456,3,1,5,199.1327551701134
457,20,3,1,22.68178785857238
457,11,3,2,22.68178785857238
457,18,4,3,274.1827885256838
457,2,4,4,274.1827885256838
457,19,4,5,274.1827885256838
458,2,4,1,47.03135423615744
458,8,1,2,394.2628418945964
458,1,3,3,496.9979986657772
458,11,3,4,496.9979986657772
458,5,3,5,496.9979986657772
458,17,4,6,47.03135423615744
458,12,3,7,496.9979986657772
458,3,1,8,394.2628418945964
458,18,4,9,47.03135423615744
458,20,3,10,496.9979986657772
459,6,4,1,454.9699799866578
459,2,4,2,454.9699799866578
459,3,1,3,376.2508338892595
459,4,3,4,298.1987991994663
459,15,4,5,454.9699799866578
459,8,1,6,376.2508338892595
459,20,3,7,298.1987991994663
460,4,3,1,448.6324216144096
460,14,3,2,448.6324216144096
460,5,3,3,448.6324216144096
460,20,3,4,448.6324216144096
460,19,4,5,396.59773182121415
460,13,3,6,448.6324216144096
460,11,3,7,448.6324216144096
461,14,3,1,269.17945296864576
461,9,3,2,269.17945296864576
461,6,4,3,157.43829219479653
461,5,3,4,269.17945296864576
461,12,3,5,269.17945296864576
462,8,1,1,490.3268845897265
462,13,3,2,32.021347565043364
462,5,3,3,32.021347565043364
462,20,3,4,32.021347565043364
462,6,4,5,498.6657771847899
462,1,3,6,32.021347565043364
462,15,4,7,498.6657771847899
462,4,3,8,32.021347565043364
462,2,4,9,498.6657771847899
463,9,3,1,240.8272181454303
463,19,4,2,65.7104736490994
463,7,1,3,33.3555703802535
463,4,3,4,240.8272181454303
463,10,2,5,6.337558372248165
463,5,3,6,240.8272181454303
463,15,4,7,65.7104736490994
463,3,1,8,33.3555703802535
463,20,3,9,240.8272181454303
463,1,3,10,240.8272181454303
464,18,4,1,385.92394929953304
464,6,4,2,385.92394929953304
464,8,1,3,255.83722481654436
464,4,3,4,220.48032021347564
464,7,1,5,255.83722481654436
464,10,2,6,125.41694462975316
464,13,3,7,220.48032021347564
464,17,4,8,385.92394929953304
464,9,3,9,220.48032021347564
465,6,4,1,76.71781187458305
465,16,1,2,260.17344896597734
465,19,4,3,76.71781187458305
465,17,4,4,76.71781187458305
465,5,3,5,46.36424282855237
466,11,3,1,170.78052034689793
466,9,3,2,170.78052034689793
466,2,4,3,279.8532354903269
466,14,3,4,170.78052034689793
466,15,4,5,279.8532354903269
466,7,1,6,471.9813208805871
466,1,3,7,170.78052034689793
467,15,4,1,80.72048032021347
467,8,1,2,88.72581721147432
467,17,4,3,80.72048032021347
467,6,4,4,80.72048032021347
467,3,1,5,88.72581721147432
467,10,2,6,40.0266844563042
467,4,3,7,129.41961307538358
467,16,1,8,88.72581721147432
468,13,3,1,409.606404269513
468,15,4,2,461.974649766511
468,14,3,3,409.606404269513
468,7,1,4,237.49166110740492
468,4,3,5,409.606404269513
468,8,1,6,237.49166110740492
469,6,4,1,335.2234823215477
469,5,3,2,317.8785857238159
469,14,3,3,317.8785857238159
469,7,1,4,98.73248832555036
469,15,4,5,335.2234823215477
470,10,2,1,289.1927951967979
470,19,4,2,440.9606404269513
470,7,1,3,459.63975983989326
470,14,3,4,398.2655103402268
470,3,1,5,459.63975983989326
470,20,3,6,398.2655103402268
470,1,3,7,398.2655103402268
470,12,3,8,398.2655103402268
470,9,3,9,398.2655103402268
470,11,3,10,398.2655103402268
471,10,2,1,301.2008005336891
471,7,1,2,153.76917945296864
471,19,4,3,255.83722481654436
471,6,4,4,255.83722481654436
471,8,1,5,153.76917945296864
471,3,1,6,153.76917945296864
472,14,3,1,497.9986657771848
472,10,2,2,17.678452301534357
472,6,4,3,201.46764509673116
472,9,3,4,497.9986657771848
472,7,1,5,331.55436957971983
472,1,3,6,497.9986657771848
472,17,4,7,201.46764509673116
472,8,1,8,331.55436957971983
473,13,3,1,287.19146097398266
473,2,4,2,215.47698465643762
473,17,4,3,215.47698465643762
473,16,1,4,339.55970647098064
473,14,3,5,287.19146097398266
474,14,3,1,161.77451634422948
474,3,1,2,333.555703802535
474,7,1,3,333.555703802535
474,18,4,4,40.69379586390927
474,20,3,5,161.77451634422948
474,1,3,6,161.77451634422948
475,6,4,1,475.65043362241494
475,10,2,2,77.71847898599066
475,16,1,3,125.7505003335557
475,1,3,4,154.4362908605737
475,15,4,5,475.65043362241494
476,3,1,1,95.39693128752502
476,13,3,2,401.60106737825214
476,15,4,3,50.03335557038025
476,12,3,4,401.60106737825214
476,1,3,5,401.60106737825214
476,19,4,6,50.03335557038025
477,1,3,1,480.653769179453
477,18,4,2,184.45630420280187
477,3,1,3,493.3288859239493
477,20,3,4,480.653769179453
477,7,1,5,493.3288859239493
477,12,3,6,480.653769179453
477,11,3,7,480.653769179453
478,12,3,1,369.91327551701136
478,18,4,2,331.88792528352235
478,9,3,3,369.91327551701136
478,2,4,4,331.88792528352235
478,6,4,5,331.88792528352235
478,15,4,6,331.88792528352235
478,11,3,7,369.91327551701136
479,8,1,1,42.02801867911941
479,18,4,2,5.670446964643095
479,4,3,3,191.4609739826551
479,7,1,4,42.02801867911941
479,6,4,5,5.670446964643095
479,16,1,6,42.02801867911941
480,12,3,1,229.81987991994663
480,4,3,2,229.81987991994663
480,20,3,3,229.81987991994663
480,15,4,4,297.1981320880587
480,16,1,5,109.07271514342895
481,2,4,1,344.22948632421617
481,12,3,2,469.97998665777186
481,3,1,3,97.39826551034022
481,16,1,4,97.39826551034022
481,20,3,5,469.97998665777186
481,5,3,6,469.97998665777186
481,19,4,7,344.22948632421617
481,7,1,8,97.39826551034022
481,17,4,9,344.22948632421617
481,15,4,10,344.22948632421617
482,18,4,1,444.6297531687792
482,16,1,2,192.12808539026017
482,12,3,3,368.5790527018012
482,5,3,4,368.5790527018012
482,14,3,5,368.5790527018012
482,8,1,6,192.12808539026017
482,7,1,7,192.12808539026017
483,8,1,1,264.1761174116077
483,17,4,2,368.91260840560375
483,18,4,3,368.91260840560375
483,14,3,4,430.28685790527015
483,11,3,5,430.28685790527015
484,6,4,1,471.9813208805871
484,13,3,2,195.4636424282855
484,20,3,3,195.4636424282855
484,19,4,4,471.9813208805871
484,10,2,5,72.71514342895263
484,18,4,6,471.9813208805871
484,5,3,7,195.4636424282855
484,4,3,8,195.4636424282855
485,12,3,1,429.6197464976651
485,10,2,2,230.4869913275517
485,3,1,3,118.41227484989993
485,19,4,4,461.30753835890596
485,6,4,5,461.30753835890596
485,14,3,6,429.6197464976651
485,20,3,7,429.6197464976651
485,18,4,8,461.30753835890596
486,9,3,1,109.07271514342895
486,11,3,2,109.07271514342895
486,18,4,3,146.43095396931287
486,12,3,4,109.07271514342895
486,2,4,5,146.43095396931287
486,7,1,6,456.97131420947295
486,14,3,7,109.07271514342895
486,6,4,8,146.43095396931287
487,15,4,1,118.41227484989993
487,5,3,2,418.2788525683789
487,1,3,3,418.2788525683789
487,13,3,4,418.2788525683789
487,16,1,5,56.70446964643095
488,6,4,1,356.90460306871245
488,12,3,2,181.45430286857905
488,15,4,3,356.90460306871245
488,2,4,4,356.90460306871245
488,5,3,5,181.45430286857905
488,8,1,6,295.86390927284856
488,14,3,7,181.45430286857905
488,16,1,8,295.86390927284856
488,20,3,9,181.45430286857905
488,10,2,10,224.48298865910607
489,17,4,1,179.45296864576383
489,8,1,2,164.7765176784523
489,11,3,3,123.41561040693796
489,2,4,4,179.45296864576383
489,7,1,5,164.7765176784523
490,10,2,1,157.43829219479653
490,7,1,2,218.1454302868579
490,6,4,3,42.02801867911941
490,3,1,4,218.1454302868579
490,13,3,5,192.4616410940627
490,17,4,6,42.02801867911941
490,8,1,7,218.1454302868579
490,15,4,8,42.02801867911941
490,18,4,9,42.02801867911941
491,6,4,1,68.37891927951968
491,5,3,2,125.08338892595063
491,1,3,3,125.08338892595063
491,12,3,4,125.08338892595063
491,13,3,5,125.08338892595063
491,19,4,6,68.37891927951968
491,10,2,7,404.26951300867245
492,12,3,1,0.333555703802535
492,19,4,2,297.8652434956638
492,14,3,3,0.333555703802535
492,7,1,4,434.9566377585057
492,20,3,5,0.333555703802535
492,3,1,6,434.9566377585057
492,18,4,7,297.8652434956638
492,6,4,8,297.8652434956638
492,10,2,9,168.4456304202802
492,15,4,10,297.8652434956638
493,14,3,1,50.03335557038025
493,1,3,2,50.03335557038025
493,9,3,3,50.03335557038025
493,19,4,4,139.75983989326218
493,6,4,5,139.75983989326218
494,6,4,1,256.5043362241494
494,16,1,2,210.4736490993996
494,13,3,3,258.83922615076716
494,14,3,4,258.83922615076716
494,2,4,5,256.5043362241494
494,10,2,6,498.6657771847899
495,10,2,1,201.80120080053368
495,20,3,2,355.5703802535023
495,5,3,3,355.5703802535023
495,1,3,4,355.5703802535023
495,9,3,5,355.5703802535023
495,11,3,6,355.5703802535023
496,6,4,1,390.927284856571
496,18,4,2,390.927284856571
496,5,3,3,31.35423615743829
496,1,3,4,31.35423615743829
496,8,1,5,46.6977985323549
496,13,3,6,31.35423615743829
496,4,3,7,31.35423615743829
496,16,1,8,46.6977985323549
497,14,3,1,49.03268845897265
497,12,3,2,49.03268845897265
497,17,4,3,244.49633088725818
497,5,3,4,49.03268845897265
497,16,1,5,377.25150100066713
497,1,3,6,49.03268845897265
497,4,3,7,49.03268845897265
498,7,1,1,343.5623749166111
498,2,4,2,110.40693795863909
498,6,4,3,110.40693795863909
498,5,3,4,498.3322214809873
498,18,4,5,110.40693795863909
498,11,3,6,498.3322214809873
498,15,4,7,110.40693795863909
498,12,3,8,498.3322214809873
498,1,3,9,498.3322214809873
498,9,3,10,498.3322214809873
499,18,4,1,234.82321547698464
499,9,3,2,152.43495663775852
499,17,4,3,234.82321547698464
499,2,4,4,234.82321547698464
499,6,4,5,234.82321547698464
499,12,3,6,152.43495663775852
499,20,3,7,152.43495663775852
499,11,3,8,152.43495663775852
499,10,2,9,0.66711140760507
500,5,3,1,255.50366911274182
500,7,1,2,407.6050700466978
500,4,3,3,255.50366911274182
500,6,4,4,270.5136757838559
500,14,3,5,255.50366911274182
500,8,1,6,407.6050700466978
500,19,4,7,270.5136757838559
501,16,1,1,240.1601067378252
501,5,3,2,194.12941961307538
501,4,3,3,194.12941961307538
501,12,3,4,194.12941961307538
501,1,3,5,194.12941961307538
502,10,2,1,298.8659106070714
502,1,3,2,26.350900600400266
502,17,4,3,270.18012008005337
502,14,3,4,26.350900600400266
502,2,4,5,270.18012008005337
502,11,3,6,26.350900600400266
502,12,3,7,26.350900600400266
502,4,3,8,26.350900600400266
502,6,4,9,270.18012008005337
503,4,3,1,67.71180787191462
503,3,1,2,184.12274849899933
503,16,1,3,184.12274849899933
503,14,3,4,67.71180787191462
503,1,3,5,67.71180787191462
504,4,3,1,211.4743162108072
504,19,4,2,208.4723148765844
504,16,1,3,66.37758505670448
504,17,4,4,208.4723148765844
504,2,4,5,208.4723148765844
505,7,1,1,312.20813875917275
505,1,3,2,428.285523682455
505,11,3,3,428.285523682455
505,6,4,4,118.74583055370246
505,20,3,5,428.285523682455
505,4,3,6,428.285523682455
505,2,4,7,118.74583055370246
505,3,1,8,312.20813875917275
505,17,4,9,118.74583055370246
505,19,4,10,118.74583055370246
506,7,1,1,416.61107404936627
506,19,4,2,312.20813875917275
506,18,4,3,312.20813875917275
506,1,3,4,251.5010006671114
506,17,4,5,312.20813875917275
507,8,1,1,465.31020680453634
507,4,3,2,430.95396931287524
507,3,1,3,465.31020680453634
507,12,3,4,430.95396931287524
507,11,3,5,430.95396931287524
507,10,2,6,45.03002001334223
507,16,1,7,465.31020680453634
507,18,4,8,418.945963975984
507,17,4,9,418.945963975984
507,7,1,10,465.31020680453634
508,5,3,1,79.71981320880587
508,15,4,2,131.08739159439625
508,17,4,3,131.08739159439625
508,4,3,4,79.71981320880587
508,13,3,5,79.71981320880587
508,8,1,6,375.2501667778519
508,20,3,7,79.71981320880587
509,13,3,1,452.9686457638426
509,14,3,2,452.9686457638426
509,4,3,3,452.9686457638426
509,11,3,4,452.9686457638426
509,10,2,5,76.05070046697799
509,8,1,6,322.21480987324884
509,18,4,7,230.4869913275517
509,15,4,8,230.4869913275517
510,7,1,1,3.33555703802535
510,8,1,2,3.33555703802535
510,1,3,3,189.12608405603734
510,4,3,4,189.12608405603734
510,16,1,5,3.33555703802535
510,9,3,6,189.12608405603734
510,12,3,7,189.12608405603734
510,6,4,8,93.06204136090727
511,6,4,1,119.41294196130754
511,3,1,2,49.03268845897265
511,7,1,3,49.03268845897265
511,12,3,4,248.4989993328886
511,2,4,5,119.41294196130754
511,4,3,6,248.4989993328886
511,15,4,7,119.41294196130754
511,11,3,8,248.4989993328886
511,17,4,9,119.41294196130754
511,10,2,10,93.3955970647098
512,9,3,1,111.74116077384923
512,19,4,2,268.51234156104067
512,13,3,3,111.74116077384923
512,20,3,4,111.74116077384923
512,3,1,5,252.16811207471648
512,16,1,6,252.16811207471648
512,17,4,7,268.51234156104067
513,3,1,1,94.06270847231488
513,4,3,2,347.5650433622415
513,2,4,3,437.62508338892593
513,1,3,4,347.5650433622415
513,5,3,5,347.5650433622415
513,8,1,6,94.06270847231488
514,10,2,1,9.673115410273516
514,16,1,2,97.06470980653769
514,13,3,3,342.56170780520347
514,3,1,4,97.06470980653769
514,4,3,5,342.56170780520347
514,17,4,6,377.25150100066713
515,17,4,1,248.4989993328886
515,1,3,2,220.81387591727818
515,7,1,3,385.92394929953304
515,13,3,4,220.81387591727818
515,18,4,5,248.4989993328886
515,16,1,6,385.92394929953304
515,11,3,7,220.81387591727818
515,9,3,8,220.81387591727818
516,18,4,1,420.2801867911941
516,6,4,2,420.2801867911941
516,2,4,3,420.2801867911941
516,19,4,4,420.2801867911941
516,10,2,5,7.33822548365577
517,13,3,1,55.70380253502335
517,8,1,2,43.02868579052702
517,16,1,3,43.02868579052702
517,4,3,4,55.70380253502335
517,1,3,5,55.70380253502335
517,19,4,6,25.683789192795196
517,14,3,7,55.70380253502335
517,3,1,8,43.02868579052702
517,17,4,9,25.683789192795196
517,9,3,10,55.70380253502335
518,5,3,1,394.2628418945964
518,19,4,2,375.58372248165443
518,12,3,3,394.2628418945964
518,1,3,4,394.2628418945964
518,2,4,5,375.58372248165443
519,6,4,1,135.75717144763175
519,11,3,2,89.72648432288192
519,19,4,3,135.75717144763175
519,4,3,4,89.72648432288192
519,12,3,5,89.72648432288192
519,1,3,6,89.72648432288192
519,14,3,7,89.72648432288192
519,18,4,8,135.75717144763175
520,6,4,1,144.7631754503002
520,4,3,2,25.683789192795196
520,11,3,3,25.683789192795196
520,8,1,4,176.1174116077385
520,19,4,5,144.7631754503002
520,1,3,6,25.683789192795196
520,17,4,7,144.7631754503002
521,10,2,1,475.65043362241494
521,15,4,2,188.79252835223483
521,16,1,3,196.46430953969312
521,7,1,4,196.46430953969312
521,13,3,5,323.8825883922615
521,2,4,6,188.79252835223483
521,1,3,7,323.8825883922615
521,11,3,8,323.8825883922615
521,19,4,9,188.79252835223483
521,6,4,10,188.79252835223483
522,7,1,1,178.45230153435622
522,5,3,2,440.62708472314876
522,15,4,3,431.95463642428285
522,3,1,4,178.45230153435622
522,19,4,5,431.95463642428285
522,16,1,6,178.45230153435622
522,14,3,7,440.62708472314876
523,19,4,1,416.2775183455637
523,7,1,2,462.3082054703135
523,17,4,3,416.2775183455637
523,13,3,4,14.00933955970647
523,3,1,5,462.3082054703135
523,11,3,6,14.00933955970647
523,8,1,7,462.3082054703135
523,4,3,8,14.00933955970647
523,10,2,9,14.342895263509005
523,9,3,10,14.00933955970647
524,11,3,1,414.94329553035357
524,17,4,2,495.33022014676453
524,9,3,3,414.94329553035357
524,14,3,4,414.94329553035357
524,13,3,5,414.94329553035357
524,15,4,6,495.33022014676453
525,10,2,1,266.17745163442294
525,18,4,2,173.78252168112076
525,11,3,3,150.4336224149433
525,14,3,4,150.4336224149433
525,7,1,5,301.53435623749164
525,12,3,6,150.4336224149433
525,15,4,7,173.78252168112076
525,9,3,8,150.4336224149433
525,16,1,9,301.53435623749164
526,16,1,1,52.70180120080053
526,14,3,2,42.361574382921944
526,7,1,3,52.70180120080053
526,11,3,4,42.361574382921944
526,20,3,5,42.361574382921944
526,5,3,6,42.361574382921944
526,15,4,7,406.27084723148766
526,3,1,8,52.70180120080053
527,5,3,1,451.3008672448299
527,7,1,2,417.2781854569713
527,1,3,3,451.3008672448299
527,10,2,4,94.06270847231488
527,8,1,5,417.2781854569713
528,9,3,1,157.77184789859908
528,16,1,2,486.6577718478986
528,6,4,3,252.16811207471648
528,2,4,4,252.16811207471648
528,7,1,5,486.6577718478986
528,13,3,6,157.77184789859908
528,1,3,7,157.77184789859908
528,5,3,8,157.77184789859908
529,3,1,1,367.57838559039357
529,2,4,2,219.47965310206806
529,19,4,3,219.47965310206806
529,11,3,4,322.8819212808539
529,10,2,5,192.12808539026017
530,11,3,1,63.70913942628419
530,4,3,2,63.70913942628419
530,10,2,3,286.85790527018014
530,9,3,4,63.70913942628419
530,8,1,5,65.04336224149434
530,5,3,6,63.70913942628419
530,17,4,7,107.07138092061375
530,18,4,8,107.07138092061375
531,2,4,1,222.14809873248834
531,8,1,2,425.6170780520347
531,16,1,3,425.6170780520347
531,7,1,4,425.6170780520347
531,13,3,5,361.2408272181454
531,5,3,6,361.2408272181454
531,14,3,7,361.2408272181454
531,3,1,8,425.6170780520347
531,4,3,9,361.2408272181454
532,11,3,1,450.96731154102736
532,14,3,2,450.96731154102736
532,18,4,3,53.03535690460307
532,20,3,4,450.96731154102736
532,6,4,5,53.03535690460307
532,3,1,6,302.2014676450967
532,4,3,7,450.96731154102736
532,16,1,8,302.2014676450967
532,19,4,9,53.03535690460307
532,5,3,10,450.96731154102736
533,10,2,1,78.05203468979319
533,11,3,2,405.27018012008006
533,9,3,3,405.27018012008006
533,18,4,4,367.91194129419614
533,12,3,5,405.27018012008006
533,8,1,6,136.75783855903936
533,2,4,7,367.91194129419614
533,6,4,8,367.91194129419614
533,13,3,9,405.27018012008006
533,15,4,10,367.91194129419614
534,6,4,1,111.74116077384923
534,11,3,2,478.65243495663776
534,7,1,3,32.021347565043364
534,10,2,4,85.05670446964643
534,15,4,5,111.74116077384923
534,17,4,6,111.74116077384923
535,17,4,1,221.8145430286858
535,14,3,2,361.574382921948
535,3,1,3,498.3322214809873
535,19,4,4,221.8145430286858
535,11,3,5,361.574382921948
535,16,1,6,498.3322214809873
535,12,3,7,361.574382921948
535,4,3,8,361.574382921948
536,2,4,1,371.9146097398266
536,7,1,2,52.03468979319546
536,15,4,3,371.9146097398266
536,20,3,4,240.49366244162775
536,1,3,5,240.49366244162775
536,4,3,6,240.49366244162775
536,6,4,7,371.9146097398266
536,5,3,8,240.49366244162775
537,15,4,1,155.77051367578386
537,3,1,2,139.75983989326218
537,16,1,3,139.75983989326218
537,5,3,4,282.5216811207472
537,14,3,5,282.5216811207472
537,20,3,6,282.5216811207472
537,12,3,7,282.5216811207472
537,19,4,8,155.77051367578386
537,11,3,9,282.5216811207472
538,8,1,1,300.2001334222815
538,1,3,2,102.40160106737825
538,13,3,3,102.40160106737825
538,20,3,4,102.40160106737825
538,15,4,5,387.92528352234825
538,17,4,6,387.92528352234825
539,10,2,1,319.212808539026
539,13,3,2,113.07538358905937
539,14,3,3,113.07538358905937
539,9,3,4,113.07538358905937
539,6,4,5,206.13742494996663
539,2,4,6,206.13742494996663
540,15,4,1,237.49166110740492
540,4,3,2,419.9466310873916
540,11,3,3,419.9466310873916
540,8,1,4,452.9686457638426
540,18,4,5,237.49166110740492
540,17,4,6,237.49166110740492
540,1,3,7,419.9466310873916
540,2,4,8,237.49166110740492
540,14,3,9,419.9466310873916
541,17,4,1,473.3155436957972
541,19,4,2,473.3155436957972
541,14,3,3,260.50700466977986
541,20,3,4,260.50700466977986
541,3,1,5,226.15076717811874
541,13,3,6,260.50700466977986
541,7,1,7,226.15076717811874
541,10,2,8,189.12608405603734
542,8,1,1,328.552368245497
542,12,3,2,435.6237491661107
542,1,3,3,435.6237491661107
542,3,1,4,328.552368245497
542,15,4,5,140.0933955970647
542,19,4,6,140.0933955970647
543,1,3,1,493.66244162775183
543,6,4,2,353.5690460306871
543,14,3,3,493.66244162775183
543,3,1,4,149.09939959973315
543,4,3,5,493.66244162775183
543,9,3,6,493.66244162775183
543,16,1,7,149.09939959973315
543,13,3,8,493.66244162775183
543,18,4,9,353.5690460306871
543,19,4,10,353.5690460306871
544,3,1,1,59.37291527685123
544,16,1,2,59.37291527685123
544,12,3,3,139.0927284856571
544,2,4,4,124.41627751834557
544,6,4,5,124.41627751834557
544,19,4,6,124.41627751834557
544,8,1,7,59.37291527685123
544,5,3,8,139.0927284856571
544,18,4,9,124.41627751834557
544,9,3,10,139.0927284856571
545,11,3,1,320.54703135423614
545,9,3,2,320.54703135423614
545,2,4,3,120.0800533689126
545,16,1,4,130.08672448298867
545,5,3,5,320.54703135423614
546,6,4,1,223.48232154769846
546,11,3,2,307.5383589059373
546,14,3,3,307.5383589059373
546,12,3,4,307.5383589059373
546,16,1,5,442.29486324216145
546,17,4,6,223.48232154769846
546,9,3,7,307.5383589059373
546,8,1,8,442.29486324216145
546,3,1,9,442.29486324216145
547,6,4,1,399.599733155437
547,9,3,2,55.37024683122081
547,14,3,3,55.37024683122081
547,15,4,4,399.599733155437
547,16,1,5,267.51167444963306
548,14,3,1,309.20613742495
548,19,4,2,443.9626417611741
548,4,3,3,309.20613742495
548,15,4,4,443.9626417611741
548,18,4,5,443.9626417611741
548,16,1,6,425.9506337558372
548,12,3,7,309.20613742495
549,10,2,1,37.35823882588392
549,17,4,2,247.83188792528352
549,6,4,3,247.83188792528352
549,9,3,4,391.5943962641761
549,20,3,5,391.5943962641761
549,1,3,6,391.5943962641761
549,7,1,7,381.9212808539026
550,7,1,1,200.80053368912607
550,20,3,2,375.58372248165443
550,10,2,3,246.16410940627085
550,4,3,4,375.58372248165443
550,17,4,5,432.95530353569046
550,1,3,6,375.58372248165443
550,6,4,7,432.95530353569046
550,11,3,8,375.58372248165443
551,15,4,1,261.84122748499
551,10,2,2,293.5290193462308
551,17,4,3,261.84122748499
551,11,3,4,395.93062041360906
551,8,1,5,283.1887925283522
551,16,1,6,283.1887925283522
551,20,3,7,395.93062041360906
551,1,3,8,395.93062041360906
551,9,3,9,395.93062041360906
551,6,4,10,261.84122748499
552,17,4,1,60.37358238825884
552,3,1,2,370.2468312208139
552,9,3,3,140.7605070046698
552,19,4,4,60.37358238825884
552,18,4,5,60.37358238825884
552,7,1,6,370.2468312208139
552,4,3,7,140.7605070046698
552,20,3,8,140.7605070046698
552,13,3,9,140.7605070046698
553,5,3,1,31.687791861240825
553,11,3,2,31.687791861240825
553,16,1,3,310.2068045363576
553,20,3,4,31.687791861240825
553,14,3,5,31.687791861240825
553,18,4,6,470.3135423615744
553,13,3,7,31.687791861240825
553,4,3,8,31.687791861240825
553,12,3,9,31.687791861240825
553,10,2,10,478.9859906604403
554,10,2,1,231.15410273515675
554,9,3,2,285.52368245496996
554,18,4,3,278.8525683789193
554,16,1,4,260.50700466977986
554,6,4,5,278.8525683789193
554,13,3,6,285.52368245496996
554,3,1,7,260.50700466977986
554,14,3,8,285.52368245496996
555,3,1,1,418.6124082721814
555,19,4,2,491.99466310873913
555,8,1,3,418.6124082721814
555,7,1,4,418.6124082721814
555,16,1,5,418.6124082721814
555,17,4,6,491.99466310873913
555,20,3,7,372.9152768512341
555,5,3,8,372.9152768512341
556,2,4,1,213.4756504336224
556,14,3,2,29.019346230820545
556,10,2,3,270.84723148765846
556,15,4,4,213.4756504336224
556,3,1,5,98.0653769179453
556,17,4,6,213.4756504336224
557,9,3,1,270.84723148765846
557,18,4,2,359.9066044029353
557,2,4,3,359.9066044029353
557,15,4,4,359.9066044029353
557,12,3,5,270.84723148765846
557,10,2,6,133.75583722481653
557,13,3,7,270.84723148765846
557,4,3,8,270.84723148765846
558,15,4,1,463.6424282855237
558,3,1,2,305.53702468312207
558,14,3,3,26.6844563042028
558,10,2,4,90.72715143428952
558,11,3,5,26.6844563042028
559,3,1,1,29.35290193462308
559,9,3,2,63.37558372248165
559,14,3,3,63.37558372248165
559,4,3,4,63.37558372248165
559,18,4,5,257.1714476317545
559,6,4,6,257.1714476317545
560,17,4,1,438.9593062041361
560,16,1,2,13.675783855903935
560,15,4,3,438.9593062041361
560,20,3,4,393.59573048699133
560,13,3,5,393.59573048699133
560,10,2,6,344.22948632421617
561,7,1,1,326.5510340226818
561,19,4,2,282.5216811207472
561,4,3,3,50.70046697798532
561,12,3,4,50.70046697798532
561,5,3,5,50.70046697798532
561,1,3,6,50.70046697798532
562,18,4,1,176.78452301534355
562,16,1,2,411.2741827885257
562,5,3,3,312.87525016677785
562,3,1,4,411.2741827885257
562,7,1,5,411.2741827885257
562,19,4,6,176.78452301534355
562,20,3,7,312.87525016677785
562,14,3,8,312.87525016677785
562,8,1,9,411.2741827885257
562,13,3,10,312.87525016677785
563,19,4,1,310.87391594396263
563,7,1,2,230.82054703135424
563,15,4,3,310.87391594396263
563,13,3,4,145.09673115410274
563,10,2,5,417.9452968645764
563,6,4,6,310.87391594396263
563,1,3,7,145.09673115410274
563,8,1,8,230.82054703135424
564,18,4,1,128.41894596397597
564,17,4,2,128.41894596397597
564,20,3,3,252.83522348232154
564,16,1,4,475.98398932621745
564,13,3,5,252.83522348232154
565,20,3,1,209.80653769179452
565,15,4,2,450.96731154102736
565,11,3,3,209.80653769179452
565,18,4,4,450.96731154102736
565,9,3,5,209.80653769179452
565,3,1,6,243.49566377585057
565,19,4,7,450.96731154102736
565,7,1,8,243.49566377585057
566,12,3,1,304.86991327551704
566,6,4,2,186.12408272181455
566,7,1,3,331.22081387591726
566,10,2,4,307.20480320213477
566,16,1,5,331.22081387591726
567,5,3,1,381.9212808539026
567,11,3,2,381.9212808539026
567,10,2,3,162.44162775183455
567,16,1,4,96.73115410273516
567,13,3,5,381.9212808539026
567,15,4,6,106.7378252168112
567,14,3,7,381.9212808539026
567,20,3,8,381.9212808539026
567,7,1,9,96.73115410273516
568,8,1,1,486.32421614409606
568,2,4,2,115.74382921947965
568,5,3,3,173.4489659773182
568,6,4,4,115.74382921947965
568,10,2,5,360.57371581054036
568,16,1,6,486.32421614409606
568,14,3,7,173.4489659773182
568,17,4,8,115.74382921947965
568,7,1,9,486.32421614409606
568,18,4,10,115.74382921947965
569,7,1,1,233.82254836557703
569,4,3,2,471.6477651767845
569,6,4,3,242.16144096064042
569,3,1,4,233.82254836557703
569,19,4,5,242.16144096064042
569,17,4,6,242.16144096064042
569,18,4,7,242.16144096064042
569,2,4,8,242.16144096064042
569,10,2,9,123.08205470313543
569,20,3,10,471.6477651767845
570,4,3,1,328.21881254169443
570,15,4,2,101.73448965977317
570,2,4,3,101.73448965977317
570,20,3,4,328.21881254169443
570,14,3,5,328.21881254169443
570,17,4,6,101.73448965977317
571,7,1,1,348.89926617745164
571,16,1,2,348.89926617745164
571,12,3,3,384.25617078052034
571,20,3,4,384.25617078052034
571,6,4,5,136.4242828552368
571,4,3,6,384.25617078052034
571,3,1,7,348.89926617745164
571,14,3,8,384.25617078052034
571,5,3,9,384.25617078052034
572,8,1,1,484.32288192128084
572,7,1,2,484.32288192128084
572,15,4,3,273.1821214142762
572,14,3,4,10.340226817878586
572,1,3,5,10.340226817878586
573,8,1,1,241.49432955303536
573,14,3,2,446.6310873915944
573,9,3,3,446.6310873915944
573,19,4,4,423.61574382921947
573,12,3,5,446.6310873915944
574,17,4,1,113.4089392928619
574,15,4,2,113.4089392928619
574,20,3,3,247.49833222148098
574,8,1,4,478.9859906604403
574,3,1,5,478.9859906604403
574,12,3,6,247.49833222148098
574,1,3,7,247.49833222148098
574,14,3,8,247.49833222148098
575,3,1,1,209.472981987992
575,13,3,2,401.9346230820547
575,14,3,3,401.9346230820547
575,2,4,4,337.5583722481654
575,18,4,5,337.5583722481654
575,15,4,6,337.5583722481654
575,11,3,7,401.9346230820547
575,6,4,8,337.5583722481654
576,18,4,1,432.28819212808537
576,10,2,2,326.8845897264843
576,11,3,3,103.06871247498331
576,19,4,4,432.28819212808537
576,14,3,5,103.06871247498331
576,3,1,6,152.76851234156103
576,1,3,7,103.06871247498331
576,12,3,8,103.06871247498331
576,9,3,9,103.06871247498331
576,5,3,10,103.06871247498331
577,9,3,1,70.71380920613743
577,6,4,2,424.6164109406271
577,3,1,3,125.08338892595063
577,10,2,4,472.9819879919947
577,19,4,5,424.6164109406271
577,13,3,6,70.71380920613743
577,7,1,7,125.08338892595063
577,2,4,8,424.6164109406271
577,17,4,9,424.6164109406271
577,12,3,10,70.71380920613743
578,7,1,1,111.07404936624417
578,9,3,2,381.5877251501001
578,5,3,3,381.5877251501001
578,8,1,4,111.07404936624417
578,14,3,5,381.5877251501001
578,19,4,6,363.2421614409606
578,13,3,7,381.5877251501001
578,6,4,8,363.2421614409606
578,1,3,9,381.5877251501001
578,12,3,10,381.5877251501001
579,4,3,1,292.1947965310207
579,13,3,2,292.1947965310207
579,19,4,3,258.1721147431621
579,15,4,4,258.1721147431621
579,6,4,5,258.1721147431621
579,20,3,6,292.1947965310207
579,10,2,7,482.6551034022682
579,1,3,8,292.1947965310207
579,12,3,9,292.1947965310207
579,18,4,10,258.1721147431621
580,20,3,1,412.60840560373583
580,6,4,2,329.5530353569046
580,7,1,3,453.6357571714476
580,8,1,4,453.6357571714476
580,13,3,5,412.60840560373583
580,17,4,6,329.5530353569046
580,14,3,7,412.60840560373583
580,11,3,8,412.60840560373583
580,4,3,9,412.60840560373583
581,5,3,1,183.45563709139427
581,7,1,2,248.4989993328886
581,16,1,3,248.4989993328886
581,15,4,4,5.003335557038025
581,6,4,5,5.003335557038025
581,9,3,6,183.45563709139427
581,3,1,7,248.4989993328886
581,11,3,8,183.45563709139427
582,9,3,1,15.34356237491661
582,12,3,2,15.34356237491661
582,14,3,3,15.34356237491661
582,6,4,4,47.69846564376251
582,20,3,5,15.34356237491661
582,19,4,6,47.69846564376251
582,3,1,7,476.65110073382255
582,15,4,8,47.69846564376251
582,8,1,9,476.65110073382255
582,16,1,10,476.65110073382255
583,10,2,1,122.41494329553035
583,19,4,2,243.49566377585057
583,4,3,3,126.08405603735824
583,17,4,4,243.49566377585057
583,6,4,5,243.49566377585057
583,5,3,6,126.08405603735824
583,12,3,7,126.08405603735824
583,14,3,8,126.08405603735824
583,1,3,9,126.08405603735824
584,19,4,1,477.31821214142764
584,18,4,2,477.31821214142764
584,2,4,3,477.31821214142764
584,1,3,4,338.2254836557705
584,17,4,5,477.31821214142764
584,15,4,6,477.31821214142764
584,5,3,7,338.2254836557705
584,14,3,8,338.2254836557705
585,15,4,1,43.02868579052702
585,2,4,2,43.02868579052702
585,14,3,3,464.3095396931287
585,10,2,4,45.6971314209473
585,16,1,5,106.07071380920614
586,18,4,1,321.8812541694463
586,15,4,2,321.8812541694463
586,5,3,3,61.37424949966644
586,17,4,4,321.8812541694463
586,19,4,5,321.8812541694463
586,14,3,6,61.37424949966644
587,12,3,1,68.37891927951968
587,15,4,2,403.60240160106736
587,2,4,3,403.60240160106736
587,11,3,4,68.37891927951968
587,8,1,5,388.5923949299533
587,18,4,6,403.60240160106736
587,5,3,7,68.37891927951968
587,13,3,8,68.37891927951968
588,8,1,1,4.0026684456304205
588,20,3,2,136.75783855903936
588,9,3,3,136.75783855903936
588,2,4,4,439.29286190793863
588,13,3,5,136.75783855903936
588,3,1,6,4.0026684456304205
588,17,4,7,439.29286190793863
588,18,4,8,439.29286190793863
588,7,1,9,4.0026684456304205
588,1,3,10,136.75783855903936
589,7,1,1,57.03802535023349
589,15,4,2,407.6050700466978
589,2,4,3,407.6050700466978
589,1,3,4,211.14076050700467
589,16,1,5,57.03802535023349
589,11,3,6,211.14076050700467
589,3,1,7,57.03802535023349
589,19,4,8,407.6050700466978
590,5,3,1,178.78585723815877
590,10,2,2,391.92795196797863
590,4,3,3,178.78585723815877
590,6,4,4,465.31020680453634
590,18,4,5,465.31020680453634
591,1,3,1,377.25150100066713
591,19,4,2,287.85857238158775
591,6,4,3,287.85857238158775
591,12,3,4,377.25150100066713
591,11,3,5,377.25150100066713
591,2,4,6,287.85857238158775
591,14,3,7,377.25150100066713
592,13,3,1,101.73448965977317
592,9,3,2,101.73448965977317
592,11,3,3,101.73448965977317
592,15,4,4,456.97131420947295
592,17,4,5,456.97131420947295
592,2,4,6,456.97131420947295
592,18,4,7,456.97131420947295
592,4,3,8,101.73448965977317
593,18,4,1,484.32288192128084
593,3,1,2,279.51967978652436
593,15,4,3,484.32288192128084
593,11,3,4,409.9399599733155
593,14,3,5,409.9399599733155
594,5,3,1,56.03735823882588
594,9,3,2,56.03735823882588
594,18,4,3,440.62708472314876
594,8,1,4,46.03068712474983
594,4,3,5,56.03735823882588
595,7,1,1,183.12208138759172
595,15,4,2,488.6591060707138
595,13,3,3,436.6244162775183
595,5,3,4,436.6244162775183
595,6,4,5,488.6591060707138
595,12,3,6,436.6244162775183
595,4,3,7,436.6244162775183
595,19,4,8,488.6591060707138
595,17,4,9,488.6591060707138
595,9,3,10,436.6244162775183
596,2,4,1,497.66511007338227
596,18,4,2,497.66511007338227
596,13,3,3,386.92461641094064
596,16,1,4,214.47631754503
596,9,3,5,386.92461641094064
597,3,1,1,469.31287525016677
597,18,4,2,159.1060707138092
597,19,4,3,159.1060707138092
597,6,4,4,159.1060707138092
597,10,2,5,70.04669779853235
598,18,4,1,235.49032688458973
598,12,3,2,113.74249499666445
598,7,1,3,272.8485657104736
598,8,1,4,272.8485657104736
598,11,3,5,113.74249499666445
598,13,3,6,113.74249499666445
598,17,4,7,235.49032688458973
598,9,3,8,113.74249499666445
599,1,3,1,127.75183455637091
599,17,4,2,48.69913275517011
599,5,3,3,127.75183455637091
599,11,3,4,127.75183455637091
599,16,1,5,186.12408272181455
599,19,4,6,48.69913275517011
599,3,1,7,186.12408272181455
599,20,3,8,127.75183455637091
599,15,4,9,48.69913275517011
600,13,3,1,171.447631754503
600,10,2,2,75.71714476317545
600,14,3,3,171.447631754503
600,15,4,4,193.12875250166778
600,7,1,5,46.36424282855237
600,12,3,6,171.447631754503
600,6,4,7,193.12875250166778
600,1,3,8,171.447631754503
600,4,3,9,171.447631754503
601,14,3,1,70.3802535023349
601,7,1,2,448.96597731821214
601,1,3,3,70.3802535023349
601,9,3,4,70.3802535023349
601,12,3,5,70.3802535023349
601,3,1,6,448.96597731821214
602,1,3,1,105.40360240160106
602,9,3,2,105.40360240160106
602,14,3,3,105.40360240160106
602,16,1,4,306.20413609072716
602,2,4,5,196.1307538358906
602,7,1,6,306.20413609072716
602,4,3,7,105.40360240160106
603,5,3,1,28.01867911941294
603,12,3,2,28.01867911941294
603,3,1,3,74.71647765176785
603,6,4,4,99.73315543695797
603,7,1,5,74.71647765176785
603,18,4,6,99.73315543695797
604,11,3,1,388.25883922615077
604,7,1,2,355.90393595730484
604,15,4,3,302.53502334889924
604,13,3,4,388.25883922615077
604,1,3,5,388.25883922615077
604,19,4,6,302.53502334889924
604,20,3,7,388.25883922615077
604,18,4,8,302.53502334889924
604,9,3,9,388.25883922615077
605,7,1,1,136.4242828552368
605,5,3,2,443.9626417611741
605,18,4,3,195.4636424282855
605,17,4,4,195.4636424282855
605,8,1,5,136.4242828552368
605,12,3,6,443.9626417611741
605,2,4,7,195.4636424282855
605,9,3,8,443.9626417611741
606,19,4,1,172.11474316210808
606,6,4,2,172.11474316210808
606,14,3,3,325.21681120747166
606,17,4,4,172.11474316210808
606,4,3,5,325.21681120747166
606,3,1,6,108.40560373582389
606,1,3,7,325.21681120747166
606,5,3,8,325.21681120747166
606,8,1,9,108.40560373582389
607,14,3,1,267.51167444963306
607,20,3,2,267.51167444963306
607,8,1,3,99.73315543695797
607,4,3,4,267.51167444963306
607,11,3,5,267.51167444963306
607,16,1,6,99.73315543695797
607,1,3,7,267.51167444963306
608,4,3,1,403.26884589726484
608,2,4,2,247.49833222148098
608,19,4,3,247.49833222148098
608,3,1,4,310.5403602401601
608,15,4,5,247.49833222148098
609,10,2,1,332.55503669112744
609,20,3,2,312.54169446297533
609,15,4,3,253.16877918612408
609,14,3,4,312.54169446297533
609,18,4,5,253.16877918612408
609,2,4,6,253.16877918612408
610,14,3,1,84.38959306204136
610,7,1,2,234.82321547698464
610,1,3,3,84.38959306204136
610,8,1,4,234.82321547698464
610,4,3,5,84.38959306204136
610,13,3,6,84.38959306204136
610,15,4,7,2.66844563042028
610,18,4,8,2.66844563042028
611,17,4,1,49.03268845897265
611,4,3,2,193.46230820547032
611,7,1,3,476.98465643762506
611,1,3,4,193.46230820547032
611,10,2,5,205.13675783855905
611,12,3,6,193.46230820547032
611,20,3,7,193.46230820547032
611,11,3,8,193.46230820547032
612,3,1,1,373.5823882588392
612,8,1,2,373.5823882588392
612,6,4,3,146.7645096731154
612,15,4,4,146.7645096731154
612,16,1,5,373.5823882588392
612,13,3,6,92.72848565710474
612,14,3,7,92.72848565710474
613,5,3,1,326.5510340226818
613,18,4,2,298.53235490326887
613,16,1,3,305.8705803869246
613,10,2,4,207.47164776517678
613,19,4,5,298.53235490326887
613,6,4,6,298.53235490326887
613,12,3,7,326.5510340226818
613,8,1,8,305.8705803869246
613,17,4,9,298.53235490326887
614,18,4,1,224.14943295530352
614,2,4,2,224.14943295530352
614,7,1,3,191.12741827885256
614,14,3,4,60.0400266844563
614,11,3,5,60.0400266844563
614,15,4,6,224.14943295530352
614,19,4,7,224.14943295530352
614,12,3,8,60.0400266844563
614,4,3,9,60.0400266844563
615,4,3,1,286.85790527018014
615,1,3,2,286.85790527018014
615,11,3,3,286.85790527018014
615,15,4,4,306.20413609072716
615,13,3,5,286.85790527018014
615,14,3,6,286.85790527018014
615,8,1,7,167.7785190126751
615,10,2,8,232.82188125416945
615,6,4,9,306.20413609072716
616,18,4,1,193.79586390927284
616,11,3,2,144.09606404269513
616,7,1,3,201.80120080053368
616,3,1,4,201.80120080053368
616,13,3,5,144.09606404269513
616,16,1,6,201.80120080053368
617,15,4,1,183.12208138759172
617,10,2,2,267.17811874583055
617,18,4,3,183.12208138759172
617,5,3,4,96.39759839893262
617,4,3,5,96.39759839893262
618,8,1,1,1.0006671114076051
618,9,3,2,1.0006671114076051
618,7,1,3,1.0006671114076051
618,12,3,4,1.0006671114076051
618,6,4,5,347.898599066044
618,10,2,6,138.42561707805203
619,4,3,1,247.83188792528352
619,5,3,2,247.83188792528352
619,9,3,3,247.83188792528352
619,6,4,4,496.66444296197466
619,1,3,5,247.83188792528352
620,8,1,1,155.77051367578386
620,12,3,2,445.9639759839893
620,9,3,3,445.9639759839893
620,13,3,4,445.9639759839893
620,15,4,5,73.3822548365577
620,18,4,6,73.3822548365577
620,6,4,7,73.3822548365577
621,11,3,1,399.2661774516344
621,10,2,2,219.81320880587057
621,13,3,3,399.2661774516344
621,7,1,4,107.07138092061375
621,18,4,5,142.09472981987992
621,12,3,6,399.2661774516344
622,13,3,1,62.70847231487658
622,2,4,2,11.007338225483656
622,11,3,3,62.70847231487658
622,8,1,4,1.667778519012675
622,10,2,5,327.8852568378919
622,18,4,6,11.007338225483656
622,5,3,7,62.70847231487658
622,19,4,8,11.007338225483656
622,3,1,9,1.667778519012675
623,17,4,1,435.2901934623082
623,16,1,2,341.22748498999334
623,9,3,3,13.008672448298865
623,20,3,4,13.008672448298865
623,13,3,5,13.008672448298865
623,12,3,6,13.008672448298865
624,19,4,1,14.67645096731154
624,15,4,2,14.67645096731154
624,13,3,3,473.6490993995997
624,11,3,4,473.6490993995997
624,10,2,5,94.39626417611741
624,18,4,6,14.67645096731154
624,20,3,7,473.6490993995997
624,9,3,8,473.6490993995997
624,16,1,9,182.45496997998666
625,16,1,1,324.8832555036691
625,2,4,2,238.15877251501
625,9,3,3,93.06204136090727
625,12,3,4,93.06204136090727
625,6,4,5,238.15877251501
625,14,3,6,93.06204136090727
625,13,3,7,93.06204136090727
626,19,4,1,352.234823215477
626,15,4,2,352.234823215477
626,2,4,3,352.234823215477
626,11,3,4,122.08138759172782
626,7,1,5,13.008672448298865
626,17,4,6,352.234823215477
627,6,4,1,396.93128752501667
627,1,3,2,238.82588392261508
627,5,3,3,238.82588392261508
627,8,1,4,180.787191460974
627,4,3,5,238.82588392261508
627,11,3,6,238.82588392261508
627,13,3,7,238.82588392261508
627,9,3,8,238.82588392261508
628,4,3,1,90.06004002668446
628,2,4,2,271.180787191461
628,7,1,3,80.72048032021347
628,3,1,4,80.72048032021347
628,12,3,5,90.06004002668446
629,19,4,1,375.91727818545695
629,10,2,2,465.6437625083389
629,9,3,3,158.1054036024016
629,5,3,4,158.1054036024016
629,1,3,5,158.1054036024016
629,13,3,6,158.1054036024016
629,7,1,7,45.36357571714476
630,17,4,1,94.72981987991994
630,15,4,2,94.72981987991994
630,13,3,3,480.9873248832555
630,8,1,4,406.9379586390927
630,12,3,5,480.9873248832555
630,20,3,6,480.9873248832555
630,5,3,7,480.9873248832555
630,4,3,8,480.9873248832555
631,11,3,1,491.3275517011341
631,8,1,2,455.6370913942628
631,4,3,3,491.3275517011341
631,7,1,4,455.6370913942628
631,3,1,5,455.6370913942628
631,17,4,6,316.8779186124083
631,14,3,7,491.3275517011341
632,15,4,1,478.65243495663776
632,1,3,2,341.56104069379586
632,16,1,3,271.180787191461
632,12,3,4,341.56104069379586
632,8,1,5,271.180787191461
632,11,3,6,341.56104069379586
632,7,1,7,271.180787191461
633,13,3,1,204.8032021347565
633,15,4,2,54.70313542361574
633,7,1,3,454.3028685790527
633,19,4,4,54.70313542361574
633,2,4,5,54.70313542361574
633,11,3,6,204.8032021347565
633,5,3,7,204.8032021347565
633,4,3,8,204.8032021347565
633,20,3,9,204.8032021347565
634,18,4,1,21.014009339559706
634,1,3,2,37.024683122081385
634,14,3,3,37.024683122081385
634,3,1,4,365.5770513675784
634,20,3,5,37.024683122081385
634,12,3,6,37.024683122081385
634,8,1,7,365.5770513675784
634,4,3,8,37.024683122081385
634,6,4,9,21.014009339559706
634,10,2,10,420.61374249499664
635,7,1,1,379.2528352234823
635,17,4,2,6.6711140760507
635,6,4,3,6.6711140760507
635,9,3,4,384.58972648432285
635,2,4,5,6.6711140760507
635,12,3,6,384.58972648432285
635,19,4,7,6.6711140760507
635,3,1,8,379.2528352234823
635,15,4,9,6.6711140760507
635,1,3,10,384.58972648432285
636,12,3,1,122.41494329553035
636,7,1,2,468.6457638425617
636,10,2,3,39.693128752501664
636,20,3,4,122.41494329553035
636,16,1,5,468.6457638425617
636,14,3,6,122.41494329553035
636,5,3,7,122.41494329553035
636,11,3,8,122.41494329553035
637,9,3,1,353.9026017344897
637,15,4,2,153.4356237491661
637,7,1,3,193.79586390927284
637,2,4,4,153.4356237491661
637,18,4,5,153.4356237491661
637,10,2,6,482.9886591060707
637,5,3,7,353.9026017344897
637,8,1,8,193.79586390927284
637,1,3,9,353.9026017344897
638,20,3,1,73.3822548365577
638,7,1,2,92.06137424949966
638,19,4,3,145.09673115410274
638,3,1,4,92.06137424949966
638,10,2,5,473.3155436957972
638,13,3,6,73.3822548365577
638,18,4,7,145.09673115410274
638,16,1,8,92.06137424949966
638,15,4,9,145.09673115410274
638,12,3,10,73.3822548365577
639,18,4,1,439.62641761174115
639,6,4,2,439.62641761174115
639,3,1,3,276.51767845230154
639,10,2,4,34.68979319546364
639,9,3,5,217.1447631754503
639,12,3,6,217.1447631754503
640,20,3,1,255.1701134089393
640,11,3,2,255.1701134089393
640,8,1,3,476.31754503002
640,3,1,4,476.31754503002
640,14,3,5,255.1701134089393
640,4,3,6,255.1701134089393
640,17,4,7,75.71714476317545
641,11,3,1,391.2608405603736
641,13,3,2,391.2608405603736
641,7,1,3,125.41694462975316
641,15,4,4,494.66310873915944
641,19,4,5,494.66310873915944
642,11,3,1,27.685123415610406
642,16,1,2,104.736490993996
642,15,4,3,354.9032688458973
642,18,4,4,354.9032688458973
642,5,3,5,27.685123415610406
643,14,3,1,480.3202134756504
643,2,4,2,289.5263509006004
643,15,4,3,289.5263509006004
643,1,3,4,480.3202134756504
643,9,3,5,480.3202134756504
643,3,1,6,147.43162108072048
643,10,2,7,349.23282188125415
643,5,3,8,480.3202134756504
643,6,4,9,289.5263509006004
643,16,1,10,147.43162108072048
644,20,3,1,153.76917945296864
644,15,4,2,41.027351567711804
644,5,3,3,153.76917945296864
644,11,3,4,153.76917945296864
644,6,4,5,41.027351567711804
644,4,3,6,153.76917945296864
644,17,4,7,41.027351567711804
644,9,3,8,153.76917945296864
644,1,3,9,153.76917945296864
644,12,3,10,153.76917945296864
645,4,3,1,134.75650433622414
645,20,3,2,134.75650433622414
645,7,1,3,358.57238158772515
645,6,4,4,320.2134756504336
645,15,4,5,320.2134756504336
645,2,4,6,320.2134756504336
645,1,3,7,134.75650433622414
645,13,3,8,134.75650433622414
646,12,3,1,477.98532354903267
646,8,1,2,278.1854569713142
646,3,1,3,278.1854569713142
646,19,4,4,23.34889926617745
646,6,4,5,23.34889926617745
646,4,3,6,477.98532354903267
646,7,1,7,278.1854569713142
647,14,3,1,183.78919279519678
647,4,3,2,183.78919279519678
647,16,1,3,387.92528352234825
647,18,4,4,133.08872581721147
647,13,3,5,183.78919279519678
647,7,1,6,387.92528352234825
647,20,3,7,183.78919279519678
647,15,4,8,133.08872581721147
647,2,4,9,133.08872581721147
648,1,3,1,223.14876584389592
648,3,1,2,141.42761841227485
648,12,3,3,223.14876584389592
648,9,3,4,223.14876584389592
648,8,1,5,141.42761841227485
648,15,4,6,387.25817211474316
649,18,4,1,336.2241494329553
649,19,4,2,336.2241494329553
649,9,3,3,323.54903268845896
649,6,4,4,336.2241494329553
649,4,3,5,323.54903268845896
650,12,3,1,338.55903935957303
650,6,4,2,239.49299533022014
650,2,4,3,239.49299533022014
650,11,3,4,338.55903935957303
650,5,3,5,338.55903935957303
650,10,2,6,187.79186124082722
650,16,1,7,198.1320880587058
650,19,4,8,239.49299533022014
650,18,4,9,239.49299533022014
650,1,3,10,338.55903935957303
651,17,4,1,344.5630420280187
651,8,1,2,314.209472981988
651,6,4,3,344.5630420280187
651,2,4,4,344.5630420280187
651,14,3,5,384.9232821881254
651,20,3,6,384.9232821881254
651,3,1,7,314.209472981988
652,9,3,1,412.94196130753835
652,11,3,2,412.94196130753835
652,17,4,3,442.9619746497665
652,1,3,4,412.94196130753835
652,15,4,5,442.9619746497665
652,16,1,6,452.63509006004
652,8,1,7,452.63509006004
652,2,4,8,442.9619746497665
652,5,3,9,412.94196130753835
652,6,4,10,442.9619746497665
653,13,3,1,134.08939292861908
653,19,4,2,173.11541027351566
653,11,3,3,134.08939292861908
653,3,1,4,269.84656437625085
653,18,4,5,173.11541027351566
653,1,3,6,134.08939292861908
653,2,4,7,173.11541027351566
653,16,1,8,269.84656437625085
653,8,1,9,269.84656437625085
654,7,1,1,417.6117411607738
654,18,4,2,346.2308205470313
654,19,4,3,346.2308205470313
654,6,4,4,346.2308205470313
654,8,1,5,417.6117411607738
655,7,1,1,328.21881254169443
655,6,4,2,429.95330220146764
655,10,2,3,461.974649766511
655,14,3,4,195.79719813208806
655,20,3,5,195.79719813208806
655,4,3,6,195.79719813208806
655,8,1,7,328.21881254169443
656,12,3,1,32.688458972648434
656,3,1,2,75.71714476317545
656,16,1,3,75.71714476317545
656,19,4,4,474.3162108072048
656,17,4,5,474.3162108072048
656,8,1,6,75.71714476317545
656,13,3,7,32.688458972648434
657,13,3,1,216.81120747164778
657,3,1,2,462.9753168779186
657,10,2,3,165.44362908605737
657,14,3,4,216.81120747164778
657,5,3,5,216.81120747164778
658,20,3,1,85.05670446964643
658,16,1,2,392.2615076717812
658,13,3,3,85.05670446964643
658,10,2,4,154.76984656437625
658,2,4,5,5.33689126084056
658,6,4,6,5.33689126084056
658,15,4,7,5.33689126084056
658,3,1,8,392.2615076717812
659,11,3,1,390.260173448966
659,18,4,2,184.7898599066044
659,20,3,3,390.260173448966
659,5,3,4,390.260173448966
659,8,1,5,342.22815210140095
659,13,3,6,390.260173448966
659,12,3,7,390.260173448966
659,14,3,8,390.260173448966
660,17,4,1,270.84723148765846
660,9,3,2,334.2228152101401
660,16,1,3,240.8272181454303
660,14,3,4,334.2228152101401
660,12,3,5,334.2228152101401
660,11,3,6,334.2228152101401
661,15,4,1,3.669112741827885
661,12,3,2,281.8545697131421
661,2,4,3,3.669112741827885
661,16,1,4,22.01467645096731
661,20,3,5,281.8545697131421
661,18,4,6,3.669112741827885
661,11,3,7,281.8545697131421
661,8,1,8,22.01467645096731
662,5,3,1,346.8979319546364
662,2,4,2,277.85190126751166
662,1,3,3,346.8979319546364
662,8,1,4,131.08739159439625
662,7,1,5,131.08739159439625
662,11,3,6,346.8979319546364
662,15,4,7,277.85190126751166
662,6,4,8,277.85190126751166
662,9,3,9,346.8979319546364
662,13,3,10,346.8979319546364
663,11,3,1,64.04269513008673
663,20,3,2,64.04269513008673
663,18,4,3,87.39159439626418
663,6,4,4,87.39159439626418
663,14,3,5,64.04269513008673
663,13,3,6,64.04269513008673
663,2,4,7,87.39159439626418
663,3,1,8,193.12875250166778
663,10,2,9,164.10940627084722
664,14,3,1,446.9646430953969
664,1,3,2,446.9646430953969
664,17,4,3,322.8819212808539
664,11,3,4,446.9646430953969
664,3,1,5,8.005336891260841
664,12,3,6,446.9646430953969
664,4,3,7,446.9646430953969
664,5,3,8,446.9646430953969
665,4,3,1,447.631754503002
665,17,4,2,196.79786524349566
665,16,1,3,70.3802535023349
665,15,4,4,196.79786524349566
665,10,2,5,70.71380920613743
665,6,4,6,196.79786524349566
666,2,4,1,94.06270847231488
666,14,3,2,104.736490993996
666,6,4,3,94.06270847231488
666,4,3,4,104.736490993996
666,9,3,5,104.736490993996
666,15,4,6,94.06270847231488
667,8,1,1,445.2968645763842
667,1,3,2,88.39226150767178
667,16,1,3,445.2968645763842
667,17,4,4,157.77184789859908
667,11,3,5,88.39226150767178
668,19,4,1,213.80920613742495
668,1,3,2,209.13942628418945
668,2,4,3,213.80920613742495
668,4,3,4,209.13942628418945
668,7,1,5,178.78585723815877
669,19,4,1,110.74049366244162
669,20,3,2,270.5136757838559
669,6,4,3,110.74049366244162
669,18,4,4,110.74049366244162
669,12,3,5,270.5136757838559
669,11,3,6,270.5136757838559
669,14,3,7,270.5136757838559
670,15,4,1,243.16210807204803
670,14,3,2,248.83255503669113
670,1,3,3,248.83255503669113
670,12,3,4,248.83255503669113
670,13,3,5,248.83255503669113
670,11,3,6,248.83255503669113
670,4,3,7,248.83255503669113
671,14,3,1,19.012675116744497
671,12,3,2,19.012675116744497
671,1,3,3,19.012675116744497
671,16,1,4,28.352234823215476
671,15,4,5,99.0660440293529
671,18,4,6,99.0660440293529
671,4,3,7,19.012675116744497
671,6,4,8,99.0660440293529
671,11,3,9,19.012675116744497
671,8,1,10,28.352234823215476
672,17,4,1,101.06737825216811
672,20,3,2,37.691794529686454
672,16,1,3,463.3088725817211
672,18,4,4,101.06737825216811
672,12,3,5,37.691794529686454
672,14,3,6,37.691794529686454
672,11,3,7,37.691794529686454
672,3,1,8,463.3088725817211
673,18,4,1,290.8605737158105
673,16,1,2,90.72715143428952
673,2,4,3,290.8605737158105
673,13,3,4,107.73849232821881
673,19,4,5,290.8605737158105
673,5,3,6,107.73849232821881
673,17,4,7,290.8605737158105
673,20,3,8,107.73849232821881
673,11,3,9,107.73849232821881
674,12,3,1,389.2595063375584
674,4,3,2,389.2595063375584
674,14,3,3,389.2595063375584
674,3,1,4,321.8812541694463
674,6,4,5,143.42895263509007
674,7,1,6,321.8812541694463
675,5,3,1,30.02001334222815
675,9,3,2,30.02001334222815
675,19,4,3,490.9939959973315
675,16,1,4,231.15410273515675
675,4,3,5,30.02001334222815
675,2,4,6,490.9939959973315
676,14,3,1,473.3155436957972
676,5,3,2,473.3155436957972
676,19,4,3,325.8839226150767
676,11,3,4,473.3155436957972
676,17,4,5,325.8839226150767
676,8,1,6,492.99533022014674
676,2,4,7,325.8839226150767
676,4,3,8,473.3155436957972
676,18,4,9,325.8839226150767
676,13,3,10,473.3155436957972
677,11,3,1,249.83322214809874
677,1,3,2,249.83322214809874
677,17,4,3,87.05803869246164
677,10,2,4,60.70713809206137
677,13,3,5,249.83322214809874
677,2,4,6,87.05803869246164
678,13,3,1,312.20813875917275
678,5,3,2,312.20813875917275
678,1,3,3,312.20813875917275
678,17,4,4,218.47898599066045
678,8,1,5,352.90193462308207
678,4,3,6,312.20813875917275
678,9,3,7,312.20813875917275
679,17,4,1,268.84589726484325
679,15,4,2,268.84589726484325
679,6,4,3,268.84589726484325
679,19,4,4,268.84589726484325
679,2,4,5,268.84589726484325
679,18,4,6,268.84589726484325
679,10,2,7,214.80987324883256
679,5,3,8,234.82321547698464
680,5,3,1,406.27084723148766
680,2,4,2,160.77384923282187
680,4,3,3,406.27084723148766
680,13,3,4,406.27084723148766
680,10,2,5,199.1327551701134
680,12,3,6,406.27084723148766
680,14,3,7,406.27084723148766
680,11,3,8,406.27084723148766
681,7,1,1,91.06070713809206
681,1,3,2,208.13875917278185
681,6,4,3,246.49766511007337
681,11,3,4,208.13875917278185
681,16,1,5,91.06070713809206
681,18,4,6,246.49766511007337
681,13,3,7,208.13875917278185
682,4,3,1,436.2908605737158
682,6,4,2,80.0533689126084
682,18,4,3,80.0533689126084
682,13,3,4,436.2908605737158
682,7,1,5,252.50166777851902
682,5,3,6,436.2908605737158
682,19,4,7,80.0533689126084
683,15,4,1,479.9866577718479
683,12,3,2,371.9146097398266
683,19,4,3,479.9866577718479
683,13,3,4,371.9146097398266
683,20,3,5,371.9146097398266
683,4,3,6,371.9146097398266
683,16,1,7,120.74716477651768
683,5,3,8,371.9146097398266
683,10,2,9,271.5143428952635
684,3,1,1,207.47164776517678
684,1,3,2,327.5517011340894
684,14,3,3,327.5517011340894
684,4,3,4,327.5517011340894
684,2,4,5,17.678452301534357
684,8,1,6,207.47164776517678
684,12,3,7,327.5517011340894
684,6,4,8,17.678452301534357
685,2,4,1,40.0266844563042
685,13,3,2,490.3268845897265
685,8,1,3,0.66711140760507
685,4,3,4,490.3268845897265
685,16,1,5,0.66711140760507
685,5,3,6,490.3268845897265
686,13,3,1,467.31154102735155
686,1,3,2,467.31154102735155
686,12,3,3,467.31154102735155
686,18,4,4,85.7238158772515
686,6,4,5,85.7238158772515
686,19,4,6,85.7238158772515
686,3,1,7,2.0013342228152102
686,9,3,8,467.31154102735155
686,2,4,9,85.7238158772515
686,15,4,10,85.7238158772515
687,10,2,1,191.12741827885256
687,20,3,2,108.73915943962642
687,2,4,3,191.79452968645762
687,3,1,4,103.73582388258839
687,6,4,5,191.79452968645762
687,18,4,6,191.79452968645762
687,14,3,7,108.73915943962642
687,16,1,8,103.73582388258839
687,13,3,9,108.73915943962642
688,4,3,1,482.3215476984656
688,7,1,2,247.16477651767846
688,18,4,3,282.1881254169446
688,19,4,4,282.1881254169446
688,17,4,5,282.1881254169446
689,4,3,1,250.16677785190126
689,18,4,2,319.54636424282853
689,11,3,3,250.16677785190126
689,2,4,4,319.54636424282853
689,15,4,5,319.54636424282853
690,3,1,1,329.5530353569046
690,18,4,2,492.6617745163442
690,9,3,3,431.28752501667776
690,2,4,4,492.6617745163442
690,4,3,5,431.28752501667776
691,8,1,1,128.41894596397597
691,1,3,2,42.69513008672448
691,11,3,3,42.69513008672448
691,9,3,4,42.69513008672448
691,19,4,5,71.04736490993996
691,2,4,6,71.04736490993996
691,18,4,7,71.04736490993996
691,10,2,8,239.15943962641762
692,5,3,1,389.9266177451634
692,20,3,2,389.9266177451634
692,4,3,3,389.9266177451634
692,10,2,4,394.59639759839894
692,7,1,5,71.71447631754504
692,2,4,6,303.20213475650434
692,8,1,7,71.71447631754504
692,3,1,8,71.71447631754504
692,19,4,9,303.20213475650434
692,15,4,10,303.20213475650434
693,20,3,1,181.7878585723816
693,11,3,2,181.7878585723816
693,13,3,3,181.7878585723816
693,3,1,4,345.2301534356237
693,6,4,5,198.79919946631088
693,5,3,6,181.7878585723816
693,15,4,7,198.79919946631088
694,20,3,1,442.9619746497665
694,18,4,2,174.11607738492327
694,3,1,3,9.006004002668446
694,16,1,4,9.006004002668446
694,14,3,5,442.9619746497665
694,19,4,6,174.11607738492327
694,17,4,7,174.11607738492327
694,12,3,8,442.9619746497665
694,6,4,9,174.11607738492327
694,7,1,10,9.006004002668446
695,12,3,1,265.8438959306204
695,11,3,2,265.8438959306204
695,20,3,3,265.8438959306204
695,9,3,4,265.8438959306204
695,3,1,5,369.5797198132088
696,13,3,1,416.61107404936627
696,17,4,2,32.688458972648434
696,4,3,3,416.61107404936627
696,20,3,4,416.61107404936627
696,8,1,5,351.90126751167446
697,4,3,1,500.0
697,10,2,2,126.41761174116077
697,9,3,3,500.0
697,12,3,4,500.0
697,17,4,5,398.59906604402937
698,10,2,1,119.41294196130754
698,13,3,2,3.002001334222815
698,16,1,3,212.80853902601734
698,12,3,4,3.002001334222815
698,19,4,5,38.358905937291524
698,18,4,6,38.358905937291524
699,5,3,1,328.8859239492995
699,6,4,2,351.23415610406937
699,2,4,3,351.23415610406937
699,15,4,4,351.23415610406937
699,13,3,5,328.8859239492995
699,9,3,6,328.8859239492995
699,20,3,7,328.8859239492995
699,11,3,8,328.8859239492995
699,12,3,9,328.8859239492995
699,4,3,10,328.8859239492995
700,17,4,1,111.07404936624417
700,5,3,2,470.3135423615744
700,10,2,3,183.78919279519678
700,3,1,4,230.4869913275517
700,14,3,5,470.3135423615744
700,8,1,6,230.4869913275517
700,7,1,7,230.4869913275517
701,2,4,1,475.3168779186124
701,19,4,2,475.3168779186124
701,6,4,3,475.3168779186124
701,3,1,4,467.64509673115407
701,10,2,5,204.8032021347565
702,18,4,1,382.2548365577051
702,14,3,2,116.07738492328218
702,16,1,3,208.13875917278185
702,17,4,4,382.2548365577051
702,4,3,5,116.07738492328218
702,10,2,6,86.39092728485657
702,5,3,7,116.07738492328218
702,7,1,8,208.13875917278185
702,20,3,9,116.07738492328218
702,1,3,10,116.07738492328218
703,3,1,1,317.5450300200133
703,14,3,2,51.36757838559039
703,17,4,3,496.9979986657772
703,6,4,4,496.9979986657772
703,12,3,5,51.36757838559039
703,8,1,6,317.5450300200133
704,11,3,1,261.50767178118747
704,13,3,2,261.50767178118747
704,17,4,3,348.5657104736491
704,15,4,4,348.5657104736491
704,4,3,5,261.50767178118747
704,16,1,6,85.39026017344897
704,12,3,7,261.50767178118747
704,6,4,8,348.5657104736491
705,7,1,1,8.338892595063376
705,13,3,2,200.80053368912607
705,19,4,3,104.40293529019345
705,2,4,4,104.40293529019345
705,10,2,5,26.350900600400266
706,11,3,1,275.85056704469645
706,10,2,2,308.8725817211474
706,15,4,3,331.55436957971983
706,12,3,4,275.85056704469645
706,20,3,5,275.85056704469645
707,9,3,1,188.79252835223483
707,1,3,2,188.79252835223483
707,16,1,3,190.79386257505004
707,18,4,4,348.89926617745164
707,2,4,5,348.89926617745164
707,12,3,6,188.79252835223483
707,14,3,7,188.79252835223483
707,4,3,8,188.79252835223483
708,10,2,1,63.04202801867912
708,7,1,2,15.677118078719145
708,16,1,3,15.677118078719145
708,12,3,4,367.91194129419614
708,18,4,5,195.130086724483
708,13,3,6,367.91194129419614
709,19,4,1,329.21947965310204
709,4,3,2,417.2781854569713
709,17,4,3,329.21947965310204
709,5,3,4,417.2781854569713
709,1,3,5,417.2781854569713
709,2,4,6,329.21947965310204
709,6,4,7,329.21947965310204
709,15,4,8,329.21947965310204
709,14,3,9,417.2781854569713
709,12,3,10,417.2781854569713
710,15,4,1,472.6484322881921
710,9,3,2,310.2068045363576
710,4,3,3,310.2068045363576
710,14,3,4,310.2068045363576
710,3,1,5,116.41094062708473
710,7,1,6,116.41094062708473
710,16,1,7,116.41094062708473
710,11,3,8,310.2068045363576
710,18,4,9,472.6484322881921
710,8,1,10,116.41094062708473
711,10,2,1,488.6591060707138
711,8,1,2,18.345563709139427
711,1,3,3,84.72314876584389
711,11,3,4,84.72314876584389
711,2,4,5,337.891927951968
711,17,4,6,337.891927951968
711,7,1,7,18.345563709139427
712,4,3,1,386.25750500333555
712,6,4,2,82.38825883922615
712,3,1,3,362.9086057371581
712,5,3,4,386.25750500333555
712,13,3,5,386.25750500333555
712,8,1,6,362.9086057371581
712,17,4,7,82.38825883922615
712,14,3,8,386.25750500333555
713,2,4,1,284.18945963975983
713,3,1,2,71.04736490993996
713,20,3,3,170.44696464309538
713,17,4,4,284.18945963975983
713,1,3,5,170.44696464309538
713,4,3,6,170.44696464309538
713,19,4,7,284.18945963975983
713,6,4,8,284.18945963975983
713,7,1,9,71.04736490993996
713,5,3,10,170.44696464309538
714,6,4,1,93.3955970647098
714,17,4,2,93.3955970647098
714,7,1,3,40.0266844563042
714,10,2,4,152.10140093395597
714,16,1,5,40.0266844563042
714,8,1,6,40.0266844563042
714,19,4,7,93.3955970647098
714,14,3,8,399.599733155437
715,8,1,1,305.20346897931955
715,1,3,2,182.45496997998666
715,14,3,3,182.45496997998666
715,11,3,4,182.45496997998666
715,15,4,5,311.5410273515677
715,9,3,6,182.45496997998666
715,12,3,7,182.45496997998666
716,10,2,1,18.345563709139427
716,14,3,2,24.349566377585056
716,16,1,3,288.5256837891928
716,3,1,4,288.5256837891928
716,4,3,5,24.349566377585056
716,9,3,6,24.349566377585056
717,4,3,1,327.8852568378919
717,1,3,2,327.8852568378919
717,5,3,3,327.8852568378919
717,11,3,4,327.8852568378919
717,18,4,5,15.34356237491661
718,7,1,1,273.5156771180787
718,13,3,2,364.5763842561708
718,3,1,3,273.5156771180787
718,9,3,4,364.5763842561708
718,4,3,5,364.5763842561708
718,17,4,6,22.68178785857238
719,12,3,1,318.5456971314209
719,3,1,2,251.83455637091393
719,15,4,3,58.03869246164109
719,10,2,4,127.08472314876585
719,4,3,5,318.5456971314209
719,11,3,6,318.5456971314209
720,9,3,1,28.352234823215476
720,18,4,2,260.50700466977986
720,17,4,3,260.50700466977986
720,12,3,4,28.352234823215476
720,14,3,5,28.352234823215476
720,8,1,6,15.010006671114075
721,1,3,1,460.9739826551034
721,12,3,2,460.9739826551034
721,3,1,3,433.62241494329555
721,6,4,4,352.90193462308207
721,20,3,5,460.9739826551034
721,5,3,6,460.9739826551034
721,9,3,7,460.9739826551034
721,17,4,8,352.90193462308207
722,18,4,1,405.93729152768515
722,10,2,2,379.9199466310874
722,15,4,3,405.93729152768515
722,19,4,4,405.93729152768515
722,17,4,5,405.93729152768515
722,13,3,6,199.7998665777185
723,9,3,1,268.84589726484325
723,7,1,2,304.86991327551704
723,17,4,3,77.38492328218813
723,14,3,4,268.84589726484325
723,1,3,5,268.84589726484325
723,19,4,6,77.38492328218813
723,12,3,7,268.84589726484325
723,16,1,8,304.86991327551704
723,15,4,9,77.38492328218813
724,20,3,1,62.04136090727151
724,10,2,2,284.52301534356235
724,8,1,3,498.9993328885924
724,18,4,4,83.38892595063375
724,2,4,5,83.38892595063375
724,1,3,6,62.04136090727151
725,4,3,1,197.46497665110073
725,8,1,2,303.20213475650434
725,7,1,3,303.20213475650434
725,1,3,4,197.46497665110073
725,18,4,5,37.35823882588392
726,15,4,1,441.9613075383589
726,9,3,2,12.67511674449633
726,1,3,3,12.67511674449633
726,6,4,4,441.9613075383589
726,17,4,5,441.9613075383589
726,18,4,6,441.9613075383589
726,11,3,7,12.67511674449633
726,5,3,8,12.67511674449633
726,10,2,9,269.84656437625085
726,14,3,10,12.67511674449633
727,8,1,1,177.78519012675116
727,11,3,2,142.09472981987992
727,9,3,3,142.09472981987992
727,10,2,4,320.8805870580387
727,15,4,5,74.71647765176785
727,6,4,6,74.71647765176785
727,18,4,7,74.71647765176785
727,4,3,8,142.09472981987992
727,7,1,9,177.78519012675116
727,5,3,10,142.09472981987992
728,17,4,1,394.2628418945964
728,16,1,2,389.5930620413609
728,15,4,3,394.2628418945964
728,19,4,4,394.2628418945964
728,6,4,5,394.2628418945964
729,14,3,1,164.7765176784523
729,18,4,2,199.46631087391594
729,10,2,3,403.26884589726484
729,17,4,4,199.46631087391594
729,7,1,5,201.13408939292862
729,11,3,6,164.7765176784523
729,6,4,7,199.46631087391594
729,4,3,8,164.7765176784523
729,20,3,9,164.7765176784523
729,1,3,10,164.7765176784523
730,2,4,1,25.016677785190126
730,14,3,2,117.07805203468979
730,11,3,3,117.07805203468979
730,1,3,4,117.07805203468979
730,20,3,5,117.07805203468979
730,16,1,6,155.1034022681788
730,17,4,7,25.016677785190126
730,4,3,8,117.07805203468979
730,18,4,9,25.016677785190126
730,13,3,10,117.07805203468979
731,10,2,1,486.6577718478986
731,19,4,2,105.07004669779853
731,7,1,3,286.19079386257505
731,11,3,4,159.1060707138092
731,8,1,5,286.19079386257505
731,3,1,6,286.19079386257505
731,5,3,7,159.1060707138092
731,13,3,8,159.1060707138092
731,16,1,9,286.19079386257505
732,7,1,1,438.292194796531
732,9,3,2,2.334889926617745
732,5,3,3,2.334889926617745
732,19,4,4,443.29553035356906
732,17,4,5,443.29553035356906
732,4,3,6,2.334889926617745
732,15,4,7,443.29553035356906
732,2,4,8,443.29553035356906
732,18,4,9,443.29553035356906
732,1,3,10,2.334889926617745
733,14,3,1,279.51967978652436
733,4,3,2,279.51967978652436
733,17,4,3,466.97798532354904
733,16,1,4,272.5150100066711
733,2,4,5,466.97798532354904
733,13,3,6,279.51967978652436
733,10,2,7,148.76584389593063
733,5,3,8,279.51967978652436
733,8,1,9,272.5150100066711
733,3,1,10,272.5150100066711
734,6,4,1,49.69979986657772
734,14,3,2,387.25817211474316
734,17,4,3,49.69979986657772
734,20,3,4,387.25817211474316
734,11,3,5,387.25817211474316
734,3,1,6,332.55503669112744
735,3,1,1,20.0133422281521
735,1,3,2,259.17278185456973
735,16,1,3,20.0133422281521
735,9,3,4,259.17278185456973
735,12,3,5,259.17278185456973
735,14,3,6,259.17278185456973
735,17,4,7,450.63375583722484
736,16,1,1,310.87391594396263
736,19,4,2,485.99066044029354
736,2,4,3,485.99066044029354
736,9,3,4,82.05470313542361
736,6,4,5,485.99066044029354
736,14,3,6,82.05470313542361
736,3,1,7,310.87391594396263
736,4,3,8,82.05470313542361
737,5,3,1,367.57838559039357
737,7,1,2,30.68712474983322
737,14,3,3,367.57838559039357
737,8,1,4,30.68712474983322
737,11,3,5,367.57838559039357
737,9,3,6,367.57838559039357
737,13,3,7,367.57838559039357
737,17,4,8,96.73115410273516
738,20,3,1,418.945963975984
738,12,3,2,418.945963975984
738,4,3,3,418.945963975984
738,3,1,4,222.14809873248834
738,1,3,5,418.945963975984
738,19,4,6,151.10073382254836
738,8,1,7,222.14809873248834
738,15,4,8,151.10073382254836
738,6,4,9,151.10073382254836
739,8,1,1,293.86257505003334
739,14,3,2,206.13742494996663
739,18,4,3,280.8539026017345
739,4,3,4,206.13742494996663
739,17,4,5,280.8539026017345
739,15,4,6,280.8539026017345
739,5,3,7,206.13742494996663
740,12,3,1,402.9352901934623
740,11,3,2,402.9352901934623
740,2,4,3,323.21547698465645
740,1,3,4,402.9352901934623
740,14,3,5,402.9352901934623
740,4,3,6,402.9352901934623
740,10,2,7,42.361574382921944
740,17,4,8,323.21547698465645
741,3,1,1,93.3955970647098
741,14,3,2,489.9933288859239
741,20,3,3,489.9933288859239
741,18,4,4,426.2841894596398
741,1,3,5,489.9933288859239
741,8,1,6,93.3955970647098
742,15,4,1,150.4336224149433
742,1,3,2,417.6117411607738
742,17,4,3,150.4336224149433
742,2,4,4,150.4336224149433
742,3,1,5,231.82121414276185
742,11,3,6,417.6117411607738
742,10,2,7,57.37158105403602
742,14,3,8,417.6117411607738
743,18,4,1,470.6470980653769
743,4,3,2,280.8539026017345
743,12,3,3,280.8539026017345
743,17,4,4,470.6470980653769
743,10,2,5,304.20280186791194
743,15,4,6,470.6470980653769
743,7,1,7,119.74649766511007
743,9,3,8,280.8539026017345
744,20,3,1,257.83855903935955
744,8,1,2,173.11541027351566
744,9,3,3,257.83855903935955
744,6,4,4,412.27484989993326
744,13,3,5,257.83855903935955
744,14,3,6,257.83855903935955
744,12,3,7,257.83855903935955
744,2,4,8,412.27484989993326
745,5,3,1,356.2374916611074
745,17,4,2,133.422281521014
745,14,3,3,356.2374916611074
745,6,4,4,133.422281521014
745,19,4,5,133.422281521014
745,7,1,6,285.19012675116744
745,12,3,7,356.2374916611074
745,2,4,8,133.422281521014
746,7,1,1,269.17945296864576
746,18,4,2,460.9739826551034
746,13,3,3,315.87725150100067
746,1,3,4,315.87725150100067
746,4,3,5,315.87725150100067
746,3,1,6,269.17945296864576
747,16,1,1,60.70713809206137
747,3,1,2,60.70713809206137
747,18,4,3,404.26951300867245
747,1,3,4,51.03402268178786
747,9,3,5,51.03402268178786
747,2,4,6,404.26951300867245
748,11,3,1,103.40226817878586
748,20,3,2,103.40226817878586
748,6,4,3,485.65710473649096
748,7,1,4,351.23415610406937
748,13,3,5,103.40226817878586
748,12,3,6,103.40226817878586
748,17,4,7,485.65710473649096
749,16,1,1,36.69112741827885
749,3,1,2,36.69112741827885
749,13,3,3,378.58572381587726
749,2,4,4,125.08338892595063
749,11,3,5,378.58572381587726
749,5,3,6,378.58572381587726
749,20,3,7,378.58572381587726
749,1,3,8,378.58572381587726
749,14,3,9,378.58572381587726
750,11,3,1,341.8945963975984
750,19,4,2,207.80520346897933
750,3,1,3,14.00933955970647
750,17,4,4,207.80520346897933
750,18,4,5,207.80520346897933
750,20,3,6,341.8945963975984
750,5,3,7,341.8945963975984
750,6,4,8,207.80520346897933
750,13,3,9,341.8945963975984
750,8,1,10,14.00933955970647
751,13,3,1,200.133422281521
751,1,3,2,200.133422281521
751,16,1,3,248.83255503669113
751,19,4,4,483.32221480987323
751,5,3,5,200.133422281521
751,4,3,6,200.133422281521
752,17,4,1,430.6204136090727
752,10,2,2,145.09673115410274
752,3,1,3,321.54769846564375
752,19,4,4,430.6204136090727
752,6,4,5,430.6204136090727
752,18,4,6,430.6204136090727
752,11,3,7,118.74583055370246
752,5,3,8,118.74583055370246
753,15,4,1,67.04469646430954
753,14,3,2,404.26951300867245
753,2,4,3,67.04469646430954
753,5,3,4,404.26951300867245
753,6,4,5,67.04469646430954
753,16,1,6,68.04536357571715
753,4,3,7,404.26951300867245
754,8,1,1,288.19212808539027
754,12,3,2,448.29886591060705
754,3,1,3,288.19212808539027
754,5,3,4,448.29886591060705
754,14,3,5,448.29886591060705
754,11,3,6,448.29886591060705
754,9,3,7,448.29886591060705
754,19,4,8,246.83122081387592
754,20,3,9,448.29886591060705
755,8,1,1,17.34489659773182
755,14,3,2,262.5083388925951
755,6,4,3,307.20480320213477
755,20,3,4,262.5083388925951
755,13,3,5,262.5083388925951
755,7,1,6,17.34489659773182
755,3,1,7,17.34489659773182
756,13,3,1,280.520346897932
756,7,1,2,181.7878585723816
756,18,4,3,374.5830553702468
756,3,1,4,181.7878585723816
756,6,4,5,374.5830553702468
756,20,3,6,280.520346897932
756,4,3,7,280.520346897932
756,15,4,8,374.5830553702468
756,12,3,9,280.520346897932
756,2,4,10,374.5830553702468
757,2,4,1,361.574382921948
757,9,3,2,370.91394262841897
757,5,3,3,370.91394262841897
757,16,1,4,22.68178785857238
757,15,4,5,361.574382921948
758,15,4,1,456.3042028018679
758,17,4,2,456.3042028018679
758,14,3,3,382.2548365577051
758,13,3,4,382.2548365577051
758,2,4,5,456.3042028018679
758,4,3,6,382.2548365577051
758,12,3,7,382.2548365577051
758,16,1,8,314.54302868579055
758,1,3,9,382.2548365577051
759,4,3,1,431.62108072048034
759,14,3,2,431.62108072048034
759,15,4,3,205.8038692461641
759,13,3,4,431.62108072048034
759,3,1,5,300.533689126084
759,10,2,6,96.06404269513008
759,9,3,7,431.62108072048034
760,10,2,1,84.05603735823883
760,7,1,2,364.9099399599733
760,15,4,3,457.3048699132755
760,12,3,4,321.8812541694463
760,6,4,5,457.3048699132755
760,8,1,6,364.9099399599733
760,14,3,7,321.8812541694463
761,11,3,1,193.12875250166778
761,7,1,2,61.04069379586391
761,5,3,3,193.12875250166778
761,18,4,4,286.52434956637757
761,3,1,5,61.04069379586391
762,4,3,1,90.393595730487
762,11,3,2,90.393595730487
762,9,3,3,90.393595730487
762,14,3,4,90.393595730487
762,16,1,5,45.6971314209473
762,20,3,6,90.393595730487
763,3,1,1,372.2481654436291
763,2,4,2,1.0006671114076051
763,9,3,3,226.8178785857238
763,19,4,4,1.0006671114076051
763,17,4,5,1.0006671114076051
763,10,2,6,445.6304202801868
763,4,3,7,226.8178785857238
763,16,1,8,372.2481654436291
763,7,1,9,372.2481654436291
763,12,3,10,226.8178785857238
764,10,2,1,265.17678452301533
764,17,4,2,206.47098065376917
764,20,3,3,456.3042028018679
764,16,1,4,26.6844563042028
764,4,3,5,456.3042028018679
765,15,4,1,425.28352234823217
765,18,4,2,425.28352234823217
765,4,3,3,280.1867911941294
765,14,3,4,280.1867911941294
765,17,4,5,425.28352234823217
765,3,1,6,415.9439626417612
765,11,3,7,280.1867911941294
766,10,2,1,268.84589726484325
766,2,4,2,211.14076050700467
766,16,1,3,35.023348899266175
766,20,3,4,356.90460306871245
766,18,4,5,211.14076050700467
766,14,3,6,356.90460306871245
766,12,3,7,356.90460306871245
766,19,4,8,211.14076050700467
766,13,3,9,356.90460306871245
767,2,4,1,116.41094062708473
767,4,3,2,343.22881921280856
767,11,3,3,343.22881921280856
767,12,3,4,343.22881921280856
767,15,4,5,116.41094062708473
767,18,4,6,116.41094062708473
767,20,3,7,343.22881921280856
767,5,3,8,343.22881921280856
767,19,4,9,116.41094062708473
767,7,1,10,398.9326217478319
768,12,3,1,16.344229486324217
768,5,3,2,16.344229486324217
768,15,4,3,411.6077384923282
768,13,3,4,16.344229486324217
768,1,3,5,16.344229486324217
768,8,1,6,180.45363575717144
768,11,3,7,16.344229486324217
768,10,2,8,134.75650433622414
769,1,3,1,110.74049366244162
769,17,4,2,349.89993328885924
769,11,3,3,110.74049366244162
769,5,3,4,110.74049366244162
769,12,3,5,110.74049366244162
770,18,4,1,57.37158105403602
770,17,4,2,57.37158105403602
770,7,1,3,160.1067378252168
770,13,3,4,355.2368245496998
770,19,4,5,57.37158105403602
770,2,4,6,57.37158105403602
771,20,3,1,250.5003335557038
771,6,4,2,127.08472314876585
771,17,4,3,127.08472314876585
771,3,1,4,55.03669112741828
771,11,3,5,250.5003335557038
771,7,1,6,55.03669112741828
771,2,4,7,127.08472314876585
771,4,3,8,250.5003335557038
771,13,3,9,250.5003335557038
771,12,3,10,250.5003335557038
772,19,4,1,264.5096731154103
772,1,3,2,240.1601067378252
772,14,3,3,240.1601067378252
772,5,3,4,240.1601067378252
772,3,1,5,82.72181454302869
773,8,1,1,102.40160106737825
773,6,4,2,203.13542361574383
773,5,3,3,53.3689126084056
773,12,3,4,53.3689126084056
773,15,4,5,203.13542361574383
774,2,4,1,190.4603068712475
774,11,3,2,393.92928619079385
774,16,1,3,148.76584389593063
774,15,4,4,190.4603068712475
774,13,3,5,393.92928619079385
774,3,1,6,148.76584389593063
774,19,4,7,190.4603068712475
774,1,3,8,393.92928619079385
774,9,3,9,393.92928619079385
774,20,3,10,393.92928619079385
775,19,4,1,140.7605070046698
775,14,3,2,321.54769846564375
775,12,3,3,321.54769846564375
775,15,4,4,140.7605070046698
775,6,4,5,140.7605070046698
775,16,1,6,299.866577718479
775,3,1,7,299.866577718479
776,3,1,1,111.4076050700467
776,13,3,2,164.10940627084722
776,16,1,3,111.4076050700467
776,14,3,4,164.10940627084722
776,7,1,5,111.4076050700467
777,2,4,1,433.62241494329555
777,6,4,2,433.62241494329555
777,4,3,3,349.89993328885924
777,1,3,4,349.89993328885924
777,19,4,5,433.62241494329555
777,8,1,6,32.354903268845895
777,11,3,7,349.89993328885924
778,5,3,1,400.60040026684453
778,19,4,2,497.3315543695797
778,7,1,3,266.17745163442294
778,18,4,4,497.3315543695797
778,1,3,5,400.60040026684453
779,3,1,1,245.8305537024683
779,11,3,2,472.3148765843896
779,5,3,3,472.3148765843896
779,19,4,4,480.9873248832555
779,8,1,5,245.8305537024683
780,10,2,1,197.79853235490327
780,18,4,2,452.63509006004
780,12,3,3,172.4482988659106
780,16,1,4,307.8719146097398
780,15,4,5,452.63509006004
781,7,1,1,496.9979986657772
781,13,3,2,325.8839226150767
781,3,1,3,496.9979986657772
781,10,2,4,225.8172114743162
781,4,3,5,325.8839226150767
781,9,3,6,325.8839226150767
782,18,4,1,41.36090727151434
782,10,2,2,13.675783855903935
782,13,3,3,302.53502334889924
782,4,3,4,302.53502334889924
782,14,3,5,302.53502334889924
782,9,3,6,302.53502334889924
782,17,4,7,41.36090727151434
782,6,4,8,41.36090727151434
782,11,3,9,302.53502334889924
783,2,4,1,34.02268178785857
783,20,3,2,470.98065376917947
783,1,3,3,470.98065376917947
783,17,4,4,34.02268178785857
783,13,3,5,470.98065376917947
783,12,3,6,470.98065376917947
783,3,1,7,34.02268178785857
784,19,4,1,498.3322214809873
784,5,3,2,100.40026684456303
784,12,3,3,100.40026684456303
784,11,3,4,100.40026684456303
784,7,1,5,144.7631754503002
785,19,4,1,167.7785190126751
785,7,1,2,24.68312208138759
785,9,3,3,237.82521681120747
785,2,4,4,167.7785190126751
785,15,4,5,167.7785190126751
785,8,1,6,24.68312208138759
785,11,3,7,237.82521681120747
785,10,2,8,480.9873248832555
785,5,3,9,237.82521681120747
785,20,3,10,237.82521681120747
786,20,3,1,196.46430953969312
786,15,4,2,194.12941961307538
786,1,3,3,196.46430953969312
786,19,4,4,194.12941961307538
786,8,1,5,460.30687124749835
786,7,1,6,460.30687124749835
786,14,3,7,196.46430953969312
786,11,3,8,196.46430953969312
786,13,3,9,196.46430953969312
786,17,4,10,194.12941961307538
787,17,4,1,258.50567044696464
787,19,4,2,258.50567044696464
787,15,4,3,258.50567044696464
787,1,3,4,407.2715143428953
787,10,2,5,81.05403602401601
787,20,3,6,407.2715143428953
788,13,3,1,148.43228819212808
788,2,4,2,185.45697131420948
788,8,1,3,466.6444296197465
788,17,4,4,185.45697131420948
788,1,3,5,148.43228819212808
788,19,4,6,185.45697131420948
788,11,3,7,148.43228819212808
788,7,1,8,466.6444296197465
788,3,1,9,466.6444296197465
789,11,3,1,199.1327551701134
789,8,1,2,100.73382254836558
789,10,2,3,105.07004669779853
789,20,3,4,199.1327551701134
789,15,4,5,162.10807204803203
789,13,3,6,199.1327551701134
789,14,3,7,199.1327551701134
789,2,4,8,162.10807204803203
790,11,3,1,439.29286190793863
790,4,3,2,439.29286190793863
790,1,3,3,439.29286190793863
790,14,3,4,439.29286190793863
790,5,3,5,439.29286190793863
791,13,3,1,353.5690460306871
791,12,3,2,353.5690460306871
791,17,4,3,52.70180120080053
791,2,4,4,52.70180120080053
791,19,4,5,52.70180120080053
791,15,4,6,52.70180120080053
791,1,3,7,353.5690460306871
791,14,3,8,353.5690460306871
791,18,4,9,52.70180120080053
791,9,3,10,353.5690460306871
792,19,4,1,56.70446964643095
792,14,3,2,352.5683789192795
792,4,3,3,352.5683789192795
792,5,3,4,352.5683789192795
792,11,3,5,352.5683789192795
792,15,4,6,56.70446964643095
793,6,4,1,421.28085390260173
793,5,3,2,150.76717811874582
793,14,3,3,150.76717811874582
793,11,3,4,150.76717811874582
793,4,3,5,150.76717811874582
793,19,4,6,421.28085390260173
793,18,4,7,421.28085390260173
793,16,1,8,254.1694462975317
793,17,4,9,421.28085390260173
793,8,1,10,254.1694462975317
794,8,1,1,244.49633088725818
794,15,4,2,263.8425617078052
794,2,4,3,263.8425617078052
794,4,3,4,330.5537024683122
794,3,1,5,244.49633088725818
794,19,4,6,263.8425617078052
794,7,1,7,244.49633088725818
794,11,3,8,330.5537024683122
794,16,1,9,244.49633088725818
794,1,3,10,330.5537024683122
795,8,1,1,129.41961307538358
795,7,1,2,129.41961307538358
795,15,4,3,45.03002001334223
795,10,2,4,283.8559039359573
795,4,3,5,379.9199466310874
795,5,3,6,379.9199466310874
795,17,4,7,45.03002001334223
795,6,4,8,45.03002001334223
795,20,3,9,379.9199466310874
795,16,1,10,129.41961307538358
796,8,1,1,78.38559039359573
796,15,4,2,376.2508338892595
796,5,3,3,417.9452968645764
796,1,3,4,417.9452968645764
796,3,1,5,78.38559039359573
796,16,1,6,78.38559039359573
796,20,3,7,417.9452968645764
796,4,3,8,417.9452968645764
796,17,4,9,376.2508338892595
797,18,4,1,256.83789192795194
797,7,1,2,427.2848565710474
797,12,3,3,474.98332221480985
797,14,3,4,474.98332221480985
797,3,1,5,427.2848565710474
798,11,3,1,300.533689126084
798,12,3,2,300.533689126084
798,7,1,3,89.05937291527685
798,19,4,4,384.58972648432285
798,20,3,5,300.533689126084
798,2,4,6,384.58972648432285
798,15,4,7,384.58972648432285
798,9,3,8,300.533689126084
798,1,3,9,300.533689126084
799,19,4,1,64.37625083388926
799,15,4,2,64.37625083388926
799,4,3,3,4.66977985323549
799,17,4,4,64.37625083388926
799,11,3,5,4.66977985323549
799,1,3,6,4.66977985323549
799,20,3,7,4.66977985323549
799,14,3,8,4.66977985323549
799,16,1,9,101.73448965977317
800,4,3,1,245.8305537024683
800,12,3,2,245.8305537024683
800,13,3,3,245.8305537024683
800,8,1,4,380.5870580386925
800,7,1,5,380.5870580386925
800,2,4,6,315.54369579719815
800,9,3,7,245.8305537024683
800,20,3,8,245.8305537024683
800,17,4,9,315.54369579719815
801,12,3,1,140.42695130086724
801,8,1,2,39.026017344896594
801,5,3,3,140.42695130086724
801,6,4,4,94.39626417611741
801,10,2,5,59.70647098065377
801,20,3,6,140.42695130086724
801,19,4,7,94.39626417611741
801,9,3,8,140.42695130086724
801,1,3,9,140.42695130086724
801,4,3,10,140.42695130086724
802,11,3,1,499.3328885923949
802,20,3,2,499.3328885923949
802,3,1,3,415.61040693795866
802,16,1,4,415.61040693795866
802,1,3,5,499.3328885923949
802,14,3,6,499.3328885923949
803,18,4,1,380.2535023348899
803,1,3,2,188.45897264843228
803,12,3,3,188.45897264843228
803,17,4,4,380.2535023348899
803,16,1,5,224.48298865910607
803,2,4,6,380.2535023348899
803,13,3,7,188.45897264843228
803,19,4,8,380.2535023348899
803,8,1,9,224.48298865910607
804,9,3,1,82.38825883922615
804,20,3,2,82.38825883922615
804,15,4,3,63.04202801867912
804,11,3,4,82.38825883922615
804,12,3,5,82.38825883922615
804,8,1,6,83.05537024683122
804,16,1,7,83.05537024683122
805,15,4,1,425.6170780520347
805,9,3,2,331.22081387591726
805,11,3,3,331.22081387591726
805,12,3,4,331.22081387591726
805,1,3,5,331.22081387591726
805,17,4,6,425.6170780520347
805,20,3,7,331.22081387591726
805,4,3,8,331.22081387591726
805,18,4,9,425.6170780520347
805,16,1,10,373.91594396264173
806,14,3,1,120.0800533689126
806,3,1,2,368.5790527018012
806,15,4,3,390.5937291527685
806,16,1,4,368.5790527018012
806,7,1,5,368.5790527018012
806,12,3,6,120.0800533689126
806,2,4,7,390.5937291527685
806,11,3,8,120.0800533689126
806,18,4,9,390.5937291527685
807,18,4,1,397.59839893262176
807,14,3,2,198.46564376250834
807,6,4,3,397.59839893262176
807,10,2,4,403.93595730486993
807,2,4,5,397.59839893262176
807,7,1,6,23.682454969979986
807,12,3,7,198.46564376250834
807,19,4,8,397.59839893262176
807,9,3,9,198.46564376250834
808,16,1,1,31.35423615743829
808,15,4,2,269.17945296864576
808,19,4,3,269.17945296864576
808,5,3,4,1.33422281521014
808,10,2,5,249.4996664442962
809,15,4,1,277.1847898599066
809,1,3,2,471.9813208805871
809,10,2,3,370.2468312208139
809,4,3,4,471.9813208805871
809,3,1,5,297.53168779186126
809,2,4,6,277.1847898599066
809,5,3,7,471.9813208805871
810,2,4,1,154.1027351567712
810,14,3,2,377.91861240827217
810,9,3,3,377.91861240827217
810,1,3,4,377.91861240827217
810,12,3,5,377.91861240827217
811,3,1,1,266.51100733822545
811,14,3,2,80.38692461641094
811,9,3,3,80.38692461641094
811,5,3,4,80.38692461641094
811,7,1,5,266.51100733822545
812,8,1,1,381.5877251501001
812,19,4,2,42.361574382921944
812,15,4,3,42.361574382921944
812,13,3,4,228.48565710473648
812,5,3,5,228.48565710473648
812,4,3,6,228.48565710473648
812,14,3,7,228.48565710473648
813,11,3,1,289.5263509006004
813,5,3,2,289.5263509006004
813,17,4,3,46.6977985323549
813,4,3,4,289.5263509006004
813,7,1,5,149.4329553035357
813,3,1,6,149.4329553035357
813,16,1,7,149.4329553035357
813,18,4,8,46.6977985323549
813,19,4,9,46.6977985323549
813,9,3,10,289.5263509006004
814,5,3,1,52.70180120080053
814,12,3,2,52.70180120080053
814,17,4,3,54.36957971981321
814,15,4,4,54.36957971981321
814,11,3,5,52.70180120080053
815,18,4,1,266.51100733822545
815,2,4,2,266.51100733822545
815,14,3,3,427.9519679786524
815,1,3,4,427.9519679786524
815,3,1,5,257.1714476317545
815,15,4,6,266.51100733822545
815,13,3,7,427.9519679786524
815,20,3,8,427.9519679786524
816,5,3,1,189.4596397598399
816,20,3,2,189.4596397598399
816,13,3,3,189.4596397598399
816,1,3,4,189.4596397598399
816,15,4,5,118.0787191460974
817,9,3,1,233.15543695797197
817,4,3,2,233.15543695797197
817,11,3,3,233.15543695797197
817,19,4,4,21.34756504336224
817,10,2,5,183.12208138759172
818,4,3,1,323.21547698465645
818,2,4,2,422.9486324216144
818,17,4,3,422.9486324216144
818,19,4,4,422.9486324216144
818,7,1,5,391.92795196797863
819,13,3,1,71.71447631754504
819,10,2,2,261.1741160773849
819,8,1,3,316.5443629086057
819,5,3,4,71.71447631754504
819,1,3,5,71.71447631754504
819,18,4,6,120.74716477651768
820,17,4,1,108.73915943962642
820,19,4,2,108.73915943962642
820,8,1,3,408.6057371581054
820,5,3,4,316.2108072048032
820,4,3,5,316.2108072048032
821,2,4,1,48.03202134756504
821,7,1,2,25.683789192795196
821,13,3,3,187.79186124082722
821,15,4,4,48.03202134756504
821,4,3,5,187.79186124082722
821,3,1,6,25.683789192795196
821,8,1,7,25.683789192795196
821,10,2,8,266.51100733822545
821,17,4,9,48.03202134756504
822,15,4,1,126.7511674449633
822,12,3,2,306.20413609072716
822,6,4,3,126.7511674449633
822,8,1,4,28.01867911941294
822,1,3,5,306.20413609072716
822,9,3,6,306.20413609072716
822,5,3,7,306.20413609072716
822,19,4,8,126.7511674449633
822,4,3,9,306.20413609072716
822,14,3,10,306.20413609072716
823,3,1,1,468.97931954636425
823,4,3,2,320.2134756504336
823,15,4,3,105.40360240160106
823,1,3,4,320.2134756504336
823,14,3,5,320.2134756504336
823,17,4,6,105.40360240160106
823,13,3,7,320.2134756504336
823,5,3,8,320.2134756504336
824,2,4,1,14.342895263509005
824,20,3,2,163.44229486324215
824,15,4,3,14.342895263509005
824,5,3,4,163.44229486324215
824,12,3,5,163.44229486324215
825,17,4,1,143.7625083388926
825,12,3,2,498.9993328885924
825,19,4,3,143.7625083388926
825,7,1,4,152.43495663775852
825,20,3,5,498.9993328885924
825,15,4,6,143.7625083388926
826,20,3,1,439.62641761174115
826,12,3,2,439.62641761174115
826,5,3,3,439.62641761174115
826,15,4,4,40.360240160106734
826,11,3,5,439.62641761174115
826,16,1,6,322.8819212808539
827,6,4,1,417.6117411607738
827,17,4,2,417.6117411607738
827,19,4,3,417.6117411607738
827,16,1,4,225.48365577051368
827,18,4,5,417.6117411607738
827,12,3,6,432.28819212808537
827,9,3,7,432.28819212808537
827,3,1,8,225.48365577051368
828,19,4,1,203.8025350233489
828,20,3,2,291.8612408272181
828,16,1,3,494.3295530353569
828,6,4,4,203.8025350233489
828,11,3,5,291.8612408272181
828,17,4,6,203.8025350233489
828,15,4,7,203.8025350233489
828,4,3,8,291.8612408272181
828,8,1,9,494.3295530353569
828,18,4,10,203.8025350233489
829,12,3,1,303.8692461641094
829,1,3,2,303.8692461641094
829,2,4,3,403.93595730486993
829,15,4,4,403.93595730486993
829,3,1,5,367.91194129419614
830,14,3,1,153.4356237491661
830,5,3,2,153.4356237491661
830,18,4,3,445.2968645763842
830,7,1,4,145.43028685790526
830,20,3,5,153.4356237491661
830,8,1,6,145.43028685790526
830,19,4,7,445.2968645763842
830,17,4,8,445.2968645763842
831,7,1,1,256.83789192795194
831,4,3,2,397.9319546364243
831,2,4,3,139.42628418945964
831,19,4,4,139.42628418945964
831,1,3,5,397.9319546364243
832,14,3,1,112.74182788525684
832,6,4,2,250.16677785190126
832,18,4,3,250.16677785190126
832,3,1,4,214.80987324883256
832,10,2,5,435.6237491661107
832,16,1,6,214.80987324883256
832,11,3,7,112.74182788525684
832,4,3,8,112.74182788525684
832,15,4,9,250.16677785190126
833,3,1,1,349.89993328885924
833,8,1,2,349.89993328885924
833,15,4,3,163.44229486324215
833,19,4,4,163.44229486324215
833,2,4,5,163.44229486324215
833,10,2,6,389.9266177451634
833,13,3,7,100.0667111407605
833,5,3,8,100.0667111407605
834,3,1,1,492.6617745163442
834,9,3,2,168.7791861240827
834,5,3,3,168.7791861240827
834,12,3,4,168.7791861240827
834,13,3,5,168.7791861240827
834,2,4,6,486.32421614409606
834,6,4,7,486.32421614409606
835,7,1,1,409.2728485657105
835,5,3,2,131.08739159439625
835,16,1,3,409.2728485657105
835,1,3,4,131.08739159439625
835,19,4,5,463.9759839893262
835,4,3,6,131.08739159439625
835,6,4,7,463.9759839893262
835,18,4,8,463.9759839893262
835,9,3,9,131.08739159439625
836,6,4,1,132.75517011340895
836,18,4,2,132.75517011340895
836,3,1,3,383.58905937291524
836,20,3,4,375.91727818545695
836,2,4,5,132.75517011340895
836,16,1,6,383.58905937291524
836,12,3,7,375.91727818545695
836,7,1,8,383.58905937291524
836,10,2,9,115.74382921947965
836,8,1,10,383.58905937291524
837,13,3,1,482.9886591060707
837,4,3,2,482.9886591060707
837,14,3,3,482.9886591060707
837,16,1,4,134.75650433622414
837,10,2,5,92.72848565710474
837,12,3,6,482.9886591060707
837,18,4,7,185.12341561040694
837,1,3,8,482.9886591060707
837,8,1,9,134.75650433622414
838,12,3,1,472.6484322881921
838,7,1,2,446.9646430953969
838,15,4,3,369.5797198132088
838,9,3,4,472.6484322881921
838,5,3,5,472.6484322881921
838,16,1,6,446.9646430953969
838,18,4,7,369.5797198132088
838,2,4,8,369.5797198132088
838,13,3,9,472.6484322881921
839,1,3,1,472.9819879919947
839,8,1,2,327.8852568378919
839,10,2,3,180.45363575717144
839,14,3,4,472.9819879919947
839,3,1,5,327.8852568378919
839,18,4,6,374.91661107404934
839,2,4,7,374.91661107404934
840,15,4,1,469.6464309539693
840,6,4,2,469.6464309539693
840,2,4,3,469.6464309539693
840,3,1,4,408.9392928619079
840,5,3,5,66.04402935290193
841,2,4,1,291.1941294196131
841,11,3,2,163.7758505670447
841,8,1,3,34.68979319546364
841,5,3,4,163.7758505670447
841,13,3,5,163.7758505670447
841,14,3,6,163.7758505670447
841,15,4,7,291.1941294196131
841,16,1,8,34.68979319546364
841,10,2,9,420.2801867911941
842,5,3,1,29.686457638425615
842,6,4,2,82.72181454302869
842,15,4,3,82.72181454302869
842,9,3,4,29.686457638425615
842,8,1,5,203.13542361574383
842,20,3,6,29.686457638425615
842,18,4,7,82.72181454302869
842,10,2,8,300.2001334222815
842,12,3,9,29.686457638425615
842,19,4,10,82.72181454302869
843,2,4,1,376.91794529686456
843,7,1,2,454.9699799866578
843,10,2,3,133.08872581721147
843,5,3,4,190.12675116744495
843,17,4,5,376.91794529686456
843,8,1,6,454.9699799866578
844,1,3,1,176.1174116077385
844,14,3,2,176.1174116077385
844,7,1,3,229.48632421614408
844,5,3,4,176.1174116077385
844,16,1,5,229.48632421614408
844,10,2,6,218.81254169446296
844,20,3,7,176.1174116077385
844,2,4,8,465.9773182121414
844,15,4,9,465.9773182121414
844,4,3,10,176.1174116077385
845,7,1,1,332.88859239492996
845,2,4,2,48.36557705136758
845,13,3,3,463.9759839893262
845,11,3,4,463.9759839893262
845,17,4,5,48.36557705136758
845,8,1,6,332.88859239492996
845,3,1,7,332.88859239492996
845,15,4,8,48.36557705136758
846,11,3,1,92.3949299533022
846,7,1,2,275.51701134089393
846,1,3,3,92.3949299533022
846,14,3,4,92.3949299533022
846,19,4,5,251.16744496330887
846,16,1,6,275.51701134089393
846,20,3,7,92.3949299533022
847,8,1,1,441.9613075383589
847,18,4,2,149.09939959973315
847,14,3,3,324.21614409606406
847,12,3,4,324.21614409606406
847,4,3,5,324.21614409606406
847,3,1,6,441.9613075383589
847,7,1,7,441.9613075383589
847,9,3,8,324.21614409606406
847,10,2,9,418.2788525683789
847,15,4,10,149.09939959973315
848,11,3,1,266.51100733822545
848,13,3,2,266.51100733822545
848,9,3,3,266.51100733822545
848,19,4,4,436.2908605737158
848,12,3,5,266.51100733822545
848,5,3,6,266.51100733822545
848,2,4,7,436.2908605737158
849,6,4,1,236.49099399599734
849,14,3,2,47.36490993995997
849,8,1,3,93.72915276851234
849,9,3,4,47.36490993995997
849,17,4,5,236.49099399599734
849,16,1,6,93.72915276851234
849,15,4,7,236.49099399599734
849,1,3,8,47.36490993995997
849,11,3,9,47.36490993995997
850,11,3,1,385.59039359573046
850,3,1,2,259.50633755837225
850,18,4,3,416.9446297531688
850,13,3,4,385.59039359573046
850,8,1,5,259.50633755837225
850,16,1,6,259.50633755837225
850,9,3,7,385.59039359573046
850,5,3,8,385.59039359573046
850,20,3,9,385.59039359573046
851,10,2,1,474.3162108072048
851,17,4,2,444.9633088725817
851,15,4,3,444.9633088725817
851,2,4,4,444.9633088725817
851,4,3,5,144.42961974649765
851,6,4,6,444.9633088725817
852,12,3,1,202.46831220813877
852,6,4,2,434.6230820547031
852,18,4,3,434.6230820547031
852,17,4,4,434.6230820547031
852,2,4,5,434.6230820547031
852,8,1,6,79.38625750500333
852,1,3,7,202.46831220813877
853,3,1,1,74.38292194796531
853,19,4,2,271.5143428952635
853,7,1,3,74.38292194796531
853,11,3,4,274.5163442294863
853,12,3,5,274.5163442294863
853,14,3,6,274.5163442294863
854,3,1,1,48.36557705136758
854,10,2,2,390.5937291527685
854,20,3,3,214.80987324883256
854,1,3,4,214.80987324883256
854,16,1,5,48.36557705136758
854,11,3,6,214.80987324883256
854,14,3,7,214.80987324883256
854,12,3,8,214.80987324883256
854,5,3,9,214.80987324883256
855,13,3,1,210.14009339559706
855,10,2,2,158.77251501000666
855,12,3,3,210.14009339559706
855,7,1,4,479.65310206804537
855,20,3,5,210.14009339559706
855,14,3,6,210.14009339559706
855,17,4,7,72.04803202134757
856,14,3,1,130.75383589059373
856,19,4,2,135.42361574382923
856,17,4,3,135.42361574382923
856,8,1,4,124.41627751834557
856,4,3,5,130.75383589059373
857,14,3,1,305.53702468312207
857,10,2,2,150.76717811874582
857,9,3,3,305.53702468312207
857,17,4,4,415.9439626417612
857,15,4,5,415.9439626417612
857,5,3,6,305.53702468312207
857,20,3,7,305.53702468312207
857,18,4,8,415.9439626417612
857,11,3,9,305.53702468312207
857,4,3,10,305.53702468312207
858,15,4,1,423.949299533022
858,3,1,2,39.35957304869913
858,14,3,3,455.6370913942628
858,6,4,4,423.949299533022
858,19,4,5,423.949299533022
858,12,3,6,455.6370913942628
858,18,4,7,423.949299533022
858,11,3,8,455.6370913942628
859,6,4,1,466.31087391594394
859,8,1,2,420.2801867911941
859,5,3,3,171.78118745830554
859,9,3,4,171.78118745830554
859,2,4,5,466.31087391594394
859,14,3,6,171.78118745830554
859,10,2,7,147.09806537691793
859,13,3,8,171.78118745830554
859,15,4,9,466.31087391594394
860,1,3,1,346.2308205470313
860,6,4,2,387.5917278185457
860,5,3,3,346.2308205470313
860,15,4,4,387.5917278185457
860,4,3,5,346.2308205470313
860,14,3,6,346.2308205470313
861,1,3,1,493.99599733155435
861,7,1,2,495.33022014676453
861,19,4,3,19.679786524349566
861,6,4,4,19.679786524349566
861,13,3,5,493.99599733155435
861,15,4,6,19.679786524349566
861,5,3,7,493.99599733155435
861,3,1,8,495.33022014676453
862,11,3,1,416.9446297531688
862,3,1,2,414.60973982655105
862,20,3,3,416.9446297531688
862,2,4,4,224.81654436290862
862,4,3,5,416.9446297531688
863,9,3,1,26.01734489659773
863,2,4,2,81.38759172781855
863,10,2,3,469.31287525016677
863,6,4,4,81.38759172781855
863,5,3,5,26.01734489659773
863,13,3,6,26.01734489659773
863,19,4,7,81.38759172781855
863,12,3,8,26.01734489659773
863,14,3,9,26.01734489659773
863,16,1,10,313.54236157438294
864,5,3,1,68.04536357571715
864,19,4,2,138.0920613742495
864,8,1,3,3.002001334222815
864,17,4,4,138.0920613742495
864,9,3,5,68.04536357571715
864,4,3,6,68.04536357571715
865,11,3,1,362.5750500333556
865,5,3,2,362.5750500333556
865,20,3,3,362.5750500333556
865,6,4,4,250.83388925950632
865,13,3,5,362.5750500333556
865,14,3,6,362.5750500333556
865,1,3,7,362.5750500333556
866,3,1,1,473.3155436957972
866,20,3,2,75.05003335557038
866,12,3,3,75.05003335557038
866,10,2,4,117.74516344229487
866,4,3,5,75.05003335557038
866,2,4,6,89.39292861907938
866,11,3,7,75.05003335557038
866,13,3,8,75.05003335557038
866,5,3,9,75.05003335557038
867,4,3,1,203.13542361574383
867,7,1,2,236.1574382921948
867,1,3,3,203.13542361574383
867,5,3,4,203.13542361574383
867,9,3,5,203.13542361574383
867,6,4,6,264.8432288192128
868,12,3,1,52.03468979319546
868,10,2,2,69.37958639092729
868,14,3,3,52.03468979319546
868,7,1,4,85.05670446964643
868,15,4,5,169.44629753168778
869,14,3,1,162.7751834556371
869,9,3,2,162.7751834556371
869,16,1,3,197.79853235490327
869,15,4,4,358.90593729152766
869,4,3,5,162.7751834556371
870,9,3,1,434.6230820547031
870,8,1,2,129.75316877918613
870,16,1,3,129.75316877918613
870,3,1,4,129.75316877918613
870,6,4,5,218.1454302868579
870,11,3,6,434.6230820547031
870,20,3,7,434.6230820547031
871,4,3,1,205.13675783855905
871,11,3,2,205.13675783855905
871,17,4,3,421.9479653102068
871,14,3,4,205.13675783855905
871,7,1,5,335.8905937291528
872,13,3,1,214.47631754503
872,7,1,2,411.94129419613074
872,5,3,3,214.47631754503
872,20,3,4,214.47631754503
872,19,4,5,443.6290860573716
872,8,1,6,411.94129419613074
873,1,3,1,413.94262841894596
873,16,1,2,185.790527018012
873,3,1,3,185.790527018012
873,7,1,4,185.790527018012
873,19,4,5,494.99666444296196
873,17,4,6,494.99666444296196
873,5,3,7,413.94262841894596
874,13,3,1,475.3168779186124
874,14,3,2,475.3168779186124
874,12,3,3,475.3168779186124
874,9,3,4,475.3168779186124
874,8,1,5,441.62775183455636
875,5,3,1,416.2775183455637
875,19,4,2,427.6184122748499
875,2,4,3,427.6184122748499
875,12,3,4,416.2775183455637
875,13,3,5,416.2775183455637
875,16,1,6,343.8959306204136
875,20,3,7,416.2775183455637
876,4,3,1,457.97198132088056
876,16,1,2,153.4356237491661
876,11,3,3,457.97198132088056
876,15,4,4,54.03602401601067
876,6,4,5,54.03602401601067
876,14,3,6,457.97198132088056
877,4,3,1,167.7785190126751
877,14,3,2,167.7785190126751
877,1,3,3,167.7785190126751
877,5,3,4,167.7785190126751
877,8,1,5,241.1607738492328
877,10,2,6,19.012675116744497
877,16,1,7,241.1607738492328
877,9,3,8,167.7785190126751
878,20,3,1,242.82855236824548
878,9,3,2,242.82855236824548
878,1,3,3,242.82855236824548
878,13,3,4,242.82855236824548
878,14,3,5,242.82855236824548
878,15,4,6,142.76184122748498
878,19,4,7,142.76184122748498
878,5,3,8,242.82855236824548
879,18,4,1,196.46430953969312
879,7,1,2,48.03202134756504
879,19,4,3,196.46430953969312
879,10,2,4,270.5136757838559
879,8,1,5,48.03202134756504
879,15,4,6,196.46430953969312
879,4,3,7,74.71647765176785
879,6,4,8,196.46430953969312
880,3,1,1,167.11140760507004
880,2,4,2,165.11007338225482
880,11,3,3,354.2361574382922
880,14,3,4,354.2361574382922
880,12,3,5,354.2361574382922
880,9,3,6,354.2361574382922
880,6,4,7,165.11007338225482
880,4,3,8,354.2361574382922
880,15,4,9,165.11007338225482
880,18,4,10,165.11007338225482
881,18,4,1,417.9452968645764
881,16,1,2,399.9332888592395
881,7,1,3,399.9332888592395
881,8,1,4,399.9332888592395
881,20,3,5,110.07338225483656
881,1,3,6,110.07338225483656
881,14,3,7,110.07338225483656
882,17,4,1,413.94262841894596
882,20,3,2,359.57304869913276
882,18,4,3,413.94262841894596
882,8,1,4,246.49766511007337
882,10,2,5,237.1581054036024
882,1,3,6,359.57304869913276
883,19,4,1,218.81254169446296
883,18,4,2,218.81254169446296
883,1,3,3,152.10140093395597
883,3,1,4,474.98332221480985
883,14,3,5,152.10140093395597
883,9,3,6,152.10140093395597
884,5,3,1,102.06804536357572
884,1,3,2,102.06804536357572
884,20,3,3,102.06804536357572
884,10,2,4,258.50567044696464
884,14,3,5,102.06804536357572
884,11,3,6,102.06804536357572
885,13,3,1,207.47164776517678
885,2,4,2,431.28752501667776
885,16,1,3,243.8292194796531
885,9,3,4,207.47164776517678
885,4,3,5,207.47164776517678
885,19,4,6,431.28752501667776
885,5,3,7,207.47164776517678
885,10,2,8,49.36624416277518
885,14,3,9,207.47164776517678
885,7,1,10,243.8292194796531
886,13,3,1,75.71714476317545
886,8,1,2,179.78652434956638
886,20,3,3,75.71714476317545
886,15,4,4,176.1174116077385
886,6,4,5,176.1174116077385
886,1,3,6,75.71714476317545
886,16,1,7,179.78652434956638
886,19,4,8,176.1174116077385
887,8,1,1,59.0393595730487
887,7,1,2,59.0393595730487
887,16,1,3,59.0393595730487
887,6,4,4,261.50767178118747
887,18,4,5,261.50767178118747
888,5,3,1,161.10740493662442
888,8,1,2,495.99733155436957
888,12,3,3,161.10740493662442
888,16,1,4,495.99733155436957
888,9,3,5,161.10740493662442
888,7,1,6,495.99733155436957
888,6,4,7,228.81921280853902
888,19,4,8,228.81921280853902
888,2,4,9,228.81921280853902
889,6,4,1,233.82254836557703
889,16,1,2,232.4883255503669
889,11,3,3,124.08272181454302
889,17,4,4,233.82254836557703
889,4,3,5,124.08272181454302
889,19,4,6,233.82254836557703
889,7,1,7,232.4883255503669
889,18,4,8,233.82254836557703
889,12,3,9,124.08272181454302
889,8,1,10,232.4883255503669
890,6,4,1,2.334889926617745
890,15,4,2,2.334889926617745
890,4,3,3,467.64509673115407
890,7,1,4,330.22014676450965
890,14,3,5,467.64509673115407
890,17,4,6,2.334889926617745
891,2,4,1,69.04603068712476
891,14,3,2,382.5883922615077
891,17,4,3,69.04603068712476
891,16,1,4,358.23882588392263
891,18,4,5,69.04603068712476
891,5,3,6,382.5883922615077
891,20,3,7,382.5883922615077
891,1,3,8,382.5883922615077
891,7,1,9,358.23882588392263
891,13,3,10,382.5883922615077
892,4,3,1,469.6464309539693
892,6,4,2,203.46897931954635
892,12,3,3,469.6464309539693
892,7,1,4,307.20480320213477
892,9,3,5,469.6464309539693
892,8,1,6,307.20480320213477
892,16,1,7,307.20480320213477
892,19,4,8,203.46897931954635
892,17,4,9,203.46897931954635
893,1,3,1,3.669112741827885
893,10,2,2,364.9099399599733
893,3,1,3,343.22881921280856
893,5,3,4,3.669112741827885
893,12,3,5,3.669112741827885
893,16,1,6,343.22881921280856
894,11,3,1,413.27551701134087
894,17,4,2,7.004669779853235
894,6,4,3,7.004669779853235
894,4,3,4,413.27551701134087
894,15,4,5,7.004669779853235
894,2,4,6,7.004669779853235
894,3,1,7,40.360240160106734
895,15,4,1,69.37958639092729
895,12,3,2,274.84989993328884
895,10,2,3,141.42761841227485
895,14,3,4,274.84989993328884
895,19,4,5,69.37958639092729
895,5,3,6,274.84989993328884
895,13,3,7,274.84989993328884
896,7,1,1,302.8685790527018
896,6,4,2,111.4076050700467
896,4,3,3,251.83455637091393
896,19,4,4,111.4076050700467
896,9,3,5,251.83455637091393
897,16,1,1,222.48165443629085
897,1,3,2,172.78185456971315
897,4,3,3,172.78185456971315
897,13,3,4,172.78185456971315
897,14,3,5,172.78185456971315
897,20,3,6,172.78185456971315
897,6,4,7,484.98999332888593
897,2,4,8,484.98999332888593
897,10,2,9,330.5537024683122
897,7,1,10,222.48165443629085
898,15,4,1,141.76117411607737
898,10,2,2,409.606404269513
898,14,3,3,18.01200800533689
898,16,1,4,397.9319546364243
898,9,3,5,18.01200800533689
898,2,4,6,141.76117411607737
898,11,3,7,18.01200800533689
898,13,3,8,18.01200800533689
898,4,3,9,18.01200800533689
899,19,4,1,455.9706470980654
899,7,1,2,119.079386257505
899,6,4,3,455.9706470980654
899,9,3,4,10.67378252168112
899,8,1,5,119.079386257505
899,3,1,6,119.079386257505
899,14,3,7,10.67378252168112
899,5,3,8,10.67378252168112
899,17,4,9,455.9706470980654
900,1,3,1,221.48098732488324
900,15,4,2,163.10873915943964
900,19,4,3,163.10873915943964
900,12,3,4,221.48098732488324
900,4,3,5,221.48098732488324
900,14,3,6,221.48098732488324
901,12,3,1,166.7778519012675
901,7,1,2,245.16344229486324
901,1,3,3,166.7778519012675
901,20,3,4,166.7778519012675
901,15,4,5,63.37558372248165
901,19,4,6,63.37558372248165
902,1,3,1,245.16344229486324
902,11,3,2,245.16344229486324
902,8,1,3,109.73982655103403
902,18,4,4,399.2661774516344
902,9,3,5,245.16344229486324
902,17,4,6,399.2661774516344
902,2,4,7,399.2661774516344
903,19,4,1,451.96797865243497
903,8,1,2,360.24016010673785
903,12,3,3,130.08672448298867
903,9,3,4,130.08672448298867
903,6,4,5,451.96797865243497
903,11,3,6,130.08672448298867
903,15,4,7,451.96797865243497
903,1,3,8,130.08672448298867
903,16,1,9,360.24016010673785
904,2,4,1,128.08539026017345
904,14,3,2,44.36290860573716
904,15,4,3,128.08539026017345
904,4,3,4,44.36290860573716
904,3,1,5,393.92928619079385
904,11,3,6,44.36290860573716
905,18,4,1,36.69112741827885
905,1,3,2,428.95263509006
905,15,4,3,36.69112741827885
905,20,3,4,428.95263509006
905,11,3,5,428.95263509006
905,6,4,6,36.69112741827885
906,12,3,1,410.94062708472313
906,16,1,2,86.05737158105404
906,5,3,3,410.94062708472313
906,3,1,4,86.05737158105404
906,20,3,5,410.94062708472313
906,2,4,6,204.13609072715144
906,17,4,7,204.13609072715144
906,7,1,8,86.05737158105404
907,6,4,1,321.54769846564375
907,10,2,2,206.80453635757172
907,9,3,3,248.16544362908604
907,1,3,4,248.16544362908604
907,4,3,5,248.16544362908604
907,12,3,6,248.16544362908604
908,3,1,1,402.9352901934623
908,18,4,2,92.3949299533022
908,19,4,3,92.3949299533022
908,4,3,4,244.49633088725818
908,6,4,5,92.3949299533022
909,3,1,1,124.08272181454302
909,12,3,2,360.24016010673785
909,8,1,3,124.08272181454302
909,10,2,4,414.60973982655105
909,15,4,5,436.9579719813209
909,14,3,6,360.24016010673785
910,10,2,1,307.5383589059373
910,7,1,2,377.91861240827217
910,5,3,3,232.82188125416945
910,14,3,4,232.82188125416945
910,9,3,5,232.82188125416945
910,4,3,6,232.82188125416945
910,6,4,7,402.9352901934623
910,11,3,8,232.82188125416945
911,13,3,1,227.15143428952635
911,11,3,2,227.15143428952635
911,12,3,3,227.15143428952635
911,3,1,4,325.21681120747166
911,16,1,5,325.21681120747166
911,18,4,6,195.79719813208806
911,17,4,7,195.79719813208806
912,18,4,1,453.6357571714476
912,12,3,2,230.82054703135424
912,14,3,3,230.82054703135424
912,19,4,4,453.6357571714476
912,7,1,5,47.36490993995997
912,11,3,6,230.82054703135424
913,7,1,1,175.11674449633088
913,15,4,2,421.61440960640425
913,19,4,3,421.61440960640425
913,17,4,4,421.61440960640425
913,9,3,5,340.56037358238825
914,13,3,1,264.8432288192128
914,15,4,2,180.787191460974
914,12,3,3,264.8432288192128
914,10,2,4,321.54769846564375
914,11,3,5,264.8432288192128
914,5,3,6,264.8432288192128
914,1,3,7,264.8432288192128
914,18,4,8,180.787191460974
915,5,3,1,232.4883255503669
915,20,3,2,232.4883255503669
915,8,1,3,77.38492328218813
915,12,3,4,232.4883255503669
915,6,4,5,388.5923949299533
915,11,3,6,232.4883255503669
915,3,1,7,77.38492328218813
915,4,3,8,232.4883255503669
916,10,2,1,481.6544362908606
916,8,1,2,478.65243495663776
916,16,1,3,478.65243495663776
916,18,4,4,224.48298865910607
916,11,3,5,388.92595063375586
916,7,1,6,478.65243495663776
916,6,4,7,224.48298865910607
916,9,3,8,388.92595063375586
916,13,3,9,388.92595063375586
916,12,3,10,388.92595063375586
917,5,3,1,402.26817878585723
917,10,2,2,93.06204136090727
917,13,3,3,402.26817878585723
917,1,3,4,402.26817878585723
917,15,4,5,164.7765176784523
917,19,4,6,164.7765176784523
917,17,4,7,164.7765176784523
917,6,4,8,164.7765176784523
917,12,3,9,402.26817878585723
918,5,3,1,154.76984656437625
918,15,4,2,231.82121414276185
918,13,3,3,154.76984656437625
918,6,4,4,231.82121414276185
918,1,3,5,154.76984656437625
918,12,3,6,154.76984656437625
918,8,1,7,146.7645096731154
919,6,4,1,232.4883255503669
919,14,3,2,228.81921280853902
919,7,1,3,177.1180787191461
919,3,1,4,177.1180787191461
919,8,1,5,177.1180787191461
920,6,4,1,408.9392928619079
920,16,1,2,412.27484989993326
920,12,3,3,261.1741160773849
920,4,3,4,261.1741160773849
920,20,3,5,261.1741160773849
921,13,3,1,51.70113408939293
921,15,4,2,363.5757171447632
921,20,3,3,51.70113408939293
921,6,4,4,363.5757171447632
921,3,1,5,75.38358905937291
921,16,1,6,75.38358905937291
921,4,3,7,51.70113408939293
921,8,1,8,75.38358905937291
922,12,3,1,39.35957304869913
922,10,2,2,124.41627751834557
922,20,3,3,39.35957304869913
922,1,3,4,39.35957304869913
922,3,1,5,353.9026017344897
922,8,1,6,353.9026017344897
922,16,1,7,353.9026017344897
922,4,3,8,39.35957304869913
922,15,4,9,152.10140093395597
923,7,1,1,76.05070046697799
923,17,4,2,372.9152768512341
923,10,2,3,184.45630420280187
923,19,4,4,372.9152768512341
923,2,4,5,372.9152768512341
923,16,1,6,76.05070046697799
924,7,1,1,438.9593062041361
924,1,3,2,423.61574382921947
924,20,3,3,423.61574382921947
924,5,3,4,423.61574382921947
924,16,1,5,438.9593062041361
924,13,3,6,423.61574382921947
924,10,2,7,278.1854569713142
924,19,4,8,317.8785857238159
925,10,2,1,219.1460973982655
925,1,3,2,76.38425617078052
925,13,3,3,76.38425617078052
925,4,3,4,76.38425617078052
925,3,1,5,444.9633088725817
925,6,4,6,243.8292194796531
925,11,3,7,76.38425617078052
926,2,4,1,145.7638425617078
926,10,2,2,198.79919946631088
926,13,3,3,285.85723815877253
926,19,4,4,145.7638425617078
926,9,3,5,285.85723815877253
926,14,3,6,285.85723815877253
926,4,3,7,285.85723815877253
926,18,4,8,145.7638425617078
927,13,3,1,370.5803869246164
927,18,4,2,479.3195463642428
927,3,1,3,295.19679786524347
927,6,4,4,479.3195463642428
927,14,3,5,370.5803869246164
928,19,4,1,148.09873248832554
928,14,3,2,125.7505003335557
928,15,4,3,148.09873248832554
928,2,4,4,148.09873248832554
928,5,3,5,125.7505003335557
928,17,4,6,148.09873248832554
929,14,3,1,246.49766511007337
929,12,3,2,246.49766511007337
929,11,3,3,246.49766511007337
929,20,3,4,246.49766511007337
929,9,3,5,246.49766511007337
930,6,4,1,380.920613742495
930,1,3,2,136.0907271514343
930,12,3,3,136.0907271514343
930,15,4,4,380.920613742495
930,10,2,5,256.5043362241494
930,14,3,6,136.0907271514343
931,13,3,1,56.70446964643095
931,4,3,2,56.70446964643095
931,17,4,3,200.46697798532355
931,8,1,4,336.8912608405604
931,3,1,5,336.8912608405604
931,11,3,6,56.70446964643095
931,6,4,7,200.46697798532355
931,12,3,8,56.70446964643095
931,15,4,9,200.46697798532355
932,12,3,1,180.12008005336892
932,2,4,2,281.187458305537
932,11,3,3,180.12008005336892
932,3,1,4,320.8805870580387
932,5,3,5,180.12008005336892
933,14,3,1,178.45230153435622
933,13,3,2,178.45230153435622
933,6,4,3,35.690460306871245
933,1,3,4,178.45230153435622
933,10,2,5,146.7645096731154
933,5,3,6,178.45230153435622
933,12,3,7,178.45230153435622
934,18,4,1,259.50633755837225
934,9,3,2,294.52968645763843
934,8,1,3,396.2641761174116
934,17,4,4,259.50633755837225
934,10,2,5,169.44629753168778
934,4,3,6,294.52968645763843
934,6,4,7,259.50633755837225
934,2,4,8,259.50633755837225
934,19,4,9,259.50633755837225
935,6,4,1,9.673115410273516
935,7,1,2,185.12341561040694
935,13,3,3,60.37358238825884
935,4,3,4,60.37358238825884
935,16,1,5,185.12341561040694
935,9,3,6,60.37358238825884
935,15,4,7,9.673115410273516
935,1,3,8,60.37358238825884
935,10,2,9,25.35023348899266
936,1,3,1,474.64976651100733
936,11,3,2,474.64976651100733
936,8,1,3,371.2474983322215
936,3,1,4,371.2474983322215
936,10,2,5,196.46430953969312
936,12,3,6,474.64976651100733
937,16,1,1,44.36290860573716
937,20,3,2,5.33689126084056
937,18,4,3,353.2354903268846
937,9,3,4,5.33689126084056
937,6,4,5,353.2354903268846
937,13,3,6,5.33689126084056
937,11,3,7,5.33689126084056
937,1,3,8,5.33689126084056
937,12,3,9,5.33689126084056
937,15,4,10,353.2354903268846
938,13,3,1,204.46964643095396
938,9,3,2,204.46964643095396
938,3,1,3,379.58639092728487
938,17,4,4,430.28685790527015
938,19,4,5,430.28685790527015
938,8,1,6,379.58639092728487
938,20,3,7,204.46964643095396
938,11,3,8,204.46964643095396
938,6,4,9,430.28685790527015
938,2,4,10,430.28685790527015
939,14,3,1,366.577718478986
939,6,4,2,149.4329553035357
939,19,4,3,149.4329553035357
939,5,3,4,366.577718478986
939,12,3,5,366.577718478986
940,5,3,1,442.29486324216145
940,2,4,2,499.3328885923949
940,13,3,3,442.29486324216145
940,4,3,4,442.29486324216145
940,18,4,5,499.3328885923949
940,20,3,6,442.29486324216145
941,6,4,1,250.5003335557038
941,12,3,2,437.9586390927285
941,19,4,3,250.5003335557038
941,18,4,4,250.5003335557038
941,14,3,5,437.9586390927285
941,13,3,6,437.9586390927285
942,7,1,1,136.0907271514343
942,8,1,2,136.0907271514343
942,11,3,3,224.81654436290862
942,14,3,4,224.81654436290862
942,4,3,5,224.81654436290862
942,5,3,6,224.81654436290862
942,13,3,7,224.81654436290862
942,18,4,8,453.9693128752502
942,17,4,9,453.9693128752502
942,16,1,10,136.0907271514343
943,15,4,1,194.79653102068045
943,20,3,2,45.6971314209473
943,1,3,3,45.6971314209473
943,4,3,4,45.6971314209473
943,18,4,5,194.79653102068045
943,11,3,6,45.6971314209473
943,17,4,7,194.79653102068045
943,13,3,8,45.6971314209473
943,10,2,9,407.6050700466978
943,14,3,10,45.6971314209473
944,3,1,1,169.11274182788526
944,17,4,2,65.37691794529687
944,19,4,3,65.37691794529687
944,16,1,4,169.11274182788526
944,12,3,5,132.4216144096064
944,1,3,6,132.4216144096064
945,16,1,1,411.6077384923282
945,3,1,2,411.6077384923282
945,11,3,3,289.1927951967979
945,7,1,4,411.6077384923282
945,6,4,5,286.85790527018014
945,5,3,6,289.1927951967979
945,8,1,7,411.6077384923282
946,10,2,1,220.14676450967312
946,15,4,2,289.8599066044029
946,17,4,3,289.8599066044029
946,19,4,4,289.8599066044029
946,11,3,5,282.8552368245497
946,20,3,6,282.8552368245497
946,9,3,7,282.8552368245497
946,2,4,8,289.8599066044029
946,6,4,9,289.8599066044029
946,8,1,10,168.11207471647765
947,15,4,1,365.9106070713809
947,9,3,2,256.5043362241494
947,13,3,3,256.5043362241494
947,3,1,4,494.66310873915944
947,20,3,5,256.5043362241494
947,12,3,6,256.5043362241494
947,14,3,7,256.5043362241494
947,16,1,8,494.66310873915944
947,2,4,9,365.9106070713809
948,17,4,1,147.43162108072048
948,14,3,2,263.8425617078052
948,2,4,3,147.43162108072048
948,13,3,4,263.8425617078052
948,4,3,5,263.8425617078052
948,15,4,6,147.43162108072048
948,3,1,7,115.74382921947965
949,16,1,1,128.75250166777852
949,11,3,2,33.689126084056035
949,4,3,3,33.689126084056035
949,8,1,4,128.75250166777852
949,18,4,5,467.64509673115407
949,5,3,6,33.689126084056035
949,14,3,7,33.689126084056035
950,11,3,1,225.48365577051368
950,9,3,2,225.48365577051368
950,13,3,3,225.48365577051368
950,19,4,4,182.7885256837892
950,10,2,5,443.9626417611741
950,15,4,6,182.7885256837892
951,5,3,1,320.8805870580387
951,17,4,2,103.40226817878586
951,1,3,3,320.8805870580387
951,15,4,4,103.40226817878586
951,8,1,5,489.9933288859239
951,10,2,6,160.77384923282187
952,6,4,1,230.82054703135424
952,16,1,2,120.0800533689126
952,10,2,3,186.7911941294196
952,15,4,4,230.82054703135424
952,5,3,5,395.59706470980655
952,11,3,6,395.59706470980655
952,19,4,7,230.82054703135424
953,16,1,1,298.1987991994663
953,9,3,2,195.130086724483
953,8,1,3,298.1987991994663
953,7,1,4,298.1987991994663
953,18,4,5,78.71914609739827
953,3,1,6,298.1987991994663
953,1,3,7,195.130086724483
953,10,2,8,385.59039359573046
954,17,4,1,438.62575050033354
954,12,3,2,358.23882588392263
954,5,3,3,358.23882588392263
954,14,3,4,358.23882588392263
954,19,4,5,438.62575050033354
954,7,1,6,276.184122748499
954,11,3,7,358.23882588392263
955,15,4,1,1.33422281521014
955,11,3,2,271.5143428952635
955,8,1,3,485.32354903268845
955,3,1,4,485.32354903268845
955,1,3,5,271.5143428952635
955,4,3,6,271.5143428952635
955,19,4,7,1.33422281521014
955,10,2,8,377.25150100066713
956,7,1,1,158.43895930620414
956,8,1,2,158.43895930620414
956,1,3,3,14.342895263509005
956,20,3,4,14.342895263509005
956,17,4,5,322.21480987324884
956,19,4,6,322.21480987324884
956,6,4,7,322.21480987324884
956,11,3,8,14.342895263509005
957,8,1,1,439.29286190793863
957,15,4,2,462.9753168779186
957,18,4,3,462.9753168779186
957,19,4,4,462.9753168779186
957,17,4,5,462.9753168779186
958,2,4,1,67.37825216811207
958,17,4,2,67.37825216811207
958,9,3,3,216.47765176784523
958,15,4,4,67.37825216811207
958,6,4,5,67.37825216811207
958,18,4,6,67.37825216811207
959,19,4,1,167.4449633088726
959,16,1,2,212.4749833222148
959,8,1,3,212.4749833222148
959,15,4,4,167.4449633088726
959,7,1,5,212.4749833222148
960,19,4,1,388.92595063375586
960,3,1,2,447.96531020680453
960,15,4,3,388.92595063375586
960,4,3,4,39.026017344896594
960,20,3,5,39.026017344896594
960,16,1,6,447.96531020680453
961,14,3,1,438.9593062041361
961,11,3,2,438.9593062041361
961,19,4,3,59.70647098065377
961,4,3,4,438.9593062041361
961,13,3,5,438.9593062041361
961,15,4,6,59.70647098065377
961,1,3,7,438.9593062041361
962,20,3,1,104.06937958639092
962,15,4,2,397.2648432288192
962,6,4,3,397.2648432288192
962,9,3,4,104.06937958639092
962,8,1,5,386.59106070713807
962,16,1,6,386.59106070713807
962,19,4,7,397.2648432288192
962,11,3,8,104.06937958639092
963,4,3,1,174.78318879252836
963,13,3,2,174.78318879252836
963,10,2,3,19.679786524349566
963,15,4,4,465.6437625083389
963,18,4,5,465.6437625083389
963,3,1,6,57.37158105403602
963,17,4,7,465.6437625083389
963,6,4,8,465.6437625083389
963,8,1,9,57.37158105403602
963,1,3,10,174.78318879252836
964,18,4,1,80.38692461641094
964,6,4,2,80.38692461641094
964,7,1,3,150.10006671114076
964,11,3,4,336.8912608405604
964,15,4,5,80.38692461641094
965,4,3,1,486.6577718478986
965,18,4,2,183.78919279519678
965,10,2,3,176.78452301534355
965,20,3,4,486.6577718478986
965,16,1,5,41.694462975316874
965,5,3,6,486.6577718478986
965,11,3,7,486.6577718478986
965,19,4,8,183.78919279519678
965,17,4,9,183.78919279519678
966,17,4,1,320.8805870580387
966,8,1,2,12.67511674449633
966,5,3,3,83.7224816544363
966,16,1,4,12.67511674449633
966,15,4,5,320.8805870580387
966,14,3,6,83.7224816544363
966,9,3,7,83.7224816544363
967,13,3,1,342.22815210140095
967,16,1,2,176.78452301534355
967,14,3,3,342.22815210140095
967,10,2,4,16.344229486324217
967,11,3,5,342.22815210140095
967,17,4,6,359.57304869913276
967,15,4,7,359.57304869913276
967,1,3,8,342.22815210140095
967,12,3,9,342.22815210140095
967,7,1,10,176.78452301534355
968,9,3,1,118.41227484989993
968,7,1,2,285.85723815877253
968,1,3,3,118.41227484989993
968,19,4,4,220.81387591727818
968,12,3,5,118.41227484989993
968,20,3,6,118.41227484989993
968,6,4,7,220.81387591727818
968,10,2,8,193.12875250166778
968,14,3,9,118.41227484989993
968,13,3,10,118.41227484989993
969,17,4,1,290.527018012008
969,6,4,2,290.527018012008
969,11,3,3,21.34756504336224
969,16,1,4,237.82521681120747
969,8,1,5,237.82521681120747
970,9,3,1,484.65643762508336
970,19,4,2,500.0
970,2,4,3,500.0
970,4,3,4,484.65643762508336
970,13,3,5,484.65643762508336
970,1,3,6,484.65643762508336
971,3,1,1,497.3315543695797
971,10,2,2,51.03402268178786
971,5,3,3,330.88725817211474
971,16,1,4,497.3315543695797
971,6,4,5,367.24482988659105
971,4,3,6,330.88725817211474
971,12,3,7,330.88725817211474
971,13,3,8,330.88725817211474
972,11,3,1,162.44162775183455
972,16,1,2,60.37358238825884
972,15,4,3,373.5823882588392
972,9,3,4,162.44162775183455
972,5,3,5,162.44162775183455
972,12,3,6,162.44162775183455
972,19,4,7,373.5823882588392
972,8,1,8,60.37358238825884
972,3,1,9,60.37358238825884
973,6,4,1,405.27018012008006
973,11,3,2,339.55970647098064
973,19,4,3,405.27018012008006
973,12,3,4,339.55970647098064
973,8,1,5,291.8612408272181
973,15,4,6,405.27018012008006
974,13,3,1,49.36624416277518
974,14,3,2,49.36624416277518
974,19,4,3,30.02001334222815
974,17,4,4,30.02001334222815
974,16,1,5,365.24349566377583
974,4,3,6,49.36624416277518
975,19,4,1,321.21414276184123
975,2,4,2,321.21414276184123
975,14,3,3,351.90126751167446
975,17,4,4,321.21414276184123
975,11,3,5,351.90126751167446
976,3,1,1,138.0920613742495
976,6,4,2,339.55970647098064
976,2,4,3,339.55970647098064
976,19,4,4,339.55970647098064
976,10,2,5,227.15143428952635
976,13,3,6,108.40560373582389
976,9,3,7,108.40560373582389
976,20,3,8,108.40560373582389
976,4,3,9,108.40560373582389
976,8,1,10,138.0920613742495
977,11,3,1,9.006004002668446
977,3,1,2,83.7224816544363
977,8,1,3,83.7224816544363
977,12,3,4,9.006004002668446
977,6,4,5,100.73382254836558
977,13,3,6,9.006004002668446
977,7,1,7,83.7224816544363
977,19,4,8,100.73382254836558
977,9,3,9,9.006004002668446
977,5,3,10,9.006004002668446
978,11,3,1,0.66711140760507
978,14,3,2,0.66711140760507
978,8,1,3,23.015343562374916
978,9,3,4,0.66711140760507
978,5,3,5,0.66711140760507
978,17,4,6,424.28285523682456
978,18,4,7,424.28285523682456
979,10,2,1,447.631754503002
979,7,1,2,267.84523015343564
979,6,4,3,37.024683122081385
979,5,3,4,91.06070713809206
979,1,3,5,91.06070713809206
979,4,3,6,91.06070713809206
980,11,3,1,267.84523015343564
980,17,4,2,291.5276851234156
980,7,1,3,43.69579719813209
980,20,3,4,267.84523015343564
980,8,1,5,43.69579719813209
981,12,3,1,87.39159439626418
981,15,4,2,208.13875917278185
981,1,3,3,87.39159439626418
981,2,4,4,208.13875917278185
981,7,1,5,100.0667111407605
981,5,3,6,87.39159439626418
982,4,3,1,355.90393595730484
982,19,4,2,23.015343562374916
982,13,3,3,355.90393595730484
982,17,4,4,23.015343562374916
982,7,1,5,350.23348899266176
982,16,1,6,350.23348899266176
982,2,4,7,23.015343562374916
982,15,4,8,23.015343562374916
983,14,3,1,487.6584389593062
983,7,1,2,108.73915943962642
983,11,3,3,487.6584389593062
983,16,1,4,108.73915943962642
983,12,3,5,487.6584389593062
984,13,3,1,301.53435623749164
984,16,1,2,170.11340893929287
984,17,4,3,296.53102068045365
984,1,3,4,301.53435623749164
984,4,3,5,301.53435623749164
984,9,3,6,301.53435623749164
984,15,4,7,296.53102068045365
984,7,1,8,170.11340893929287
985,13,3,1,441.29419613075385
985,5,3,2,441.29419613075385
985,3,1,3,426.9513008672448
985,16,1,4,426.9513008672448
985,12,3,5,441.29419613075385
985,8,1,6,426.9513008672448
985,10,2,7,73.04869913275517
985,1,3,8,441.29419613075385
986,17,4,1,327.8852568378919
986,16,1,2,166.44429619746498
986,1,3,3,470.6470980653769
986,19,4,4,327.8852568378919
986,5,3,5,470.6470980653769
986,2,4,6,327.8852568378919
987,5,3,1,57.37158105403602
987,17,4,2,262.8418945963976
987,14,3,3,57.37158105403602
987,19,4,4,262.8418945963976
987,6,4,5,262.8418945963976
987,12,3,6,57.37158105403602
988,7,1,1,277.51834556370915
988,13,3,2,284.8565710473649
988,16,1,3,277.51834556370915
988,12,3,4,284.8565710473649
988,10,2,5,39.026017344896594
989,9,3,1,206.80453635757172
989,2,4,2,100.40026684456303
989,1,3,3,206.80453635757172
989,16,1,4,121.41427618412274
989,20,3,5,206.80453635757172
989,14,3,6,206.80453635757172
989,5,3,7,206.80453635757172
990,18,4,1,489.9933288859239
990,3,1,2,165.11007338225482
990,8,1,3,165.11007338225482
990,14,3,4,335.2234823215477
990,12,3,5,335.2234823215477
991,1,3,1,327.2181454302869
991,19,4,2,315.87725150100067
991,5,3,3,327.2181454302869
991,10,2,4,345.5637091394263
991,15,4,5,315.87725150100067
991,3,1,6,478.31887925283525
991,16,1,7,478.31887925283525
991,8,1,8,478.31887925283525
991,6,4,9,315.87725150100067
992,5,3,1,317.2114743162108
992,20,3,2,317.2114743162108
992,17,4,3,292.5283522348232
992,18,4,4,292.5283522348232
992,11,3,5,317.2114743162108
992,8,1,6,112.74182788525684
993,12,3,1,273.84923282188123
993,9,3,2,273.84923282188123
993,8,1,3,140.42695130086724
993,6,4,4,83.05537024683122
993,11,3,5,273.84923282188123
993,10,2,6,186.12408272181455
994,2,4,1,371.2474983322215
994,13,3,2,152.76851234156103
994,18,4,3,371.2474983322215
994,4,3,4,152.76851234156103
994,3,1,5,54.70313542361574
994,17,4,6,371.2474983322215
994,5,3,7,152.76851234156103
994,12,3,8,152.76851234156103
995,16,1,1,9.33955970647098
995,19,4,2,254.83655770513676
995,1,3,3,55.03669112741828
995,4,3,4,55.03669112741828
995,18,4,5,254.83655770513676
995,12,3,6,55.03669112741828
995,11,3,7,55.03669112741828
996,18,4,1,97.73182121414276
996,9,3,2,109.40627084723148
996,6,4,3,97.73182121414276
996,20,3,4,109.40627084723148
996,4,3,5,109.40627084723148
996,13,3,6,109.40627084723148
996,16,1,7,172.11474316210808
996,15,4,8,97.73182121414276
996,11,3,9,109.40627084723148
997,18,4,1,294.52968645763843
997,19,4,2,294.52968645763843
997,12,3,3,216.14409606404269
997,9,3,4,216.14409606404269
997,7,1,5,64.37625083388926
997,11,3,6,216.14409606404269
997,20,3,7,216.14409606404269
997,1,3,8,216.14409606404269
997,3,1,9,64.37625083388926
997,17,4,10,294.52968645763843
998,3,1,1,340.89392928619077
998,18,4,2,379.9199466310874
998,15,4,3,379.9199466310874
998,19,4,4,379.9199466310874
998,7,1,5,340.89392928619077
998,14,3,6,175.78385590393594
998,6,4,7,379.9199466310874
999,19,4,1,148.43228819212808
999,6,4,2,148.43228819212808
999,4,3,3,299.1994663108739
999,2,4,4,148.43228819212808
999,9,3,5,299.1994663108739
999,12,3,6,299.1994663108739
999,17,4,7,148.43228819212808
999,13,3,8,299.1994663108739
999,5,3,9,299.1994663108739
999,14,3,10,299.1994663108739
1000,2,4,1,156.10406937958638
1000,17,4,2,156.10406937958638
1000,20,3,3,493.3288859239493
1000,18,4,4,156.10406937958638
1000,14,3,5,493.3288859239493
1000,7,1,6,315.2101400933956
1000,9,3,7,493.3288859239493
1000,15,4,8,156.10406937958638
1000,5,3,9,493.3288859239493
1001,7,1,1,466.97798532354904
1001,2,4,2,241.8278852568379
1001,18,4,3,241.8278852568379
1001,13,3,4,33.022014676450965
1001,3,1,5,466.97798532354904
1001,20,3,6,33.022014676450965
1001,10,2,7,386.59106070713807
1002,12,3,1,461.30753835890596
1002,14,3,2,461.30753835890596
1002,8,1,3,56.37091394262842
1002,2,4,4,476.98465643762506
1002,7,1,5,56.37091394262842
1002,13,3,6,461.30753835890596
1003,7,1,1,55.70380253502335
1003,1,3,2,246.83122081387592
1003,11,3,3,246.83122081387592
1003,15,4,4,144.09606404269513
1003,16,1,5,55.70380253502335
1003,19,4,6,144.09606404269513
1003,13,3,7,246.83122081387592
1003,20,3,8,246.83122081387592
1003,6,4,9,144.09606404269513
1003,5,3,10,246.83122081387592
1004,5,3,1,445.2968645763842
1004,3,1,2,217.47831887925284
1004,18,4,3,409.606404269513
1004,4,3,4,445.2968645763842
1004,13,3,5,445.2968645763842
1004,15,4,6,409.606404269513
1004,19,4,7,409.606404269513
1005,6,4,1,328.21881254169443
1005,10,2,2,317.2114743162108
1005,16,1,3,57.70513675783856
1005,15,4,4,328.21881254169443
1005,14,3,5,4.0026684456304205
1006,16,1,1,172.78185456971315
1006,14,3,2,497.3315543695797
1006,2,4,3,49.36624416277518
1006,4,3,4,497.3315543695797
1006,18,4,5,49.36624416277518
1006,19,4,6,49.36624416277518
1007,9,3,1,151.4342895263509
1007,13,3,2,151.4342895263509
1007,3,1,3,447.29819879919944
1007,19,4,4,125.7505003335557
1007,12,3,5,151.4342895263509
1007,8,1,6,447.29819879919944
1007,4,3,7,151.4342895263509
1007,1,3,8,151.4342895263509
1008,18,4,1,299.5330220146765
1008,17,4,2,299.5330220146765
1008,13,3,3,466.97798532354904
1008,19,4,4,299.5330220146765
1008,16,1,5,404.93662441627754
1009,14,3,1,354.5697131420947
1009,8,1,2,304.20280186791194
1009,20,3,3,354.5697131420947
1009,13,3,4,354.5697131420947
1009,7,1,5,304.20280186791194
1009,12,3,6,354.5697131420947
1009,17,4,7,223.14876584389592
1009,16,1,8,304.20280186791194
1009,4,3,9,354.5697131420947
1010,8,1,1,163.7758505670447
1010,19,4,2,192.4616410940627
1010,1,3,3,78.38559039359573
1010,20,3,4,78.38559039359573
1010,5,3,5,78.38559039359573
1010,7,1,6,163.7758505670447
1010,6,4,7,192.4616410940627
1010,17,4,8,192.4616410940627
1010,2,4,9,192.4616410940627
1010,11,3,10,78.38559039359573
1011,16,1,1,317.8785857238159
1011,13,3,2,75.38358905937291
1011,6,4,3,200.133422281521
1011,15,4,4,200.133422281521
1011,9,3,5,75.38358905937291
1011,11,3,6,75.38358905937291
1011,19,4,7,200.133422281521
1011,7,1,8,317.8785857238159
1012,10,2,1,194.12941961307538
1012,3,1,2,24.349566377585056
1012,11,3,3,365.24349566377583
1012,8,1,4,24.349566377585056
1012,13,3,5,365.24349566377583
1012,4,3,6,365.24349566377583
1012,20,3,7,365.24349566377583
1013,1,3,1,255.83722481654436
1013,16,1,2,429.95330220146764
1013,6,4,3,42.69513008672448
1013,12,3,4,255.83722481654436
1013,17,4,5,42.69513008672448
1013,15,4,6,42.69513008672448
1013,11,3,7,255.83722481654436
1014,3,1,1,195.79719813208806
1014,18,4,2,122.41494329553035
1014,10,2,3,467.31154102735155
1014,12,3,4,219.1460973982655
1014,13,3,5,219.1460973982655
1014,2,4,6,122.41494329553035
1014,6,4,7,122.41494329553035
1014,7,1,8,195.79719813208806
1014,15,4,9,122.41494329553035
1015,14,3,1,165.11007338225482
1015,1,3,2,165.11007338225482
1015,16,1,3,250.16677785190126
1015,4,3,4,165.11007338225482
1015,3,1,5,250.16677785190126
1015,10,2,6,461.30753835890596
1015,8,1,7,250.16677785190126
1015,11,3,8,165.11007338225482
1016,19,4,1,405.6037358238826
1016,8,1,2,219.1460973982655
1016,1,3,3,100.73382254836558
1016,20,3,4,100.73382254836558
1016,3,1,5,219.1460973982655
1016,7,1,6,219.1460973982655
1016,15,4,7,405.6037358238826
1016,4,3,8,100.73382254836558
1016,5,3,9,100.73382254836558
1016,14,3,10,100.73382254836558
1017,15,4,1,28.68579052701801
1017,9,3,2,118.0787191460974
1017,19,4,3,28.68579052701801
1017,5,3,4,118.0787191460974
1017,12,3,5,118.0787191460974
1017,20,3,6,118.0787191460974
1017,13,3,7,118.0787191460974
1017,7,1,8,280.8539026017345
1017,18,4,9,28.68579052701801
1018,9,3,1,462.9753168779186
1018,6,4,2,43.69579719813209
1018,4,3,3,462.9753168779186
1018,5,3,4,462.9753168779186
1018,18,4,5,43.69579719813209
1018,16,1,6,78.05203468979319
1018,8,1,7,78.05203468979319
1019,10,2,1,87.39159439626418
1019,8,1,2,244.16277518345564
1019,2,4,3,414.2761841227485
1019,15,4,4,414.2761841227485
1019,17,4,5,414.2761841227485
1019,9,3,6,479.65310206804537
1019,7,1,7,244.16277518345564
1019,19,4,8,414.2761841227485
1020,17,4,1,366.91127418278853
1020,19,4,2,366.91127418278853
1020,5,3,3,290.1934623082055
1020,12,3,4,290.1934623082055
1020,16,1,5,71.38092061374249
1020,3,1,6,71.38092061374249
1020,18,4,7,366.91127418278853
1021,13,3,1,101.06737825216811
1021,18,4,2,283.8559039359573
1021,7,1,3,54.03602401601067
1021,10,2,4,116.41094062708473
1021,4,3,5,101.06737825216811
1021,11,3,6,101.06737825216811
1021,15,4,7,283.8559039359573
1021,17,4,8,283.8559039359573
1022,20,3,1,167.11140760507004
1022,17,4,2,447.96531020680453
1022,19,4,3,447.96531020680453
1022,7,1,4,44.02935290193462
1022,18,4,5,447.96531020680453
1022,9,3,6,167.11140760507004
1022,12,3,7,167.11140760507004
1022,16,1,8,44.02935290193462
1022,4,3,9,167.11140760507004
1022,3,1,10,44.02935290193462
1023,20,3,1,33.3555703802535
1023,13,3,2,33.3555703802535
1023,18,4,3,474.98332221480985
1023,19,4,4,474.98332221480985
1023,14,3,5,33.3555703802535
1024,6,4,1,327.5517011340894
1024,12,3,2,363.5757171447632
1024,9,3,3,363.5757171447632
1024,10,2,4,214.47631754503
1024,14,3,5,363.5757171447632
1025,3,1,1,420.9472981987992
1025,8,1,2,420.9472981987992
1025,12,3,3,269.84656437625085
1025,19,4,4,53.70246831220814
1025,13,3,5,269.84656437625085
1025,2,4,6,53.70246831220814
1025,7,1,7,420.9472981987992
1025,11,3,8,269.84656437625085
1026,18,4,1,34.68979319546364
1026,6,4,2,34.68979319546364
1026,1,3,3,326.2174783188793
1026,19,4,4,34.68979319546364
1026,17,4,5,34.68979319546364
1027,7,1,1,36.02401601067378
1027,11,3,2,481.320880587058
1027,8,1,3,36.02401601067378
1027,10,2,4,223.14876584389592
1027,12,3,5,481.320880587058
1027,19,4,6,350.23348899266176
1027,3,1,7,36.02401601067378
1027,6,4,8,350.23348899266176
1027,18,4,9,350.23348899266176
1028,1,3,1,264.1761174116077
1028,15,4,2,90.06004002668446
1028,9,3,3,264.1761174116077
1028,6,4,4,90.06004002668446
1028,10,2,5,427.9519679786524
1028,5,3,6,264.1761174116077
1028,16,1,7,189.4596397598399
1028,17,4,8,90.06004002668446
1029,4,3,1,413.60907271514344
1029,10,2,2,358.23882588392263
1029,6,4,3,154.4362908605737
1029,7,1,4,296.86457638425617
1029,17,4,5,154.4362908605737
1029,16,1,6,296.86457638425617
1029,19,4,7,154.4362908605737
1029,3,1,8,296.86457638425617
1029,15,4,9,154.4362908605737
1030,8,1,1,315.87725150100067
1030,1,3,2,174.11607738492327
1030,16,1,3,315.87725150100067
1030,6,4,4,342.895263509006
1030,13,3,5,174.11607738492327
1030,7,1,6,315.87725150100067
1030,5,3,7,174.11607738492327
1031,11,3,1,359.23949299533024
1031,13,3,2,359.23949299533024
1031,5,3,3,359.23949299533024
1031,19,4,4,50.36691127418279
1031,4,3,5,359.23949299533024
1031,17,4,6,50.36691127418279
1031,9,3,7,359.23949299533024
1031,20,3,8,359.23949299533024
1031,18,4,9,50.36691127418279
1031,16,1,10,346.8979319546364
1032,16,1,1,294.86324216144095
1032,6,4,2,305.20346897931955
1032,4,3,3,440.29352901934624
1032,3,1,4,294.86324216144095
1032,8,1,5,294.86324216144095
1032,19,4,6,305.20346897931955
1032,1,3,7,440.29352901934624
1032,9,3,8,440.29352901934624
1033,18,4,1,333.88925950633757
1033,10,2,2,479.9866577718479
1033,6,4,3,333.88925950633757
1033,12,3,4,432.62174783188794
1033,11,3,5,432.62174783188794
1033,3,1,6,433.95597064709807
1034,19,4,1,209.80653769179452
1034,2,4,2,209.80653769179452
1034,9,3,3,58.03869246164109
1034,12,3,4,58.03869246164109
1034,7,1,5,283.52234823215474
1034,16,1,6,283.52234823215474
1034,14,3,7,58.03869246164109
1034,18,4,8,209.80653769179452
1035,3,1,1,244.8298865910607
1035,11,3,2,380.920613742495
1035,7,1,3,244.8298865910607
1035,8,1,4,244.8298865910607
1035,4,3,5,380.920613742495
1035,16,1,6,244.8298865910607
1036,3,1,1,239.15943962641762
1036,4,3,2,478.9859906604403
1036,11,3,3,478.9859906604403
1036,1,3,4,478.9859906604403
1036,10,2,5,156.43762508338892
1036,8,1,6,239.15943962641762
1037,8,1,1,151.4342895263509
1037,5,3,2,364.9099399599733
1037,10,2,3,46.6977985323549
1037,14,3,4,364.9099399599733
1037,9,3,5,364.9099399599733
1037,4,3,6,364.9099399599733
1038,16,1,1,88.05870580386924
1038,1,3,2,309.5396931287525
1038,9,3,3,309.5396931287525
1038,13,3,4,309.5396931287525
1038,7,1,5,88.05870580386924
1038,5,3,6,309.5396931287525
1038,14,3,7,309.5396931287525
1038,10,2,8,262.8418945963976
1039,16,1,1,25.016677785190126
1039,3,1,2,25.016677785190126
1039,4,3,3,72.3815877251501
1039,6,4,4,249.4996664442962
1039,20,3,5,72.3815877251501
1040,14,3,1,156.77118078719147
1040,13,3,2,156.77118078719147
1040,18,4,3,448.29886591060705
1040,12,3,4,156.77118078719147
1040,5,3,5,156.77118078719147
1040,2,4,6,448.29886591060705
1040,17,4,7,448.29886591060705
1040,10,2,8,16.67778519012675
1040,19,4,9,448.29886591060705
1040,16,1,10,148.09873248832554
1041,2,4,1,349.5663775850567
1041,19,4,2,349.5663775850567
1041,8,1,3,131.75450300200134
1041,3,1,4,131.75450300200134
1041,16,1,5,131.75450300200134
1041,14,3,6,133.422281521014
1041,7,1,7,131.75450300200134
1041,4,3,8,133.422281521014
1042,12,3,1,230.15343562374917
1042,2,4,2,446.6310873915944
1042,17,4,3,446.6310873915944
1042,15,4,4,446.6310873915944
1042,4,3,5,230.15343562374917
1042,7,1,6,58.70580386924616
1042,5,3,7,230.15343562374917
1042,13,3,8,230.15343562374917
1043,18,4,1,397.9319546364243
1043,13,3,2,207.80520346897933
1043,2,4,3,397.9319546364243
1043,12,3,4,207.80520346897933
1043,7,1,5,347.5650433622415
1043,15,4,6,397.9319546364243
1044,14,3,1,65.7104736490994
1044,2,4,2,122.08138759172782
1044,1,3,3,65.7104736490994
1044,7,1,4,449.29953302201466
1044,4,3,5,65.7104736490994
1044,9,3,6,65.7104736490994
1044,11,3,7,65.7104736490994
1044,15,4,8,122.08138759172782
1044,10,2,9,494.66310873915944
1044,18,4,10,122.08138759172782
1045,19,4,1,45.36357571714476
1045,1,3,2,58.70580386924616
1045,11,3,3,58.70580386924616
1045,6,4,4,45.36357571714476
1045,17,4,5,45.36357571714476
1045,3,1,6,424.9499666444296
1045,20,3,7,58.70580386924616
1045,18,4,8,45.36357571714476
1046,18,4,1,491.6611074049366
1046,19,4,2,491.6611074049366
1046,4,3,3,374.91661107404934
1046,2,4,4,491.6611074049366
1046,3,1,5,480.653769179453
1046,1,3,6,374.91661107404934
1046,8,1,7,480.653769179453
1046,11,3,8,374.91661107404934
1047,19,4,1,299.866577718479
1047,16,1,2,198.46564376250834
1047,8,1,3,198.46564376250834
1047,6,4,4,299.866577718479
1047,9,3,5,464.6430953969313
1047,3,1,6,198.46564376250834
1047,17,4,7,299.866577718479
1047,20,3,8,464.6430953969313
1047,12,3,9,464.6430953969313
1047,15,4,10,299.866577718479
1048,10,2,1,401.2675116744496
1048,7,1,2,20.346897931954636
1048,1,3,3,391.92795196797863
1048,5,3,4,391.92795196797863
1048,14,3,5,391.92795196797863
1048,2,4,6,123.08205470313543
1048,8,1,7,20.346897931954636
1049,13,3,1,203.8025350233489
1049,17,4,2,157.104736490994
1049,14,3,3,203.8025350233489
1049,19,4,4,157.104736490994
1049,8,1,5,290.8605737158105
1049,15,4,6,157.104736490994
1050,10,2,1,436.6244162775183
1050,5,3,2,142.42828552368246
1050,13,3,3,142.42828552368246
1050,12,3,4,142.42828552368246
1050,17,4,5,322.54836557705136
1050,7,1,6,383.9226150767178
1050,8,1,7,383.9226150767178
1050,15,4,8,322.54836557705136
1050,4,3,9,142.42828552368246
1050,20,3,10,142.42828552368246
1051,4,3,1,45.36357571714476
1051,18,4,2,153.10206804536358
1051,17,4,3,153.10206804536358
1051,16,1,4,482.3215476984656
1051,15,4,5,153.10206804536358
1051,10,2,6,392.92861907938624
1052,14,3,1,192.12808539026017
1052,8,1,2,92.72848565710474
1052,13,3,3,192.12808539026017
1052,17,4,4,400.266844563042
1052,6,4,5,400.266844563042
1052,3,1,6,92.72848565710474
1052,18,4,7,400.266844563042
1053,13,3,1,210.80720480320213
1053,19,4,2,202.8018679119413
1053,20,3,3,210.80720480320213
1053,6,4,4,202.8018679119413
1053,17,4,5,202.8018679119413
1053,5,3,6,210.80720480320213
1053,7,1,7,12.00800533689126
1054,16,1,1,220.81387591727818
1054,17,4,2,271.847898599066
1054,4,3,3,222.48165443629085
1054,19,4,4,271.847898599066
1054,14,3,5,222.48165443629085
1054,3,1,6,220.81387591727818
1054,6,4,7,271.847898599066
1054,1,3,8,222.48165443629085
1054,2,4,9,271.847898599066
1054,15,4,10,271.847898599066
1055,20,3,1,296.1974649766511
1055,12,3,2,296.1974649766511
1055,5,3,3,296.1974649766511
1055,11,3,4,296.1974649766511
1055,16,1,5,463.9759839893262
1055,3,1,6,463.9759839893262
1055,13,3,7,296.1974649766511
1055,15,4,8,69.71314209472982
1055,19,4,9,69.71314209472982
1056,8,1,1,393.2621747831888
1056,16,1,2,393.2621747831888
1056,18,4,3,298.8659106070714
1056,9,3,4,313.20880587058036
1056,20,3,5,313.20880587058036
1056,2,4,6,298.8659106070714
1057,19,4,1,265.17678452301533
1057,18,4,2,265.17678452301533
1057,16,1,3,325.8839226150767
1057,20,3,4,454.6364242828552
1057,6,4,5,265.17678452301533
1057,13,3,6,454.6364242828552
1058,6,4,1,83.7224816544363
1058,15,4,2,83.7224816544363
1058,1,3,3,129.75316877918613
1058,11,3,4,129.75316877918613
1058,2,4,5,83.7224816544363
1058,3,1,6,246.16410940627085
1058,16,1,7,246.16410940627085
1058,12,3,8,129.75316877918613
1059,12,3,1,272.5150100066711
1059,7,1,2,63.70913942628419
1059,3,1,3,63.70913942628419
1059,18,4,4,27.35156771180787
1059,11,3,5,272.5150100066711
1059,1,3,6,272.5150100066711
1059,8,1,7,63.70913942628419
1059,10,2,8,101.06737825216811
1059,13,3,9,272.5150100066711
1059,15,4,10,27.35156771180787
1060,7,1,1,306.5376917945297
1060,10,2,2,3.669112741827885
1060,6,4,3,233.15543695797197
1060,17,4,4,233.15543695797197
1060,8,1,5,306.5376917945297
1060,2,4,6,233.15543695797197
1060,11,3,7,69.37958639092729
1060,5,3,8,69.37958639092729
1061,19,4,1,325.5503669112742
1061,1,3,2,97.73182121414276
1061,20,3,3,97.73182121414276
1061,13,3,4,97.73182121414276
1061,4,3,5,97.73182121414276
1061,10,2,6,221.48098732488324
1062,20,3,1,477.31821214142764
1062,18,4,2,401.2675116744496
1062,11,3,3,477.31821214142764
1062,13,3,4,477.31821214142764
1062,7,1,5,225.15010006671113
1062,12,3,6,477.31821214142764
1062,6,4,7,401.2675116744496
1062,17,4,8,401.2675116744496
1062,3,1,9,225.15010006671113
1062,14,3,10,477.31821214142764
1063,18,4,1,19.012675116744497
1063,14,3,2,330.22014676450965
1063,1,3,3,330.22014676450965
1063,11,3,4,330.22014676450965
1063,15,4,5,19.012675116744497
1063,5,3,6,330.22014676450965
1063,2,4,7,19.012675116744497
1063,17,4,8,19.012675116744497
1063,13,3,9,330.22014676450965
1063,4,3,10,330.22014676450965
1064,15,4,1,58.70580386924616
1064,3,1,2,464.3095396931287
1064,5,3,3,290.8605737158105
1064,6,4,4,58.70580386924616
1064,14,3,5,290.8605737158105
1064,16,1,6,464.3095396931287
1064,19,4,7,58.70580386924616
1064,1,3,8,290.8605737158105
1064,11,3,9,290.8605737158105
1064,2,4,10,58.70580386924616
1065,3,1,1,242.82855236824548
1065,14,3,2,117.74516344229487
1065,7,1,3,242.82855236824548
1065,19,4,4,97.39826551034022
1065,6,4,5,97.39826551034022
1065,1,3,6,117.74516344229487
1065,12,3,7,117.74516344229487
1065,2,4,8,97.39826551034022
1065,8,1,9,242.82855236824548
1065,16,1,10,242.82855236824548
1066,15,4,1,350.5670446964643
1066,3,1,2,137.42494996664442
1066,14,3,3,458.63909272848565
1066,1,3,4,458.63909272848565
1066,4,3,5,458.63909272848565
1066,19,4,6,350.5670446964643
1066,20,3,7,458.63909272848565
1066,2,4,8,350.5670446964643
1066,6,4,9,350.5670446964643
1066,5,3,10,458.63909272848565
1067,19,4,1,407.2715143428953
1067,13,3,2,345.2301534356237
1067,4,3,3,345.2301534356237
1067,18,4,4,407.2715143428953
1067,10,2,5,342.22815210140095
1067,14,3,6,345.2301534356237
1068,9,3,1,258.50567044696464
1068,3,1,2,205.47031354236157
1068,10,2,3,313.87591727818545
1068,8,1,4,205.47031354236157
1068,6,4,5,343.22881921280856
1068,20,3,6,258.50567044696464
1068,17,4,7,343.22881921280856
1068,2,4,8,343.22881921280856
1068,1,3,9,258.50567044696464
1069,19,4,1,409.2728485657105
1069,11,3,2,86.39092728485657
1069,12,3,3,86.39092728485657
1069,6,4,4,409.2728485657105
1069,3,1,5,38.02535023348899
1069,9,3,6,86.39092728485657
1069,8,1,7,38.02535023348899
1070,18,4,1,222.48165443629085
1070,2,4,2,222.48165443629085
1070,7,1,3,139.0927284856571
1070,8,1,4,139.0927284856571
1070,12,3,5,372.5817211474316
1070,17,4,6,222.48165443629085
1070,6,4,7,222.48165443629085
1071,19,4,1,375.2501667778519
1071,15,4,2,375.2501667778519
1071,14,3,3,435.2901934623082
1071,16,1,4,489.6597731821214
1071,5,3,5,435.2901934623082
1071,3,1,6,489.6597731821214
1071,13,3,7,435.2901934623082
1071,1,3,8,435.2901934623082
1072,7,1,1,323.21547698465645
1072,1,3,2,348.5657104736491
1072,4,3,3,348.5657104736491
1072,6,4,4,481.6544362908606
1072,5,3,5,348.5657104736491
1072,17,4,6,481.6544362908606
1072,8,1,7,323.21547698465645
1072,20,3,8,348.5657104736491
1073,9,3,1,433.62241494329555
1073,10,2,2,400.60040026684453
1073,18,4,3,272.1814543028686
1073,17,4,4,272.1814543028686
1073,8,1,5,201.46764509673116
1073,7,1,6,201.46764509673116
1074,4,3,1,135.75717144763175
1074,19,4,2,285.19012675116744
1074,2,4,3,285.19012675116744
1074,3,1,4,491.6611074049366
1074,10,2,5,495.99733155436957
1074,8,1,6,491.6611074049366
1074,12,3,7,135.75717144763175
1074,11,3,8,135.75717144763175
1075,1,3,1,17.34489659773182
1075,11,3,2,17.34489659773182
1075,17,4,3,363.9092728485657
1075,6,4,4,363.9092728485657
1075,16,1,5,29.686457638425615
1075,7,1,6,29.686457638425615
1075,19,4,7,363.9092728485657
1075,10,2,8,96.73115410273516
1076,5,3,1,337.2248165443629
1076,12,3,2,337.2248165443629
1076,6,4,3,398.9326217478319
1076,1,3,4,337.2248165443629
1076,16,1,5,282.8552368245497
1076,4,3,6,337.2248165443629
1076,7,1,7,282.8552368245497
1076,19,4,8,398.9326217478319
1076,3,1,9,282.8552368245497
1076,8,1,10,282.8552368245497
1077,10,2,1,384.9232821881254
1077,15,4,2,273.84923282188123
1077,11,3,3,490.660440293529
1077,5,3,4,490.660440293529
1077,8,1,5,392.5950633755837
1077,16,1,6,392.5950633755837
1077,17,4,7,273.84923282188123
1077,14,3,8,490.660440293529
1077,7,1,9,392.5950633755837
1077,4,3,10,490.660440293529
1078,15,4,1,472.3148765843896
1078,16,1,2,491.3275517011341
1078,17,4,3,472.3148765843896
1078,3,1,4,491.3275517011341
1078,9,3,5,345.8972648432288
1079,8,1,1,251.16744496330887
1079,5,3,2,53.03535690460307
1079,12,3,3,53.03535690460307
1079,16,1,4,251.16744496330887
1079,4,3,5,53.03535690460307
1079,6,4,6,411.2741827885257
1079,11,3,7,53.03535690460307
1079,2,4,8,411.2741827885257
1079,1,3,9,53.03535690460307
1079,19,4,10,411.2741827885257
1080,9,3,1,219.81320880587057
1080,15,4,2,164.10940627084722
1080,2,4,3,164.10940627084722
1080,20,3,4,219.81320880587057
1080,4,3,5,219.81320880587057
1080,5,3,6,219.81320880587057
1080,10,2,7,305.53702468312207
1080,7,1,8,166.11074049366243
1080,19,4,9,164.10940627084722
1080,13,3,10,219.81320880587057
1081,3,1,1,3.669112741827885
1081,14,3,2,344.5630420280187
1081,12,3,3,344.5630420280187
1081,5,3,4,344.5630420280187
1081,15,4,5,204.46964643095396
1082,5,3,1,181.1207471647765
1082,9,3,2,181.1207471647765
1082,15,4,3,315.2101400933956
1082,4,3,4,181.1207471647765
1082,18,4,5,315.2101400933956
1082,10,2,6,236.82454969979986
1082,11,3,7,181.1207471647765
1082,20,3,8,181.1207471647765
1082,12,3,9,181.1207471647765
1083,18,4,1,113.74249499666445
1083,11,3,2,348.89926617745164
1083,5,3,3,348.89926617745164
1083,12,3,4,348.89926617745164
1083,16,1,5,94.72981987991994
1084,20,3,1,461.974649766511
1084,13,3,2,461.974649766511
1084,1,3,3,461.974649766511
1084,6,4,4,129.75316877918613
1084,11,3,5,461.974649766511
1084,18,4,6,129.75316877918613
1084,16,1,7,355.5703802535023
1084,14,3,8,461.974649766511
1084,10,2,9,445.2968645763842
1084,19,4,10,129.75316877918613
1085,6,4,1,141.0940627084723
1085,4,3,2,385.92394929953304
1085,5,3,3,385.92394929953304
1085,8,1,4,230.15343562374917
1085,2,4,5,141.0940627084723
1085,17,4,6,141.0940627084723
1086,13,3,1,10.00667111407605
1086,14,3,2,10.00667111407605
1086,18,4,3,244.16277518345564
1086,3,1,4,421.9479653102068
1086,16,1,5,421.9479653102068
1086,11,3,6,10.00667111407605
1086,2,4,7,244.16277518345564
1087,9,3,1,241.8278852568379
1087,8,1,2,481.320880587058
1087,18,4,3,168.4456304202802
1087,4,3,4,241.8278852568379
1087,2,4,5,168.4456304202802
1087,11,3,6,241.8278852568379
1088,5,3,1,358.90593729152766
1088,20,3,2,358.90593729152766
1088,3,1,3,229.81987991994663
1088,2,4,4,138.42561707805203
1088,9,3,5,358.90593729152766
1088,18,4,6,138.42561707805203
1088,8,1,7,229.81987991994663
1088,14,3,8,358.90593729152766
1089,18,4,1,90.72715143428952
1089,4,3,2,260.17344896597734
1089,10,2,3,6.00400266844563
1089,1,3,4,260.17344896597734
1089,20,3,5,260.17344896597734
1089,2,4,6,90.72715143428952
1089,14,3,7,260.17344896597734
1089,3,1,8,283.8559039359573
1090,17,4,1,287.5250166777852
1090,3,1,2,53.03535690460307
1090,12,3,3,145.43028685790526
1090,13,3,4,145.43028685790526
1090,9,3,5,145.43028685790526
1090,6,4,6,287.5250166777852
1090,1,3,7,145.43028685790526
1090,11,3,8,145.43028685790526
1090,7,1,9,53.03535690460307
1091,11,3,1,304.20280186791194
1091,7,1,2,298.53235490326887
1091,5,3,3,304.20280186791194
1091,2,4,4,204.8032021347565
1091,18,4,5,204.8032021347565
1091,20,3,6,304.20280186791194
1091,19,4,7,204.8032021347565
1091,9,3,8,304.20280186791194
1091,17,4,9,204.8032021347565
1092,13,3,1,106.7378252168112
1092,2,4,2,46.03068712474983
1092,7,1,3,407.9386257505003
1092,4,3,4,106.7378252168112
1092,17,4,5,46.03068712474983
1093,14,3,1,244.16277518345564
1093,20,3,2,244.16277518345564
1093,2,4,3,294.19613075383586
1093,8,1,4,85.7238158772515
1093,12,3,5,244.16277518345564
1093,5,3,6,244.16277518345564
1093,15,4,7,294.19613075383586
1093,10,2,8,452.63509006004
1093,4,3,9,244.16277518345564
1094,14,3,1,350.23348899266176
1094,20,3,2,350.23348899266176
1094,15,4,3,355.2368245496998
1094,13,3,4,350.23348899266176
1094,11,3,5,350.23348899266176
1094,18,4,6,355.2368245496998
1094,8,1,7,111.74116077384923
1094,6,4,8,355.2368245496998
1095,18,4,1,35.35690460306871
1095,1,3,2,210.4736490993996
1095,2,4,3,35.35690460306871
1095,9,3,4,210.4736490993996
1095,20,3,5,210.4736490993996
1096,18,4,1,388.25883922615077
1096,14,3,2,389.5930620413609
1096,12,3,3,389.5930620413609
1096,2,4,4,388.25883922615077
1096,7,1,5,346.5643762508339
1097,19,4,1,418.2788525683789
1097,17,4,2,418.2788525683789
1097,4,3,3,301.2008005336891
1097,10,2,4,191.4609739826551
1097,3,1,5,171.78118745830554
1097,5,3,6,301.2008005336891
1097,18,4,7,418.2788525683789
1097,2,4,8,418.2788525683789
1097,8,1,9,171.78118745830554
1097,1,3,10,301.2008005336891
1098,16,1,1,338.55903935957303
1098,19,4,2,317.5450300200133
1098,5,3,3,98.0653769179453
1098,1,3,4,98.0653769179453
1098,2,4,5,317.5450300200133
1098,4,3,6,98.0653769179453
1098,3,1,7,338.55903935957303
1099,16,1,1,256.1707805203469
1099,15,4,2,394.92995330220145
1099,13,3,3,169.11274182788526
1099,14,3,4,169.11274182788526
1099,1,3,5,169.11274182788526
1099,6,4,6,394.92995330220145
1099,11,3,7,169.11274182788526
1099,2,4,8,394.92995330220145
1100,1,3,1,36.69112741827885
1100,19,4,2,324.5496997998666
1100,7,1,3,451.3008672448299
1100,11,3,4,36.69112741827885
1100,20,3,5,36.69112741827885
1100,16,1,6,451.3008672448299
1100,8,1,7,451.3008672448299
1100,9,3,8,36.69112741827885
1100,15,4,9,324.5496997998666
1100,10,2,10,120.0800533689126
1101,18,4,1,46.36424282855237
1101,12,3,2,61.04069379586391
1101,6,4,3,46.36424282855237
1101,11,3,4,61.04069379586391
1101,20,3,5,61.04069379586391
1101,5,3,6,61.04069379586391
1101,7,1,7,253.83589059372915
1101,16,1,8,253.83589059372915
1101,19,4,9,46.36424282855237
1102,5,3,1,438.62575050033354
1102,19,4,2,246.16410940627085
1102,10,2,3,358.90593729152766
1102,14,3,4,438.62575050033354
1102,3,1,5,377.58505670446965
1102,6,4,6,246.16410940627085
1102,18,4,7,246.16410940627085
1102,12,3,8,438.62575050033354
1102,20,3,9,438.62575050033354
1102,16,1,10,377.58505670446965
1103,5,3,1,446.29753168779183
1103,7,1,2,173.78252168112076
1103,19,4,3,355.90393595730484
1103,2,4,4,355.90393595730484
1103,14,3,5,446.29753168779183
1103,17,4,6,355.90393595730484
1103,13,3,7,446.29753168779183
1103,6,4,8,355.90393595730484
1103,15,4,9,355.90393595730484
1104,13,3,1,107.07138092061375
1104,8,1,2,7.33822548365577
1104,12,3,3,107.07138092061375
1104,4,3,4,107.07138092061375
1104,16,1,5,7.33822548365577
1104,19,4,6,341.56104069379586
1104,11,3,7,107.07138092061375
1104,9,3,8,107.07138092061375
1104,6,4,9,341.56104069379586
1104,14,3,10,107.07138092061375
1105,1,3,1,53.70246831220814
1105,8,1,2,118.74583055370246
1105,4,3,3,53.70246831220814
1105,7,1,4,118.74583055370246
1105,15,4,5,216.14409606404269
1105,5,3,6,53.70246831220814
1106,20,3,1,435.9573048699133
1106,16,1,2,436.2908605737158
1106,15,4,3,393.59573048699133
1106,1,3,4,435.9573048699133
1106,18,4,5,393.59573048699133
1106,7,1,6,436.2908605737158
1106,4,3,7,435.9573048699133
1107,12,3,1,451.6344229486324
1107,15,4,2,138.75917278185457
1107,4,3,3,451.6344229486324
1107,9,3,4,451.6344229486324
1107,14,3,5,451.6344229486324
1108,15,4,1,438.292194796531
1108,12,3,2,363.2421614409606
1108,7,1,3,143.7625083388926
1108,13,3,4,363.2421614409606
1108,14,3,5,363.2421614409606
1108,17,4,6,438.292194796531
1108,10,2,7,435.9573048699133
1109,11,3,1,119.079386257505
1109,16,1,2,157.77184789859908
1109,12,3,3,119.079386257505
1109,9,3,4,119.079386257505
1109,1,3,5,119.079386257505
1110,18,4,1,455.3035356904603
1110,17,4,2,455.3035356904603
1110,8,1,3,72.3815877251501
1110,19,4,4,455.3035356904603
1110,13,3,5,27.35156771180787
1110,16,1,6,72.3815877251501
1110,1,3,7,27.35156771180787
1110,12,3,8,27.35156771180787
1111,15,4,1,188.12541694462976
1111,10,2,2,37.691794529686454
1111,13,3,3,14.67645096731154
1111,16,1,4,303.8692461641094
1111,4,3,5,14.67645096731154
1111,5,3,6,14.67645096731154
1111,8,1,7,303.8692461641094
1111,11,3,8,14.67645096731154
1111,1,3,9,14.67645096731154
1111,6,4,10,188.12541694462976
1112,10,2,1,430.6204136090727
1112,17,4,2,159.43962641761175
1112,8,1,3,413.27551701134087
1112,3,1,4,413.27551701134087
1112,12,3,5,402.60173448965975
1112,6,4,6,159.43962641761175
1112,15,4,7,159.43962641761175
1112,1,3,8,402.60173448965975
1112,5,3,9,402.60173448965975
1113,10,2,1,103.40226817878586
1113,19,4,2,237.82521681120747
1113,14,3,3,445.6304202801868
1113,11,3,4,445.6304202801868
1113,17,4,5,237.82521681120747
1113,6,4,6,237.82521681120747
1113,2,4,7,237.82521681120747
1114,13,3,1,431.95463642428285
1114,20,3,2,431.95463642428285
1114,2,4,3,47.36490993995997
1114,10,2,4,28.352234823215476
1114,6,4,5,47.36490993995997
1115,6,4,1,437.2915276851234
1115,19,4,2,437.2915276851234
1115,4,3,3,137.75850567044697
1115,15,4,4,437.2915276851234
1115,5,3,5,137.75850567044697
1115,3,1,6,31.020680453635755
1116,1,3,1,407.9386257505003
1116,7,1,2,336.2241494329553
1116,8,1,3,336.2241494329553
1116,4,3,4,407.9386257505003
1116,12,3,5,407.9386257505003
1116,17,4,6,411.94129419613074
1116,14,3,7,407.9386257505003
1117,8,1,1,356.90460306871245
1117,16,1,2,356.90460306871245
1117,13,3,3,267.17811874583055
1117,9,3,4,267.17811874583055
1117,12,3,5,267.17811874583055
1118,15,4,1,220.14676450967312
1118,19,4,2,220.14676450967312
1118,6,4,3,220.14676450967312
1118,7,1,4,364.2428285523682
1118,12,3,5,234.15610406937958
1119,4,3,1,379.58639092728487
1119,19,4,2,201.80120080053368
1119,14,3,3,379.58639092728487
1119,3,1,4,232.15476984656436
1119,13,3,5,379.58639092728487
1119,2,4,6,201.80120080053368
1119,5,3,7,379.58639092728487
1119,17,4,8,201.80120080053368
1119,6,4,9,201.80120080053368
1119,15,4,10,201.80120080053368
1120,10,2,1,397.59839893262176
1120,11,3,2,182.1214142761841
1120,15,4,3,377.58505670446965
1120,17,4,4,377.58505670446965
1120,1,3,5,182.1214142761841
1120,4,3,6,182.1214142761841
1120,14,3,7,182.1214142761841
1120,8,1,8,460.64042695130087
1120,5,3,9,182.1214142761841
1121,18,4,1,471.314209472982
1121,13,3,2,85.39026017344897
1121,5,3,3,85.39026017344897
1121,20,3,4,85.39026017344897
1121,14,3,5,85.39026017344897
1121,2,4,6,471.314209472982
1121,17,4,7,471.314209472982
1121,3,1,8,332.22148098732487
1121,8,1,9,332.22148098732487
1122,17,4,1,428.6190793862575
1122,14,3,2,415.2768512341561
1122,18,4,3,428.6190793862575
1122,9,3,4,415.2768512341561
1122,19,4,5,428.6190793862575
1122,2,4,6,428.6190793862575
1123,16,1,1,366.577718478986
1123,15,4,2,165.77718478985992
1123,17,4,3,165.77718478985992
1123,13,3,4,62.37491661107405
1123,11,3,5,62.37491661107405
1123,14,3,6,62.37491661107405
1123,8,1,7,366.577718478986
1123,5,3,8,62.37491661107405
1124,16,1,1,445.6304202801868
1124,17,4,2,389.9266177451634
1124,1,3,3,215.81054036024017
1124,12,3,4,215.81054036024017
1124,3,1,5,445.6304202801868
1124,13,3,6,215.81054036024017
1124,14,3,7,215.81054036024017
1124,20,3,8,215.81054036024017
1125,18,4,1,442.29486324216145
1125,10,2,2,50.03335557038025
1125,16,1,3,286.85790527018014
1125,11,3,4,46.6977985323549
1125,17,4,5,442.29486324216145
1125,7,1,6,286.85790527018014
1125,13,3,7,46.6977985323549
1126,16,1,1,263.1754503002001
1126,17,4,2,290.1934623082055
1126,11,3,3,420.2801867911941
1126,3,1,4,263.1754503002001
1126,18,4,5,290.1934623082055
1127,17,4,1,304.20280186791194
1127,4,3,2,459.63975983989326
1127,8,1,3,193.46230820547032
1127,11,3,4,459.63975983989326
1127,5,3,5,459.63975983989326
1127,6,4,6,304.20280186791194
1127,19,4,7,304.20280186791194
1127,10,2,8,142.09472981987992
1127,18,4,9,304.20280186791194
1128,12,3,1,8.005336891260841
1128,20,3,2,8.005336891260841
1128,9,3,3,8.005336891260841
1128,5,3,4,8.005336891260841
1128,4,3,5,8.005336891260841
1128,16,1,6,234.48965977318213
1128,7,1,7,234.48965977318213
1128,10,2,8,164.7765176784523
1128,6,4,9,240.49366244162775
1128,14,3,10,8.005336891260841
1129,16,1,1,431.95463642428285
1129,12,3,2,486.99132755170115
1129,19,4,3,440.29352901934624
1129,13,3,4,486.99132755170115
1129,20,3,5,486.99132755170115
1129,8,1,6,431.95463642428285
1130,3,1,1,162.44162775183455
1130,20,3,2,478.31887925283525
1130,14,3,3,478.31887925283525
1130,9,3,4,478.31887925283525
1130,4,3,5,478.31887925283525
1130,13,3,6,478.31887925283525
1131,14,3,1,215.47698465643762
1131,18,4,2,488.99266177451636
1131,15,4,3,488.99266177451636
1131,5,3,4,215.47698465643762
1131,4,3,5,215.47698465643762
1131,9,3,6,215.47698465643762
1131,16,1,7,186.45763842561706
1132,6,4,1,492.3282188125417
1132,4,3,2,418.6124082721814
1132,19,4,3,492.3282188125417
1132,17,4,4,492.3282188125417
1132,5,3,5,418.6124082721814
1132,13,3,6,418.6124082721814
1132,14,3,7,418.6124082721814
1132,11,3,8,418.6124082721814
1133,1,3,1,37.35823882588392
1133,2,4,2,473.98265510340224
1133,14,3,3,37.35823882588392
1133,17,4,4,473.98265510340224
1133,7,1,5,267.17811874583055
1133,4,3,6,37.35823882588392
1134,20,3,1,264.5096731154103
1134,12,3,2,264.5096731154103
1134,3,1,3,170.78052034689793
1134,9,3,4,264.5096731154103
1134,19,4,5,386.59106070713807
1134,8,1,6,170.78052034689793
1135,1,3,1,87.72515010006671
1135,18,4,2,104.736490993996
1135,10,2,3,163.10873915943964
1135,15,4,4,104.736490993996
1135,7,1,5,211.14076050700467
1135,6,4,6,104.736490993996
1135,12,3,7,87.72515010006671
1135,3,1,8,211.14076050700467
1136,20,3,1,458.97264843228817
1136,18,4,2,109.07271514342895
1136,6,4,3,109.07271514342895
1136,15,4,4,109.07271514342895
1136,5,3,5,458.97264843228817
1136,8,1,6,380.2535023348899
1137,19,4,1,36.02401601067378
1137,8,1,2,459.30620413609074
1137,15,4,3,36.02401601067378
1137,13,3,4,18.67911941294196
1137,18,4,5,36.02401601067378
1137,7,1,6,459.30620413609074
1137,2,4,7,36.02401601067378
1137,14,3,8,18.67911941294196
1138,11,3,1,231.82121414276185
1138,8,1,2,263.5090060040027
1138,1,3,3,231.82121414276185
1138,7,1,4,263.5090060040027
1138,9,3,5,231.82121414276185
1138,13,3,6,231.82121414276185
1138,18,4,7,360.57371581054036
1138,15,4,8,360.57371581054036
1138,16,1,9,263.5090060040027
1139,18,4,1,303.53569046030685
1139,3,1,2,38.69246164109406
1139,5,3,3,477.65176784523015
1139,4,3,4,477.65176784523015
1139,6,4,5,303.53569046030685
1139,15,4,6,303.53569046030685
1139,13,3,7,477.65176784523015
1140,3,1,1,246.83122081387592
1140,16,1,2,246.83122081387592
1140,1,3,3,437.2915276851234
1140,8,1,4,246.83122081387592
1140,13,3,5,437.2915276851234
1140,17,4,6,160.1067378252168
1141,18,4,1,310.5403602401601
1141,1,3,2,494.66310873915944
1141,7,1,3,360.57371581054036
1141,15,4,4,310.5403602401601
1141,16,1,5,360.57371581054036
1141,14,3,6,494.66310873915944
1141,13,3,7,494.66310873915944
1142,6,4,1,112.07471647765176
1142,18,4,2,112.07471647765176
1142,9,3,3,499.6664442961975
1142,16,1,4,276.85123415610406
1142,10,2,5,65.7104736490994
1142,8,1,6,276.85123415610406
1142,14,3,7,499.6664442961975
1143,6,4,1,238.82588392261508
1143,8,1,2,39.693128752501664
1143,12,3,3,301.8679119412942
1143,10,2,4,352.90193462308207
1143,3,1,5,39.693128752501664
1143,2,4,6,238.82588392261508
1143,18,4,7,238.82588392261508
1144,17,4,1,166.44429619746498
1144,4,3,2,227.4849899933289
1144,14,3,3,227.4849899933289
1144,5,3,4,227.4849899933289
1144,9,3,5,227.4849899933289
1144,10,2,6,39.35957304869913
1144,20,3,7,227.4849899933289
1144,3,1,8,218.81254169446296
1145,1,3,1,7.004669779853235
1145,7,1,2,488.6591060707138
1145,16,1,3,488.6591060707138
1145,4,3,4,7.004669779853235
1145,6,4,5,423.28218812541695
1145,3,1,6,488.6591060707138
1145,2,4,7,423.28218812541695
1145,19,4,8,423.28218812541695
1145,10,2,9,341.56104069379586
1146,1,3,1,487.32488325550366
1146,5,3,2,487.32488325550366
1146,20,3,3,487.32488325550366
1146,18,4,4,312.54169446297533
1146,6,4,5,312.54169446297533
1146,12,3,6,487.32488325550366
1146,13,3,7,487.32488325550366
1146,4,3,8,487.32488325550366
1147,4,3,1,379.2528352234823
1147,5,3,2,379.2528352234823
1147,3,1,3,123.08205470313543
1147,6,4,4,212.80853902601734
1147,16,1,5,123.08205470313543
1147,2,4,6,212.80853902601734
1147,20,3,7,379.2528352234823
1147,14,3,8,379.2528352234823
1148,4,3,1,239.82655103402269
1148,8,1,2,89.39292861907938
1148,6,4,3,174.78318879252836
1148,7,1,4,89.39292861907938
1148,2,4,5,174.78318879252836
1148,19,4,6,174.78318879252836
1148,3,1,7,89.39292861907938
1148,16,1,8,89.39292861907938
1148,1,3,9,239.82655103402269
1148,5,3,10,239.82655103402269
1149,8,1,1,218.47898599066045
1149,13,3,2,95.39693128752502
1149,18,4,3,489.3262174783189
1149,3,1,4,218.47898599066045
1149,9,3,5,95.39693128752502
1149,14,3,6,95.39693128752502
1149,15,4,7,489.3262174783189
1149,17,4,8,489.3262174783189
1149,19,4,9,489.3262174783189
1150,11,3,1,314.209472981988
1150,20,3,2,314.209472981988
1150,12,3,3,314.209472981988
1150,8,1,4,311.87458305537024
1150,4,3,5,314.209472981988
1150,1,3,6,314.209472981988
1150,10,2,7,322.8819212808539
1150,13,3,8,314.209472981988
1151,19,4,1,253.83589059372915
1151,10,2,2,398.2655103402268
1151,1,3,3,345.5637091394263
1151,15,4,4,253.83589059372915
1151,5,3,5,345.5637091394263
1151,13,3,6,345.5637091394263
1151,8,1,7,274.1827885256838
1151,17,4,8,253.83589059372915
1151,18,4,9,253.83589059372915
1151,4,3,10,345.5637091394263
1152,10,2,1,408.6057371581054
1152,4,3,2,422.9486324216144
1152,5,3,3,422.9486324216144
1152,2,4,4,241.49432955303536
1152,6,4,5,241.49432955303536
1152,12,3,6,422.9486324216144
1153,2,4,1,255.1701134089393
1153,19,4,2,255.1701134089393
1153,17,4,3,255.1701134089393
1153,20,3,4,422.28152101400934
1153,6,4,5,255.1701134089393
1153,18,4,6,255.1701134089393
1153,16,1,7,15.34356237491661
1154,1,3,1,394.59639759839894
1154,11,3,2,394.59639759839894
1154,9,3,3,394.59639759839894
1154,18,4,4,95.39693128752502
1154,2,4,5,95.39693128752502
1154,7,1,6,442.628418945964
1155,11,3,1,279.8532354903269
1155,12,3,2,279.8532354903269
1155,15,4,3,383.58905937291524
1155,20,3,4,279.8532354903269
1155,6,4,5,383.58905937291524
1155,10,2,6,101.40093395597064
1155,1,3,7,279.8532354903269
1156,2,4,1,102.40160106737825
1156,3,1,2,292.1947965310207
1156,17,4,3,102.40160106737825
1156,18,4,4,102.40160106737825
1156,20,3,5,245.49699799866576
1156,14,3,6,245.49699799866576
1156,7,1,7,292.1947965310207
1156,16,1,8,292.1947965310207
1157,13,3,1,425.28352234823217
1157,8,1,2,257.83855903935955
1157,19,4,3,116.07738492328218
1157,1,3,4,425.28352234823217
1157,9,3,5,425.28352234823217
1157,3,1,6,257.83855903935955
1158,17,4,1,275.51701134089393
1158,14,3,2,112.07471647765176
1158,18,4,3,275.51701134089393
1158,9,3,4,112.07471647765176
1158,7,1,5,375.58372248165443
1158,10,2,6,376.91794529686456
1158,19,4,7,275.51701134089393
1158,5,3,8,112.07471647765176
1159,4,3,1,313.54236157438294
1159,6,4,2,366.577718478986
1159,15,4,3,366.577718478986
1159,16,1,4,1.33422281521014
1159,8,1,5,1.33422281521014
1160,18,4,1,232.82188125416945
1160,11,3,2,38.358905937291524
1160,9,3,3,38.358905937291524
1160,20,3,4,38.358905937291524
1160,19,4,5,232.82188125416945
1160,16,1,6,334.5563709139426
1160,3,1,7,334.5563709139426
1160,17,4,8,232.82188125416945
1161,10,2,1,191.79452968645762
1161,1,3,2,170.11340893929287
1161,12,3,3,170.11340893929287
1161,11,3,4,170.11340893929287
1161,9,3,5,170.11340893929287
1161,17,4,6,128.75250166777852
1161,7,1,7,446.29753168779183
1161,16,1,8,446.29753168779183
1162,8,1,1,87.72515010006671
1162,15,4,2,422.28152101400934
1162,5,3,3,357.238158772515
1162,12,3,4,357.238158772515
1162,4,3,5,357.238158772515
1162,7,1,6,87.72515010006671
1163,6,4,1,1.667778519012675
1163,8,1,2,405.93729152768515
1163,18,4,3,1.667778519012675
1163,20,3,4,54.03602401601067
1163,13,3,5,54.03602401601067
1163,16,1,6,405.93729152768515
1163,3,1,7,405.93729152768515
1164,12,3,1,410.6070713809206
1164,17,4,2,61.37424949966644
1164,1,3,3,410.6070713809206
1164,14,3,4,410.6070713809206
1164,4,3,5,410.6070713809206
1164,11,3,6,410.6070713809206
1164,10,2,7,323.8825883922615
1164,8,1,8,469.97998665777186
1165,6,4,1,23.682454969979986
1165,11,3,2,300.8672448298866
1165,10,2,3,489.3262174783189
1165,18,4,4,23.682454969979986
1165,20,3,5,300.8672448298866
1165,19,4,6,23.682454969979986
1166,16,1,1,334.2228152101401
1166,11,3,2,479.3195463642428
1166,2,4,3,82.05470313542361
1166,15,4,4,82.05470313542361
1166,13,3,5,479.3195463642428
1166,5,3,6,479.3195463642428
1166,14,3,7,479.3195463642428
1166,12,3,8,479.3195463642428
1166,1,3,9,479.3195463642428
1166,18,4,10,82.05470313542361
1167,15,4,1,237.1581054036024
1167,3,1,2,359.23949299533024
1167,2,4,3,237.1581054036024
1167,5,3,4,201.13408939292862
1167,17,4,5,237.1581054036024
1167,16,1,6,359.23949299533024
1167,6,4,7,237.1581054036024
1167,12,3,8,201.13408939292862
1167,19,4,9,237.1581054036024
1167,1,3,10,201.13408939292862
1168,19,4,1,140.42695130086724
1168,17,4,2,140.42695130086724
1168,9,3,3,27.018012008005336
1168,10,2,4,434.9566377585057
1168,3,1,5,279.1861240827218
1169,10,2,1,89.72648432288192
1169,8,1,2,459.9733155436958
1169,16,1,3,459.9733155436958
1169,9,3,4,324.5496997998666
1169,6,4,5,340.22681787858573
1169,17,4,6,340.22681787858573
1169,20,3,7,324.5496997998666
1169,4,3,8,324.5496997998666
1170,16,1,1,101.40093395597064
1170,12,3,2,166.11074049366243
1170,18,4,3,484.65643762508336
1170,4,3,4,166.11074049366243
1170,17,4,5,484.65643762508336
1170,10,2,6,209.80653769179452
1170,7,1,7,101.40093395597064
1170,13,3,8,166.11074049366243
1171,5,3,1,253.5023348899266
1171,19,4,2,449.96664442961975
1171,17,4,3,449.96664442961975
1171,12,3,4,253.5023348899266
1171,15,4,5,449.96664442961975
1171,3,1,6,444.6297531687792
1171,8,1,7,444.6297531687792
1171,18,4,8,449.96664442961975
1171,4,3,9,253.5023348899266
1171,2,4,10,449.96664442961975
1172,8,1,1,104.40293529019345
1172,11,3,2,465.6437625083389
1172,7,1,3,104.40293529019345
1172,15,4,4,239.82655103402269
1172,10,2,5,95.39693128752502
1172,4,3,6,465.6437625083389
1172,18,4,7,239.82655103402269
1172,14,3,8,465.6437625083389
1173,2,4,1,245.8305537024683
1173,9,3,2,238.15877251501
1173,13,3,3,238.15877251501
1173,16,1,4,49.69979986657772
1173,6,4,5,245.8305537024683
1174,18,4,1,252.50166777851902
1174,6,4,2,252.50166777851902
1174,11,3,3,132.75517011340895
1174,1,3,4,132.75517011340895
1174,5,3,5,132.75517011340895
1174,19,4,6,252.50166777851902
1174,13,3,7,132.75517011340895
1174,14,3,8,132.75517011340895
1175,17,4,1,17.34489659773182
1175,5,3,2,135.42361574382923
1175,16,1,3,191.4609739826551
1175,9,3,4,135.42361574382923
1175,8,1,5,191.4609739826551
1176,11,3,1,375.2501667778519
1176,1,3,2,375.2501667778519
1176,20,3,3,375.2501667778519
1176,19,4,4,73.04869913275517
1176,12,3,5,375.2501667778519
1177,17,4,1,39.693128752501664
1177,5,3,2,494.3295530353569
1177,9,3,3,494.3295530353569
1177,11,3,4,494.3295530353569
1177,15,4,5,39.693128752501664
1177,13,3,6,494.3295530353569
1178,1,3,1,340.89392928619077
1178,10,2,2,9.006004002668446
1178,18,4,3,410.94062708472313
1178,15,4,4,410.94062708472313
1178,19,4,5,410.94062708472313
1178,5,3,6,340.89392928619077
1178,2,4,7,410.94062708472313
1178,6,4,8,410.94062708472313
1179,16,1,1,277.85190126751166
1179,5,3,2,193.79586390927284
1179,18,4,3,400.9339559706471
1179,8,1,4,277.85190126751166
1179,19,4,5,400.9339559706471
1179,11,3,6,193.79586390927284
1179,1,3,7,193.79586390927284
1179,15,4,8,400.9339559706471
1179,20,3,9,193.79586390927284
1180,16,1,1,371.9146097398266
1180,13,3,2,287.85857238158775
1180,1,3,3,287.85857238158775
1180,8,1,4,371.9146097398266
1180,14,3,5,287.85857238158775
1180,19,4,6,365.24349566377583
1180,17,4,7,365.24349566377583
1180,2,4,8,365.24349566377583
1181,10,2,1,279.1861240827218
1181,19,4,2,385.25683789192794
1181,18,4,3,385.25683789192794
1181,2,4,4,385.25683789192794
1181,16,1,5,388.92595063375586
1181,9,3,6,485.32354903268845
1181,4,3,7,485.32354903268845
1181,7,1,8,388.92595063375586
1181,14,3,9,485.32354903268845
1182,1,3,1,206.47098065376917
1182,4,3,2,206.47098065376917
1182,11,3,3,206.47098065376917
1182,16,1,4,156.77118078719147
1182,8,1,5,156.77118078719147
1183,12,3,1,221.8145430286858
1183,6,4,2,89.72648432288192
1183,19,4,3,89.72648432288192
1183,5,3,4,221.8145430286858
1183,3,1,5,323.8825883922615
1183,18,4,6,89.72648432288192
1183,9,3,7,221.8145430286858
1183,14,3,8,221.8145430286858
1183,2,4,9,89.72648432288192
1183,7,1,10,323.8825883922615
1184,9,3,1,48.69913275517011
1184,15,4,2,62.37491661107405
1184,4,3,3,48.69913275517011
1184,6,4,4,62.37491661107405
1184,11,3,5,48.69913275517011
1184,19,4,6,62.37491661107405
1184,13,3,7,48.69913275517011
1185,13,3,1,294.19613075383586
1185,12,3,2,294.19613075383586
1185,6,4,3,338.89259506337555
1185,20,3,4,294.19613075383586
1185,3,1,5,133.08872581721147
1186,14,3,1,339.2261507671781
1186,11,3,2,339.2261507671781
1186,20,3,3,339.2261507671781
1186,3,1,4,170.44696464309538
1186,6,4,5,326.2174783188793
1186,19,4,6,326.2174783188793
1186,9,3,7,339.2261507671781
1186,12,3,8,339.2261507671781
1186,5,3,9,339.2261507671781
1187,20,3,1,185.790527018012
1187,7,1,2,106.7378252168112
1187,13,3,3,185.790527018012
1187,17,4,4,403.26884589726484
1187,4,3,5,185.790527018012
1187,6,4,6,403.26884589726484
1187,10,2,7,466.6444296197465
1187,11,3,8,185.790527018012
1188,1,3,1,347.898599066044
1188,13,3,2,347.898599066044
1188,8,1,3,6.337558372248165
1188,20,3,4,347.898599066044
1188,14,3,5,347.898599066044
1188,11,3,6,347.898599066044
1188,7,1,7,6.337558372248165
1188,15,4,8,292.1947965310207
1188,12,3,9,347.898599066044
1189,1,3,1,488.3255503669113
1189,14,3,2,488.3255503669113
1189,15,4,3,162.44162775183455
1189,2,4,4,162.44162775183455
1189,3,1,5,228.15210140093396
1189,10,2,6,424.9499666444296
1189,5,3,7,488.3255503669113
1189,11,3,8,488.3255503669113
1190,11,3,1,158.43895930620414
1190,20,3,2,158.43895930620414
1190,2,4,3,435.9573048699133
1190,8,1,4,11.674449633088726
1190,10,2,5,334.8899266177452
1191,2,4,1,74.38292194796531
1191,9,3,2,425.9506337558372
1191,13,3,3,425.9506337558372
1191,5,3,4,425.9506337558372
1191,10,2,5,278.8525683789193
1192,12,3,1,81.72114743162108
1192,10,2,2,97.39826551034022
1192,17,4,3,114.74316210807204
1192,16,1,4,275.85056704469645
1192,3,1,5,275.85056704469645
1193,6,4,1,62.04136090727151
1193,5,3,2,387.92528352234825
1193,2,4,3,62.04136090727151
1193,4,3,4,387.92528352234825
1193,19,4,5,62.04136090727151
1193,3,1,6,461.6410940627085
1193,11,3,7,387.92528352234825
1194,7,1,1,135.75717144763175
1194,13,3,2,88.72581721147432
1194,8,1,3,135.75717144763175
1194,3,1,4,135.75717144763175
1194,2,4,5,303.8692461641094
1194,5,3,6,88.72581721147432
1194,15,4,7,303.8692461641094
1194,19,4,8,303.8692461641094
1194,9,3,9,88.72581721147432
1195,2,4,1,347.23148765843894
1195,13,3,2,380.2535023348899
1195,14,3,3,380.2535023348899
1195,3,1,4,306.8712474983322
1195,10,2,5,111.07404936624417
1196,4,3,1,371.581054036024
1196,3,1,2,179.11941294196131
1196,16,1,3,179.11941294196131
1196,18,4,4,15.677118078719145
1196,1,3,5,371.581054036024
1196,19,4,6,15.677118078719145
1197,16,1,1,252.83522348232154
1197,8,1,2,252.83522348232154
1197,18,4,3,75.38358905937291
1197,6,4,4,75.38358905937291
1197,3,1,5,252.83522348232154
1197,20,3,6,21.014009339559706
1197,19,4,7,75.38358905937291
1198,1,3,1,54.36957971981321
1198,7,1,2,354.2361574382922
1198,6,4,3,253.5023348899266
1198,17,4,4,253.5023348899266
1198,5,3,5,54.36957971981321
1198,20,3,6,54.36957971981321
1198,11,3,7,54.36957971981321
1198,8,1,8,354.2361574382922
1199,14,3,1,204.13609072715144
1199,10,2,2,250.5003335557038
1199,19,4,3,147.76517678452302
1199,7,1,4,81.72114743162108
1199,13,3,5,204.13609072715144
1200,5,3,1,218.81254169446296
1200,18,4,2,353.9026017344897
1200,11,3,3,218.81254169446296
1200,8,1,4,375.91727818545695
1200,20,3,5,218.81254169446296
1200,14,3,6,218.81254169446296
1200,4,3,7,218.81254169446296
1200,9,3,8,218.81254169446296
1200,10,2,9,33.022014676450965
1201,4,3,1,172.11474316210808
1201,13,3,2,172.11474316210808
1201,1,3,3,172.11474316210808
1201,5,3,4,172.11474316210808
1201,18,4,5,148.76584389593063
1201,8,1,6,261.50767178118747
1201,12,3,7,172.11474316210808
1201,19,4,8,148.76584389593063
1201,6,4,9,148.76584389593063
1202,14,3,1,454.3028685790527
1202,20,3,2,454.3028685790527
1202,7,1,3,163.10873915943964
1202,18,4,4,66.711140760507
1202,1,3,5,454.3028685790527
1202,6,4,6,66.711140760507
1202,2,4,7,66.711140760507
1202,8,1,8,163.10873915943964
1202,4,3,9,454.3028685790527
1203,17,4,1,281.5210140093396
1203,15,4,2,281.5210140093396
1203,5,3,3,332.88859239492996
1203,6,4,4,281.5210140093396
1203,9,3,5,332.88859239492996
1203,4,3,6,332.88859239492996
1203,20,3,7,332.88859239492996
1203,7,1,8,51.36757838559039
1204,18,4,1,368.5790527018012
1204,9,3,2,54.70313542361574
1204,13,3,3,54.70313542361574
1204,1,3,4,54.70313542361574
1204,15,4,5,368.5790527018012
1204,14,3,6,54.70313542361574
1204,3,1,7,320.54703135423614
1204,2,4,8,368.5790527018012
1205,20,3,1,262.1747831887925
1205,6,4,2,326.8845897264843
1205,5,3,3,262.1747831887925
1205,10,2,4,176.45096731154104
1205,9,3,5,262.1747831887925
1206,5,3,1,427.2848565710474
1206,10,2,2,212.14142761841228
1206,15,4,3,445.6304202801868
1206,4,3,4,427.2848565710474
1206,17,4,5,445.6304202801868
1206,8,1,6,208.4723148765844
1206,12,3,7,427.2848565710474
1206,20,3,8,427.2848565710474
1206,19,4,9,445.6304202801868
1207,13,3,1,34.356237491661105
1207,16,1,2,228.48565710473648
1207,17,4,3,13.008672448298865
1207,5,3,4,34.356237491661105
1207,2,4,5,13.008672448298865
1207,8,1,6,228.48565710473648
1208,1,3,1,374.2494996664443
1208,17,4,2,130.75383589059373
1208,3,1,3,189.79319546364243
1208,2,4,4,130.75383589059373
1208,19,4,5,130.75383589059373
1208,13,3,6,374.2494996664443
1208,10,2,7,411.6077384923282
1209,13,3,1,90.72715143428952
1209,18,4,2,351.90126751167446
1209,1,3,3,90.72715143428952
1209,12,3,4,90.72715143428952
1209,9,3,5,90.72715143428952
1209,17,4,6,351.90126751167446
1209,5,3,7,90.72715143428952
1209,16,1,8,488.99266177451636
1209,6,4,9,351.90126751167446
1209,7,1,10,488.99266177451636
1210,19,4,1,282.8552368245497
1210,14,3,2,169.44629753168778
1210,10,2,3,310.5403602401601
1210,12,3,4,169.44629753168778
1210,16,1,5,5.670446964643095
1210,13,3,6,169.44629753168778
1210,7,1,7,5.670446964643095
1210,20,3,8,169.44629753168778
1210,9,3,9,169.44629753168778
1210,11,3,10,169.44629753168778
1211,16,1,1,42.361574382921944
1211,11,3,2,144.7631754503002
1211,8,1,3,42.361574382921944
1211,7,1,4,42.361574382921944
1211,4,3,5,144.7631754503002
1211,12,3,6,144.7631754503002
1211,19,4,7,226.15076717811874
1212,15,4,1,276.85123415610406
1212,2,4,2,276.85123415610406
1212,7,1,3,394.92995330220145
1212,20,3,4,331.88792528352235
1212,14,3,5,331.88792528352235
1212,9,3,6,331.88792528352235
1213,7,1,1,309.20613742495
1213,10,2,2,481.9879919946631
1213,5,3,3,429.28619079386254
1213,14,3,4,429.28619079386254
1213,18,4,5,407.9386257505003
1213,20,3,6,429.28619079386254
1213,2,4,7,407.9386257505003
1213,12,3,8,429.28619079386254
1213,8,1,9,309.20613742495
1213,1,3,10,429.28619079386254
1214,1,3,1,288.5256837891928
1214,20,3,2,288.5256837891928
1214,8,1,3,326.8845897264843
1214,4,3,4,288.5256837891928
1214,3,1,5,326.8845897264843
1214,9,3,6,288.5256837891928
1215,9,3,1,378.2521681120747
1215,10,2,2,139.75983989326218
1215,14,3,3,378.2521681120747
1215,17,4,4,323.8825883922615
1215,11,3,5,378.2521681120747
1215,4,3,6,378.2521681120747
1215,7,1,7,84.05603735823883
1215,3,1,8,84.05603735823883
1216,9,3,1,302.8685790527018
1216,1,3,2,302.8685790527018
1216,4,3,3,302.8685790527018
1216,7,1,4,63.37558372248165
1216,19,4,5,176.45096731154104
1217,8,1,1,379.9199466310874
1217,5,3,2,160.77384923282187
1217,14,3,3,160.77384923282187
1217,11,3,4,160.77384923282187
1217,7,1,5,379.9199466310874
1217,16,1,6,379.9199466310874
1217,1,3,7,160.77384923282187
1217,6,4,8,478.9859906604403
1217,19,4,9,478.9859906604403
1217,18,4,10,478.9859906604403
1218,6,4,1,370.91394262841897
1218,20,3,2,278.51901267511676
1218,7,1,3,330.88725817211474
1218,16,1,4,330.88725817211474
1218,5,3,5,278.51901267511676
1218,18,4,6,370.91394262841897
1218,14,3,7,278.51901267511676
1218,1,3,8,278.51901267511676
1218,3,1,9,330.88725817211474
1218,17,4,10,370.91394262841897
1219,4,3,1,119.41294196130754
1219,8,1,2,233.15543695797197
1219,16,1,3,233.15543695797197
1219,15,4,4,413.27551701134087
1219,9,3,5,119.41294196130754
1219,14,3,6,119.41294196130754
1219,6,4,7,413.27551701134087
1219,12,3,8,119.41294196130754
1220,18,4,1,258.83922615076716
1220,9,3,2,46.03068712474983
1220,11,3,3,46.03068712474983
1220,10,2,4,177.1180787191461
1220,20,3,5,46.03068712474983
1220,15,4,6,258.83922615076716
1221,1,3,1,99.73315543695797
1221,3,1,2,202.13475650433622
1221,18,4,3,75.05003335557038
1221,17,4,4,75.05003335557038
1221,19,4,5,75.05003335557038
1221,4,3,6,99.73315543695797
1221,5,3,7,99.73315543695797
1221,15,4,8,75.05003335557038
1222,2,4,1,61.04069379586391
1222,3,1,2,60.0400266844563
1222,8,1,3,60.0400266844563
1222,14,3,4,334.5563709139426
1222,17,4,5,61.04069379586391
1222,9,3,6,334.5563709139426
1222,20,3,7,334.5563709139426
1222,5,3,8,334.5563709139426
1222,4,3,9,334.5563709139426
1223,9,3,1,127.41827885256838
1223,7,1,2,100.40026684456303
1223,5,3,3,127.41827885256838
1223,20,3,4,127.41827885256838
1223,3,1,5,100.40026684456303
1223,8,1,6,100.40026684456303
1223,16,1,7,100.40026684456303
1223,10,2,8,268.17878585723815
1224,11,3,1,313.87591727818545
1224,9,3,2,313.87591727818545
1224,1,3,3,313.87591727818545
1224,2,4,4,35.023348899266175
1224,15,4,5,35.023348899266175
1224,13,3,6,313.87591727818545
1224,17,4,7,35.023348899266175
1224,6,4,8,35.023348899266175
1225,3,1,1,442.9619746497665
1225,16,1,2,442.9619746497665
1225,13,3,3,465.9773182121414
1225,20,3,4,465.9773182121414
1225,7,1,5,442.9619746497665
1225,19,4,6,428.95263509006
1226,5,3,1,253.83589059372915
1226,20,3,2,253.83589059372915
1226,17,4,3,330.22014676450965
1226,13,3,4,253.83589059372915
1226,9,3,5,253.83589059372915
1226,18,4,6,330.22014676450965
1226,19,4,7,330.22014676450965
1226,12,3,8,253.83589059372915
1226,11,3,9,253.83589059372915
1226,4,3,10,253.83589059372915
1227,6,4,1,244.8298865910607
1227,5,3,2,457.3048699132755
1227,8,1,3,424.28285523682456
1227,2,4,4,244.8298865910607
1227,18,4,5,244.8298865910607
1227,3,1,6,424.28285523682456
1227,10,2,7,52.70180120080053
1227,7,1,8,424.28285523682456
1227,1,3,9,457.3048699132755
1228,13,3,1,299.5330220146765
1228,16,1,2,172.4482988659106
1228,3,1,3,172.4482988659106
1228,12,3,4,299.5330220146765
1228,11,3,5,299.5330220146765
1228,19,4,6,362.9086057371581
1229,6,4,1,389.5930620413609
1229,13,3,2,315.54369579719815
1229,20,3,3,315.54369579719815
1229,5,3,4,315.54369579719815
1229,9,3,5,315.54369579719815
1229,8,1,6,356.57104736490993
1229,14,3,7,315.54369579719815
1229,16,1,8,356.57104736490993
1229,4,3,9,315.54369579719815
1230,14,3,1,485.99066044029354
1230,4,3,2,485.99066044029354
1230,19,4,3,447.631754503002
1230,16,1,4,158.77251501000666
1230,2,4,5,447.631754503002
1230,20,3,6,485.99066044029354
1230,7,1,7,158.77251501000666
1230,10,2,8,493.66244162775183
1230,13,3,9,485.99066044029354
1231,2,4,1,79.0527018012008
1231,13,3,2,497.66511007338227
1231,4,3,3,497.66511007338227
1231,9,3,4,497.66511007338227
1231,20,3,5,497.66511007338227
1232,4,3,1,121.41427618412274
1232,9,3,2,121.41427618412274
1232,18,4,3,383.9226150767178
1232,15,4,4,383.9226150767178
1232,16,1,5,398.59906604402937
1232,6,4,6,383.9226150767178
1232,17,4,7,383.9226150767178
1233,9,3,1,224.48298865910607
1233,3,1,2,5.33689126084056
1233,7,1,3,5.33689126084056
1233,5,3,4,224.48298865910607
1233,10,2,5,148.09873248832554
1233,8,1,6,5.33689126084056
1233,12,3,7,224.48298865910607
1233,18,4,8,161.77451634422948
1234,8,1,1,357.57171447631754
1234,14,3,2,101.40093395597064
1234,1,3,3,101.40093395597064
1234,5,3,4,101.40093395597064
1234,12,3,5,101.40093395597064
1234,16,1,6,357.57171447631754
1235,11,3,1,396.2641761174116
1235,9,3,2,396.2641761174116
1235,5,3,3,396.2641761174116
1235,13,3,4,396.2641761174116
1235,15,4,5,150.76717811874582
1235,3,1,6,405.27018012008006
1235,2,4,7,150.76717811874582
1236,11,3,1,364.2428285523682
1236,12,3,2,364.2428285523682
1236,5,3,3,364.2428285523682
1236,6,4,4,404.60306871247496
1236,13,3,5,364.2428285523682
1236,8,1,6,182.1214142761841
1237,17,4,1,31.687791861240825
1237,4,3,2,495.99733155436957
1237,1,3,3,495.99733155436957
1237,9,3,4,495.99733155436957
1237,10,2,5,360.9072715143429
1237,14,3,6,495.99733155436957
1237,13,3,7,495.99733155436957
1238,5,3,1,335.8905937291528
1238,2,4,2,3.33555703802535
1238,20,3,3,335.8905937291528
1238,15,4,4,3.33555703802535
1238,11,3,5,335.8905937291528
1238,19,4,6,3.33555703802535
1238,1,3,7,335.8905937291528
1239,12,3,1,36.02401601067378
1239,9,3,2,36.02401601067378
1239,10,2,3,103.73582388258839
1239,17,4,4,10.00667111407605
1239,7,1,5,339.89326217478316
1239,20,3,6,36.02401601067378
1240,3,1,1,431.28752501667776
1240,15,4,2,263.1754503002001
1240,20,3,3,212.4749833222148
1240,12,3,4,212.4749833222148
1240,17,4,5,263.1754503002001
1240,4,3,6,212.4749833222148
1241,18,4,1,496.3308872581721
1241,20,3,2,452.63509006004
1241,19,4,3,496.3308872581721
1241,3,1,4,319.8799199466311
1241,7,1,5,319.8799199466311
1241,16,1,6,319.8799199466311
1242,11,3,1,19.34623082054703
1242,17,4,2,444.2961974649767
1242,20,3,3,19.34623082054703
1242,3,1,4,483.32221480987323
1242,16,1,5,483.32221480987323
1243,13,3,1,25.35023348899266
1243,7,1,2,94.39626417611741
1243,19,4,3,369.91327551701136
1243,15,4,4,369.91327551701136
1243,17,4,5,369.91327551701136
1243,6,4,6,369.91327551701136
1243,18,4,7,369.91327551701136
1243,14,3,8,25.35023348899266
1243,1,3,9,25.35023348899266
1244,18,4,1,33.3555703802535
1244,11,3,2,265.5103402268179
1244,12,3,3,265.5103402268179
1244,13,3,4,265.5103402268179
1244,9,3,5,265.5103402268179
1244,16,1,6,265.8438959306204
1245,13,3,1,122.74849899933288
1245,17,4,2,11.674449633088726
1245,12,3,3,122.74849899933288
1245,20,3,4,122.74849899933288
1245,7,1,5,75.05003335557038
1246,13,3,1,66.711140760507
1246,9,3,2,66.711140760507
1246,10,2,3,102.73515677118078
1246,4,3,4,66.711140760507
1246,19,4,5,345.5637091394263
1246,3,1,6,8.67244829886591
1246,17,4,7,345.5637091394263
1246,16,1,8,8.67244829886591
1246,5,3,9,66.711140760507
1247,6,4,1,212.14142761841228
1247,4,3,2,261.84122748499
1247,7,1,3,145.7638425617078
1247,3,1,4,145.7638425617078
1247,17,4,5,212.14142761841228
1247,5,3,6,261.84122748499
1248,9,3,1,215.14342895263508
1248,3,1,2,499.6664442961975
1248,2,4,3,357.57171447631754
1248,10,2,4,249.83322214809874
1248,5,3,5,215.14342895263508
1249,11,3,1,475.98398932621745
1249,8,1,2,76.38425617078052
1249,16,1,3,76.38425617078052
1249,13,3,4,475.98398932621745
1249,1,3,5,475.98398932621745
1249,7,1,6,76.38425617078052
1249,15,4,7,12.67511674449633
1250,6,4,1,216.47765176784523
1250,18,4,2,216.47765176784523
1250,7,1,3,12.341561040693795
1250,14,3,4,488.6591060707138
1250,19,4,5,216.47765176784523
1250,1,3,6,488.6591060707138
1250,16,1,7,12.341561040693795
1250,2,4,8,216.47765176784523
1251,6,4,1,361.2408272181454
1251,11,3,2,41.027351567711804
1251,7,1,3,249.83322214809874
1251,19,4,4,361.2408272181454
1251,4,3,5,41.027351567711804
1252,17,4,1,189.12608405603734
1252,14,3,2,56.37091394262842
1252,6,4,3,189.12608405603734
1252,8,1,4,348.5657104736491
1252,18,4,5,189.12608405603734
1252,4,3,6,56.37091394262842
1252,15,4,7,189.12608405603734
1252,11,3,8,56.37091394262842
1253,9,3,1,419.61307538358903
1253,13,3,2,419.61307538358903
1253,2,4,3,287.19146097398266
1253,1,3,4,419.61307538358903
1253,8,1,5,156.43762508338892
1253,4,3,6,419.61307538358903
1253,10,2,7,345.2301534356237
1254,11,3,1,40.360240160106734
1254,2,4,2,372.2481654436291
1254,15,4,3,372.2481654436291
1254,6,4,4,372.2481654436291
1254,14,3,5,40.360240160106734
1254,5,3,6,40.360240160106734
1254,4,3,7,40.360240160106734
1254,10,2,8,442.9619746497665
1254,18,4,9,372.2481654436291
1254,17,4,10,372.2481654436291
1255,12,3,1,449.96664442961975
1255,16,1,2,153.10206804536358
1255,3,1,3,153.10206804536358
1255,18,4,4,301.2008005336891
1255,10,2,5,325.8839226150767
1255,19,4,6,301.2008005336891
1255,20,3,7,449.96664442961975
1255,17,4,8,301.2008005336891
1255,1,3,9,449.96664442961975
1256,6,4,1,63.70913942628419
1256,18,4,2,63.70913942628419
1256,17,4,3,63.70913942628419
1256,16,1,4,229.15276851234157
1256,10,2,5,323.54903268845896
1256,20,3,6,180.45363575717144
1256,13,3,7,180.45363575717144
1256,15,4,8,63.70913942628419
1256,3,1,9,229.15276851234157
1256,9,3,10,180.45363575717144
1257,13,3,1,81.38759172781855
1257,16,1,2,472.9819879919947
1257,7,1,3,472.9819879919947
1257,20,3,4,81.38759172781855
1257,3,1,5,472.9819879919947
1257,19,4,6,36.357571714476315
1257,14,3,7,81.38759172781855
1257,6,4,8,36.357571714476315
1257,4,3,9,81.38759172781855
1258,4,3,1,303.53569046030685
1258,16,1,2,213.1420947298199
1258,15,4,3,119.74649766511007
1258,7,1,4,213.1420947298199
1258,11,3,5,303.53569046030685
1258,5,3,6,303.53569046030685
1258,18,4,7,119.74649766511007
1258,13,3,8,303.53569046030685
1258,1,3,9,303.53569046030685
1259,17,4,1,482.6551034022682
1259,5,3,2,41.36090727151434
1259,12,3,3,41.36090727151434
1259,11,3,4,41.36090727151434
1259,8,1,5,443.9626417611741
1259,20,3,6,41.36090727151434
1259,9,3,7,41.36090727151434
1260,13,3,1,474.3162108072048
1260,5,3,2,474.3162108072048
1260,1,3,3,474.3162108072048
1260,4,3,4,474.3162108072048
1260,18,4,5,78.38559039359573
1260,3,1,6,406.27084723148766
1260,11,3,7,474.3162108072048
1260,14,3,8,474.3162108072048
1260,9,3,9,474.3162108072048
1260,7,1,10,406.27084723148766
1261,13,3,1,419.2795196797865
1261,1,3,2,419.2795196797865
1261,3,1,3,386.25750500333555
1261,8,1,4,386.25750500333555
1261,7,1,5,386.25750500333555
1261,16,1,6,386.25750500333555
1261,9,3,7,419.2795196797865
1261,14,3,8,419.2795196797865
1261,12,3,9,419.2795196797865
1262,9,3,1,149.09939959973315
1262,5,3,2,149.09939959973315
1262,13,3,3,149.09939959973315
1262,20,3,4,149.09939959973315
1262,7,1,5,428.95263509006
1263,1,3,1,120.74716477651768
1263,8,1,2,467.97865243495664
1263,6,4,3,161.44096064042694
1263,16,1,4,467.97865243495664
1263,19,4,5,161.44096064042694
1263,11,3,6,120.74716477651768
1263,2,4,7,161.44096064042694
1263,9,3,8,120.74716477651768
1263,15,4,9,161.44096064042694
1263,7,1,10,467.97865243495664
1264,7,1,1,266.844563042028
1264,2,4,2,260.8405603735824
1264,11,3,3,392.92861907938624
1264,1,3,4,392.92861907938624
1264,3,1,5,266.844563042028
1265,3,1,1,53.3689126084056
1265,9,3,2,185.45697131420948
1265,10,2,3,299.866577718479
1265,1,3,4,185.45697131420948
1265,7,1,5,53.3689126084056
1265,11,3,6,185.45697131420948
1265,8,1,7,53.3689126084056
1265,19,4,8,187.79186124082722
1265,17,4,9,187.79186124082722
1266,12,3,1,24.68312208138759
1266,9,3,2,24.68312208138759
1266,8,1,3,318.8792528352235
1266,1,3,4,24.68312208138759
1266,18,4,5,309.20613742495
1267,16,1,1,395.59706470980655
1267,5,3,2,147.43162108072048
1267,14,3,3,147.43162108072048
1267,6,4,4,301.8679119412942
1267,7,1,5,395.59706470980655
1267,2,4,6,301.8679119412942
1267,13,3,7,147.43162108072048
1267,15,4,8,301.8679119412942
1268,13,3,1,308.5390260173449
1268,17,4,2,242.49499666444297
1268,2,4,3,242.49499666444297
1268,15,4,4,242.49499666444297
1268,10,2,5,463.6424282855237
1268,20,3,6,308.5390260173449
1268,5,3,7,308.5390260173449
1268,6,4,8,242.49499666444297
1268,12,3,9,308.5390260173449
1268,16,1,10,273.84923282188123
1269,7,1,1,435.9573048699133
1269,11,3,2,278.8525683789193
1269,5,3,3,278.8525683789193
1269,6,4,4,16.344229486324217
1269,12,3,5,278.8525683789193
1270,10,2,1,127.41827885256838
1270,6,4,2,480.653769179453
1270,11,3,3,351.5677118078719
1270,2,4,4,480.653769179453
1270,15,4,5,480.653769179453
1270,14,3,6,351.5677118078719
1270,7,1,7,292.5283522348232
1270,3,1,8,292.5283522348232
1270,1,3,9,351.5677118078719
1271,18,4,1,254.1694462975317
1271,13,3,2,475.65043362241494
1271,15,4,3,254.1694462975317
1271,12,3,4,475.65043362241494
1271,2,4,5,254.1694462975317
1271,16,1,6,304.53635757171446
1272,11,3,1,409.2728485657105
1272,19,4,2,189.79319546364243
1272,1,3,3,409.2728485657105
1272,9,3,4,409.2728485657105
1272,2,4,5,189.79319546364243
1272,6,4,6,189.79319546364243
1272,3,1,7,50.70046697798532
1273,2,4,1,121.08072048032021
1273,11,3,2,309.873248832555
1273,8,1,3,489.3262174783189
1273,7,1,4,489.3262174783189
1273,15,4,5,121.08072048032021
1273,10,2,6,458.30553702468313
1273,5,3,7,309.873248832555
1274,17,4,1,364.9099399599733
1274,6,4,2,364.9099399599733
1274,18,4,3,364.9099399599733
1274,2,4,4,364.9099399599733
1274,16,1,5,169.77985323549032
1274,15,4,6,364.9099399599733
1275,7,1,1,378.58572381587726
1275,9,3,2,191.79452968645762
1275,14,3,3,191.79452968645762
1275,17,4,4,373.91594396264173
1275,6,4,5,373.91594396264173
1276,9,3,1,468.6457638425617
1276,19,4,2,164.44296197464976
1276,18,4,3,164.44296197464976
1276,15,4,4,164.44296197464976
1276,2,4,5,164.44296197464976
1276,20,3,6,468.6457638425617
1276,14,3,7,468.6457638425617
1276,17,4,8,164.44296197464976
1276,8,1,9,416.9446297531688
1276,4,3,10,468.6457638425617
1277,18,4,1,308.2054703135424
1277,20,3,2,463.3088725817211
1277,11,3,3,463.3088725817211
1277,1,3,4,463.3088725817211
1277,16,1,5,485.65710473649096
1277,13,3,6,463.3088725817211
1277,19,4,7,308.2054703135424
1277,14,3,8,463.3088725817211
1277,8,1,9,485.65710473649096
1277,2,4,10,308.2054703135424
1278,17,4,1,269.84656437625085
1278,11,3,2,131.4209472981988
1278,3,1,3,34.356237491661105
1278,6,4,4,269.84656437625085
1278,18,4,5,269.84656437625085
1278,5,3,6,131.4209472981988
1278,16,1,7,34.356237491661105
1278,4,3,8,131.4209472981988
1279,9,3,1,41.694462975316874
1279,11,3,2,41.694462975316874
1279,15,4,3,451.6344229486324
1279,18,4,4,451.6344229486324
1279,4,3,5,41.694462975316874
1280,16,1,1,455.3035356904603
1280,6,4,2,441.29419613075385
1280,8,1,3,455.3035356904603
1280,5,3,4,335.5570380253502
1280,10,2,5,211.4743162108072
1280,11,3,6,335.5570380253502
1280,3,1,7,455.3035356904603
1280,13,3,8,335.5570380253502
1280,1,3,9,335.5570380253502
1281,5,3,1,304.53635757171446
1281,2,4,2,126.41761174116077
1281,18,4,3,126.41761174116077
1281,11,3,4,304.53635757171446
1281,19,4,5,126.41761174116077
1281,8,1,6,381.2541694462975
1282,11,3,1,408.6057371581054
1282,3,1,2,17.678452301534357
1282,10,2,3,142.42828552368246
1282,18,4,4,91.72781854569713
1282,17,4,5,91.72781854569713
1282,5,3,6,408.6057371581054
1282,2,4,7,91.72781854569713
1282,20,3,8,408.6057371581054
1282,8,1,9,17.678452301534357
1282,6,4,10,91.72781854569713
1283,19,4,1,482.3215476984656
1283,4,3,2,390.5937291527685
1283,15,4,3,482.3215476984656
1283,18,4,4,482.3215476984656
1283,13,3,5,390.5937291527685
1283,16,1,6,50.36691127418279
1284,13,3,1,483.9893262174783
1284,10,2,2,35.023348899266175
1284,19,4,3,294.86324216144095
1284,3,1,4,134.42294863242162
1284,16,1,5,134.42294863242162
1284,9,3,6,483.9893262174783
1284,15,4,7,294.86324216144095
1285,5,3,1,405.6037358238826
1285,12,3,2,405.6037358238826
1285,19,4,3,202.13475650433622
1285,11,3,4,405.6037358238826
1285,16,1,5,498.6657771847899
1285,7,1,6,498.6657771847899
1285,1,3,7,405.6037358238826
1285,8,1,8,498.6657771847899
1285,17,4,9,202.13475650433622
1286,2,4,1,489.6597731821214
1286,12,3,2,277.51834556370915
1286,9,3,3,277.51834556370915
1286,14,3,4,277.51834556370915
1286,7,1,5,69.04603068712476
1286,8,1,6,69.04603068712476
1286,1,3,7,277.51834556370915
1286,6,4,8,489.6597731821214
1286,11,3,9,277.51834556370915
1286,19,4,10,489.6597731821214
1287,8,1,1,485.99066044029354
1287,7,1,2,485.99066044029354
1287,6,4,3,274.84989993328884
1287,3,1,4,485.99066044029354
1287,17,4,5,274.84989993328884
1287,12,3,6,140.0933955970647
1287,11,3,7,140.0933955970647
1287,9,3,8,140.0933955970647
1287,16,1,9,485.99066044029354
1288,2,4,1,210.14009339559706
1288,13,3,2,406.6044029352902
1288,8,1,3,374.2494996664443
1288,18,4,4,210.14009339559706
1288,10,2,5,29.686457638425615
1288,5,3,6,406.6044029352902
1288,19,4,7,210.14009339559706
1288,9,3,8,406.6044029352902
1288,4,3,9,406.6044029352902
1288,14,3,10,406.6044029352902
1289,4,3,1,2.0013342228152102
1289,7,1,2,451.96797865243497
1289,11,3,3,2.0013342228152102
1289,3,1,4,451.96797865243497
1289,19,4,5,415.61040693795866
1289,6,4,6,415.61040693795866
1289,16,1,7,451.96797865243497
1289,15,4,8,415.61040693795866
1289,10,2,9,290.1934623082055
1289,13,3,10,2.0013342228152102
1290,14,3,1,310.87391594396263
1290,17,4,2,154.76984656437625
1290,1,3,3,310.87391594396263
1290,7,1,4,2.66844563042028
1290,12,3,5,310.87391594396263
1290,16,1,6,2.66844563042028
1290,9,3,7,310.87391594396263
1291,10,2,1,64.37625083388926
1291,7,1,2,338.2254836557705
1291,1,3,3,146.43095396931287
1291,15,4,4,419.2795196797865
1291,8,1,5,338.2254836557705
1291,11,3,6,146.43095396931287
1291,4,3,7,146.43095396931287
1292,11,3,1,226.15076717811874
1292,7,1,2,461.30753835890596
1292,8,1,3,461.30753835890596
1292,17,4,4,70.3802535023349
1292,5,3,5,226.15076717811874
1292,2,4,6,70.3802535023349
1293,15,4,1,59.37291527685123
1293,4,3,2,444.6297531687792
1293,14,3,3,444.6297531687792
1293,6,4,4,59.37291527685123
1293,3,1,5,353.5690460306871
1293,11,3,6,444.6297531687792
1293,10,2,7,472.3148765843896
1294,4,3,1,223.815877251501
1294,7,1,2,150.76717811874582
1294,17,4,3,310.2068045363576
1294,20,3,4,223.815877251501
1294,14,3,5,223.815877251501
1294,13,3,6,223.815877251501
1294,16,1,7,150.76717811874582
1295,12,3,1,186.45763842561706
1295,10,2,2,484.98999332888593
1295,3,1,3,84.38959306204136
1295,4,3,4,186.45763842561706
1295,18,4,5,365.5770513675784
1295,2,4,6,365.5770513675784
1296,2,4,1,426.6177451634423
1296,9,3,2,366.24416277518344
1296,3,1,3,298.8659106070714
1296,16,1,4,298.8659106070714
1296,4,3,5,366.24416277518344
1296,5,3,6,366.24416277518344
1296,1,3,7,366.24416277518344
1296,6,4,8,426.6177451634423
1296,18,4,9,426.6177451634423
1297,2,4,1,29.019346230820545
1297,5,3,2,119.74649766511007
1297,17,4,3,29.019346230820545
1297,14,3,4,119.74649766511007
1297,9,3,5,119.74649766511007
1297,11,3,6,119.74649766511007
1297,8,1,7,448.6324216144096
1297,15,4,8,29.019346230820545
1298,13,3,1,7.33822548365577
1298,6,4,2,412.94196130753835
1298,20,3,3,7.33822548365577
1298,11,3,4,7.33822548365577
1298,15,4,5,412.94196130753835
1298,9,3,6,7.33822548365577
1298,12,3,7,7.33822548365577
1298,18,4,8,412.94196130753835
1298,14,3,9,7.33822548365577
1299,2,4,1,401.60106737825214
1299,3,1,2,484.65643762508336
1299,1,3,3,362.241494329553
1299,17,4,4,401.60106737825214
1299,5,3,5,362.241494329553
1299,13,3,6,362.241494329553
1299,20,3,7,362.241494329553
1300,11,3,1,476.31754503002
1300,7,1,2,207.80520346897933
1300,4,3,3,476.31754503002
1300,3,1,4,207.80520346897933
1300,1,3,5,476.31754503002
1300,19,4,6,51.36757838559039
1301,14,3,1,282.1881254169446
1301,6,4,2,314.54302868579055
1301,10,2,3,237.82521681120747
1301,5,3,4,282.1881254169446
1301,13,3,5,282.1881254169446
1301,4,3,6,282.1881254169446
1301,18,4,7,314.54302868579055
1301,9,3,8,282.1881254169446
1301,16,1,9,115.07671781187459
1301,15,4,10,314.54302868579055
1302,9,3,1,398.59906604402937
1302,19,4,2,317.2114743162108
1302,5,3,3,398.59906604402937
1302,3,1,4,441.29419613075385
1302,14,3,5,398.59906604402937
1302,12,3,6,398.59906604402937
1302,10,2,7,224.14943295530352
1302,1,3,8,398.59906604402937
1302,18,4,9,317.2114743162108
1302,6,4,10,317.2114743162108
1303,1,3,1,393.2621747831888
1303,18,4,2,420.9472981987992
1303,3,1,3,87.39159439626418
1303,13,3,4,393.2621747831888
1303,11,3,5,393.2621747831888
1303,10,2,6,493.99599733155435
1303,20,3,7,393.2621747831888
1303,5,3,8,393.2621747831888
1303,7,1,9,87.39159439626418
1303,19,4,10,420.9472981987992
1304,15,4,1,318.2121414276184
1304,16,1,2,50.03335557038025
1304,20,3,3,64.70980653769179
1304,9,3,4,64.70980653769179
1304,18,4,5,318.2121414276184
1304,7,1,6,50.03335557038025
1304,1,3,7,64.70980653769179
1304,6,4,8,318.2121414276184
1305,15,4,1,356.2374916611074
1305,6,4,2,356.2374916611074
1305,12,3,3,403.93595730486993
1305,11,3,4,403.93595730486993
1305,16,1,5,157.43829219479653
1305,5,3,6,403.93595730486993
1306,18,4,1,325.21681120747166
1306,5,3,2,351.23415610406937
1306,2,4,3,325.21681120747166
1306,19,4,4,325.21681120747166
1306,20,3,5,351.23415610406937
1306,10,2,6,483.9893262174783
1306,11,3,7,351.23415610406937
1306,9,3,8,351.23415610406937
1307,6,4,1,172.78185456971315
1307,2,4,2,172.78185456971315
1307,8,1,3,290.527018012008
1307,4,3,4,24.01601067378252
1307,3,1,5,290.527018012008
1307,11,3,6,24.01601067378252
1307,15,4,7,172.78185456971315
1307,18,4,8,172.78185456971315
1308,10,2,1,195.79719813208806
1308,3,1,2,483.6557705136758
1308,20,3,3,124.7498332221481
1308,1,3,4,124.7498332221481
1308,13,3,5,124.7498332221481
1308,19,4,6,276.51767845230154
1308,6,4,7,276.51767845230154
1308,15,4,8,276.51767845230154
1308,11,3,9,124.7498332221481
1309,6,4,1,313.87591727818545
1309,10,2,2,471.9813208805871
1309,8,1,3,183.45563709139427
1309,15,4,4,313.87591727818545
1309,3,1,5,183.45563709139427
1309,19,4,6,313.87591727818545
1309,18,4,7,313.87591727818545
1309,13,3,8,203.46897931954635
1309,11,3,9,203.46897931954635
1309,5,3,10,203.46897931954635
1310,16,1,1,309.5396931287525
1310,15,4,2,389.2595063375584
1310,1,3,3,450.63375583722484
1310,6,4,4,389.2595063375584
1310,13,3,5,450.63375583722484
1310,4,3,6,450.63375583722484
1310,8,1,7,309.5396931287525
1310,5,3,8,450.63375583722484
1311,10,2,1,71.04736490993996
1311,20,3,2,376.91794529686456
1311,6,4,3,146.09739826551035
1311,15,4,4,146.09739826551035
1311,1,3,5,376.91794529686456
1311,19,4,6,146.09739826551035
1312,16,1,1,465.6437625083389
1312,20,3,2,92.06137424949966
1312,8,1,3,465.6437625083389
1312,4,3,4,92.06137424949966
1312,15,4,5,209.13942628418945
1312,17,4,6,209.13942628418945
1312,18,4,7,209.13942628418945
1313,13,3,1,434.2895263509006
1313,12,3,2,434.2895263509006
1313,4,3,3,434.2895263509006
1313,5,3,4,434.2895263509006
1313,2,4,5,487.99199466310876
1314,9,3,1,306.8712474983322
1314,15,4,2,213.1420947298199
1314,17,4,3,213.1420947298199
1314,18,4,4,213.1420947298199
1314,16,1,5,48.69913275517011
1315,15,4,1,308.5390260173449
1315,1,3,2,74.04936624416277
1315,16,1,3,134.08939292861908
1315,6,4,4,308.5390260173449
1315,4,3,5,74.04936624416277
1315,8,1,6,134.08939292861908
1315,12,3,7,74.04936624416277
1315,14,3,8,74.04936624416277
1315,13,3,9,74.04936624416277
1315,17,4,10,308.5390260173449
1316,12,3,1,494.99666444296196
1316,3,1,2,318.2121414276184
1316,7,1,3,318.2121414276184
1316,1,3,4,494.99666444296196
1316,6,4,5,328.552368245497
1317,10,2,1,55.03669112741828
1317,3,1,2,481.9879919946631
1317,11,3,3,469.31287525016677
1317,12,3,4,469.31287525016677
1317,5,3,5,469.31287525016677
1317,9,3,6,469.31287525016677
1317,16,1,7,481.9879919946631
1317,4,3,8,469.31287525016677
1317,7,1,9,481.9879919946631
1317,1,3,10,469.31287525016677
1318,13,3,1,191.12741827885256
1318,5,3,2,191.12741827885256
1318,20,3,3,191.12741827885256
1318,2,4,4,350.90060040026685
1318,4,3,5,191.12741827885256
1319,15,4,1,343.8959306204136
1319,14,3,2,412.27484989993326
1319,19,4,3,343.8959306204136
1319,1,3,4,412.27484989993326
1319,5,3,5,412.27484989993326
1319,4,3,6,412.27484989993326
1320,16,1,1,62.04136090727151
1320,2,4,2,219.81320880587057
1320,12,3,3,328.552368245497
1320,10,2,4,91.06070713809206
1320,5,3,5,328.552368245497
1320,4,3,6,328.552368245497
1320,6,4,7,219.81320880587057
1320,13,3,8,328.552368245497
1321,14,3,1,78.05203468979319
1321,2,4,2,391.2608405603736
1321,6,4,3,391.2608405603736
1321,9,3,4,78.05203468979319
1321,4,3,5,78.05203468979319
1321,17,4,6,391.2608405603736
1321,20,3,7,78.05203468979319
1321,10,2,8,23.682454969979986
1321,7,1,9,382.5883922615077
1322,1,3,1,139.42628418945964
1322,11,3,2,139.42628418945964
1322,4,3,3,139.42628418945964
1322,10,2,4,240.1601067378252
1322,3,1,5,408.2721814543029
1322,13,3,6,139.42628418945964
1323,5,3,1,492.3282188125417
1323,20,3,2,492.3282188125417
1323,14,3,3,492.3282188125417
1323,13,3,4,492.3282188125417
1323,10,2,5,362.5750500333556
1323,1,3,6,492.3282188125417
1324,12,3,1,368.24549699799866
1324,7,1,2,47.69846564376251
1324,5,3,3,368.24549699799866
1324,16,1,4,47.69846564376251
1324,1,3,5,368.24549699799866
1325,5,3,1,85.7238158772515
1325,9,3,2,85.7238158772515
1325,14,3,3,85.7238158772515
1325,7,1,4,250.5003335557038
1325,12,3,5,85.7238158772515
1326,13,3,1,98.39893262174783
1326,9,3,2,98.39893262174783
1326,2,4,3,324.21614409606406
1326,12,3,4,98.39893262174783
1326,1,3,5,98.39893262174783
1326,5,3,6,98.39893262174783
1326,10,2,7,128.41894596397597
1326,7,1,8,327.2181454302869
1327,16,1,1,65.7104736490994
1327,8,1,2,65.7104736490994
1327,1,3,3,128.75250166777852
1327,20,3,4,128.75250166777852
1327,5,3,5,128.75250166777852
1327,18,4,6,4.0026684456304205
1327,6,4,7,4.0026684456304205
1328,20,3,1,209.472981987992
1328,14,3,2,209.472981987992
1328,8,1,3,294.52968645763843
1328,5,3,4,209.472981987992
1328,3,1,5,294.52968645763843
1328,15,4,6,372.5817211474316
1328,1,3,7,209.472981987992
1328,19,4,8,372.5817211474316
1329,10,2,1,337.891927951968
1329,1,3,2,222.14809873248834
1329,2,4,3,29.686457638425615
1329,19,4,4,29.686457638425615
1329,8,1,5,93.06204136090727
1329,4,3,6,222.14809873248834
1330,12,3,1,151.10073382254836
1330,14,3,2,151.10073382254836
1330,10,2,3,241.8278852568379
1330,15,4,4,402.60173448965975
1330,19,4,5,402.60173448965975
1330,3,1,6,97.73182121414276
1330,11,3,7,151.10073382254836
1331,16,1,1,468.31220813875916
1331,4,3,2,448.96597731821214
1331,8,1,3,468.31220813875916
1331,20,3,4,448.96597731821214
1331,9,3,5,448.96597731821214
1331,5,3,6,448.96597731821214
1332,2,4,1,214.1427618412275
1332,1,3,2,256.83789192795194
1332,17,4,3,214.1427618412275
1332,4,3,4,256.83789192795194
1332,7,1,5,133.422281521014
1333,3,1,1,40.69379586390927
1333,1,3,2,237.49166110740492
1333,20,3,3,237.49166110740492
1333,6,4,4,469.97998665777186
1333,16,1,5,40.69379586390927
1333,15,4,6,469.97998665777186
1333,14,3,7,237.49166110740492
1333,9,3,8,237.49166110740492
1334,17,4,1,493.99599733155435
1334,15,4,2,493.99599733155435
1334,11,3,3,380.5870580386925
1334,2,4,4,493.99599733155435
1334,20,3,5,380.5870580386925
1334,4,3,6,380.5870580386925
1334,1,3,7,380.5870580386925
1334,9,3,8,380.5870580386925
1334,19,4,9,493.99599733155435
1335,9,3,1,187.45830553702467
1335,8,1,2,67.37825216811207
1335,10,2,3,432.28819212808537
1335,3,1,4,67.37825216811207
1335,5,3,5,187.45830553702467
1335,12,3,6,187.45830553702467
1335,2,4,7,177.1180787191461
1336,1,3,1,69.71314209472982
1336,6,4,2,380.5870580386925
1336,19,4,3,380.5870580386925
1336,14,3,4,69.71314209472982
1336,12,3,5,69.71314209472982
1337,14,3,1,303.20213475650434
1337,7,1,2,82.05470313542361
1337,9,3,3,303.20213475650434
1337,2,4,4,439.95997331554366
1337,17,4,5,439.95997331554366
1337,4,3,6,303.20213475650434
1337,6,4,7,439.95997331554366
1337,16,1,8,82.05470313542361
1337,19,4,9,439.95997331554366
1337,1,3,10,303.20213475650434
1338,14,3,1,429.95330220146764
1338,20,3,2,429.95330220146764
1338,8,1,3,487.6584389593062
1338,3,1,4,487.6584389593062
1338,17,4,5,458.63909272848565
1338,12,3,6,429.95330220146764
1339,19,4,1,467.97865243495664
1339,14,3,2,149.76651100733824
1339,4,3,3,149.76651100733824
1339,11,3,4,149.76651100733824
1339,6,4,5,467.97865243495664
1339,13,3,6,149.76651100733824
1339,10,2,7,392.2615076717812
1340,11,3,1,67.04469646430954
1340,16,1,2,384.58972648432285
1340,5,3,3,67.04469646430954
1340,4,3,4,67.04469646430954
1340,2,4,5,355.5703802535023
1340,1,3,6,67.04469646430954
1340,12,3,7,67.04469646430954
1340,15,4,8,355.5703802535023
1340,9,3,9,67.04469646430954
1341,5,3,1,34.68979319546364
1341,3,1,2,128.08539026017345
1341,6,4,3,360.9072715143429
1341,11,3,4,34.68979319546364
1341,8,1,5,128.08539026017345
1341,10,2,6,474.98332221480985
1341,2,4,7,360.9072715143429
1342,19,4,1,124.7498332221481
1342,17,4,2,124.7498332221481
1342,16,1,3,453.3022014676451
1342,3,1,4,453.3022014676451
1342,8,1,5,453.3022014676451
1342,20,3,6,319.54636424282853
1342,4,3,7,319.54636424282853
1342,10,2,8,299.5330220146765
1343,7,1,1,284.8565710473649
1343,13,3,2,496.3308872581721
1343,14,3,3,496.3308872581721
1343,4,3,4,496.3308872581721
1343,5,3,5,496.3308872581721
1344,16,1,1,73.04869913275517
1344,19,4,2,144.42961974649765
1344,18,4,3,144.42961974649765
1344,7,1,4,73.04869913275517
1344,6,4,5,144.42961974649765
1344,13,3,6,218.1454302868579
1344,9,3,7,218.1454302868579
1344,8,1,8,73.04869913275517
1345,1,3,1,485.65710473649096
1345,20,3,2,485.65710473649096
1345,3,1,3,213.80920613742495
1345,7,1,4,213.80920613742495
1345,6,4,5,217.81187458305536
1345,18,4,6,217.81187458305536
1345,11,3,7,485.65710473649096
1345,9,3,8,485.65710473649096
1345,15,4,9,217.81187458305536
1346,14,3,1,378.9192795196798
1346,6,4,2,143.09539693128752
1346,1,3,3,378.9192795196798
1346,3,1,4,0.333555703802535
1346,2,4,5,143.09539693128752
1347,17,4,1,30.68712474983322
1347,18,4,2,30.68712474983322
1347,16,1,3,37.35823882588392
1347,15,4,4,30.68712474983322
1347,12,3,5,369.24616410940627
1347,19,4,6,30.68712474983322
1348,15,4,1,240.1601067378252
1348,14,3,2,311.87458305537024
1348,9,3,3,311.87458305537024
1348,2,4,4,240.1601067378252
1348,19,4,5,240.1601067378252
1348,18,4,6,240.1601067378252
1348,17,4,7,240.1601067378252
1348,10,2,8,66.04402935290193
1348,7,1,9,232.82188125416945
1348,1,3,10,311.87458305537024
1349,17,4,1,314.209472981988
1349,16,1,2,490.660440293529
1349,13,3,3,137.0913942628419
1349,9,3,4,137.0913942628419
1349,12,3,5,137.0913942628419
1349,3,1,6,490.660440293529
1349,20,3,7,137.0913942628419
1349,15,4,8,314.209472981988
1349,1,3,9,137.0913942628419
1350,19,4,1,135.09006004002669
1350,10,2,2,196.79786524349566
1350,3,1,3,317.2114743162108
1350,13,3,4,161.44096064042694
1350,7,1,5,317.2114743162108
1350,2,4,6,135.09006004002669
1351,14,3,1,197.79853235490327
1351,12,3,2,197.79853235490327
1351,8,1,3,457.63842561707804
1351,9,3,4,197.79853235490327
1351,6,4,5,205.13675783855905
1351,10,2,6,173.11541027351566
1351,7,1,7,457.63842561707804
1351,5,3,8,197.79853235490327
1351,19,4,9,205.13675783855905
1351,13,3,10,197.79853235490327
1352,3,1,1,430.6204136090727
1352,14,3,2,139.75983989326218
1352,1,3,3,139.75983989326218
1352,7,1,4,430.6204136090727
1352,19,4,5,64.04269513008673
1352,12,3,6,139.75983989326218
1352,4,3,7,139.75983989326218
1353,10,2,1,328.21881254169443
1353,20,3,2,212.80853902601734
1353,19,4,3,427.9519679786524
1353,11,3,4,212.80853902601734
1353,16,1,5,464.6430953969313
1353,18,4,6,427.9519679786524
1353,6,4,7,427.9519679786524
1353,13,3,8,212.80853902601734
1353,8,1,9,464.6430953969313
1353,2,4,10,427.9519679786524
1354,15,4,1,279.51967978652436
1354,8,1,2,147.09806537691793
1354,10,2,3,143.09539693128752
1354,13,3,4,329.88659106070713
1354,20,3,5,329.88659106070713
1354,18,4,6,279.51967978652436
1354,1,3,7,329.88659106070713
1354,7,1,8,147.09806537691793
1354,9,3,9,329.88659106070713
1355,18,4,1,362.5750500333556
1355,13,3,2,488.99266177451636
1355,3,1,3,378.9192795196798
1355,11,3,4,488.99266177451636
1355,5,3,5,488.99266177451636
1355,4,3,6,488.99266177451636
1356,9,3,1,283.1887925283522
1356,18,4,2,277.51834556370915
1356,5,3,3,283.1887925283522
1356,20,3,4,283.1887925283522
1356,19,4,5,277.51834556370915
1356,8,1,6,418.945963975984
1356,1,3,7,283.1887925283522
1357,13,3,1,242.16144096064042
1357,8,1,2,221.14743162108073
1357,19,4,3,305.8705803869246
1357,18,4,4,305.8705803869246
1357,20,3,5,242.16144096064042
1357,5,3,6,242.16144096064042
1357,16,1,7,221.14743162108073
1357,9,3,8,242.16144096064042
1358,6,4,1,475.98398932621745
1358,8,1,2,470.98065376917947
1358,7,1,3,470.98065376917947
1358,12,3,4,143.42895263509007
1358,4,3,5,143.42895263509007
1359,14,3,1,334.8899266177452
1359,4,3,2,334.8899266177452
1359,11,3,3,334.8899266177452
1359,6,4,4,479.65310206804537
1359,1,3,5,334.8899266177452
1359,16,1,6,419.2795196797865
1360,12,3,1,484.32288192128084
1360,5,3,2,484.32288192128084
1360,1,3,3,484.32288192128084
1360,13,3,4,484.32288192128084
1360,9,3,5,484.32288192128084
1360,11,3,6,484.32288192128084
1360,8,1,7,456.3042028018679
1360,6,4,8,333.555703802535
1361,13,3,1,286.19079386257505
1361,2,4,2,285.52368245496996
1361,9,3,3,286.19079386257505
1361,10,2,4,336.2241494329553
1361,15,4,5,285.52368245496996
1361,1,3,6,286.19079386257505
1361,18,4,7,285.52368245496996
1361,7,1,8,105.7371581054036
1361,20,3,9,286.19079386257505
1361,19,4,10,285.52368245496996
1362,17,4,1,190.12675116744495
1362,2,4,2,190.12675116744495
1362,15,4,3,190.12675116744495
1362,13,3,4,392.2615076717812
1362,1,3,5,392.2615076717812
1362,18,4,6,190.12675116744495
1362,8,1,7,216.14409606404269
1362,16,1,8,216.14409606404269
1362,5,3,9,392.2615076717812
1363,9,3,1,173.11541027351566
1363,13,3,2,173.11541027351566
1363,12,3,3,173.11541027351566
1363,10,2,4,395.26350900600397
1363,14,3,5,173.11541027351566
1363,8,1,6,236.49099399599734
1363,18,4,7,313.20880587058036
1363,7,1,8,236.49099399599734
1364,9,3,1,424.6164109406271
1364,20,3,2,424.6164109406271
1364,11,3,3,424.6164109406271
1364,16,1,4,427.6184122748499
1364,15,4,5,92.06137424949966
1364,19,4,6,92.06137424949966
1364,2,4,7,92.06137424949966
1365,4,3,1,495.66377585056705
1365,18,4,2,366.24416277518344
1365,2,4,3,366.24416277518344
1365,13,3,4,495.66377585056705
1365,20,3,5,495.66377585056705
1365,12,3,6,495.66377585056705
1365,8,1,7,324.21614409606406
1366,14,3,1,34.02268178785857
1366,20,3,2,34.02268178785857
1366,11,3,3,34.02268178785857
1366,8,1,4,209.13942628418945
1366,2,4,5,156.77118078719147
1366,5,3,6,34.02268178785857
1367,13,3,1,466.31087391594394
1367,1,3,2,466.31087391594394
1367,2,4,3,295.86390927284856
1367,10,2,4,27.685123415610406
1367,17,4,5,295.86390927284856
1367,19,4,6,295.86390927284856
1367,11,3,7,466.31087391594394
1367,16,1,8,210.80720480320213
1367,20,3,9,466.31087391594394
1368,20,3,1,486.32421614409606
1368,17,4,2,231.15410273515675
1368,7,1,3,435.6237491661107
1368,8,1,4,435.6237491661107
1368,14,3,5,486.32421614409606
1368,9,3,6,486.32421614409606
1368,13,3,7,486.32421614409606
1369,6,4,1,392.92861907938624
1369,9,3,2,421.28085390260173
1369,14,3,3,421.28085390260173
1369,12,3,4,421.28085390260173
1369,16,1,5,416.2775183455637
1369,15,4,6,392.92861907938624
1369,11,3,7,421.28085390260173
1370,8,1,1,63.04202801867912
1370,17,4,2,304.53635757171446
1370,1,3,3,148.09873248832554
1370,5,3,4,148.09873248832554
1370,18,4,5,304.53635757171446
1370,14,3,6,148.09873248832554
1371,2,4,1,62.70847231487658
1371,11,3,2,430.6204136090727
1371,20,3,3,430.6204136090727
1371,14,3,4,430.6204136090727
1371,18,4,5,62.70847231487658
1371,7,1,6,418.2788525683789
1371,6,4,7,62.70847231487658
1371,10,2,8,475.98398932621745
1371,16,1,9,418.2788525683789
1371,17,4,10,62.70847231487658
1372,14,3,1,377.58505670446965
1372,5,3,2,377.58505670446965
1372,10,2,3,249.16611074049365
1372,6,4,4,95.73048699132755
1372,17,4,5,95.73048699132755
1372,15,4,6,95.73048699132755
1373,1,3,1,318.8792528352235
1373,19,4,2,345.8972648432288
1373,3,1,3,451.6344229486324
1373,4,3,4,318.8792528352235
1373,20,3,5,318.8792528352235
1373,2,4,6,345.8972648432288
1373,13,3,7,318.8792528352235
1374,9,3,1,151.76784523015343
1374,2,4,2,56.37091394262842
1374,17,4,3,56.37091394262842
1374,13,3,4,151.76784523015343
1374,20,3,5,151.76784523015343
1374,1,3,6,151.76784523015343
1374,18,4,7,56.37091394262842
1374,10,2,8,348.5657104736491
1374,8,1,9,493.66244162775183
1375,9,3,1,194.46297531687793
1375,8,1,2,474.64976651100733
1375,19,4,3,378.9192795196798
1375,15,4,4,378.9192795196798
1375,1,3,5,194.46297531687793
1375,12,3,6,194.46297531687793
1376,2,4,1,259.83989326217477
1376,4,3,2,451.96797865243497
1376,5,3,3,451.96797865243497
1376,6,4,4,259.83989326217477
1376,7,1,5,265.17678452301533
1377,13,3,1,6.00400266844563
1377,8,1,2,215.14342895263508
1377,2,4,3,300.2001334222815
1377,9,3,4,6.00400266844563
1377,14,3,5,6.00400266844563
1377,20,3,6,6.00400266844563
1377,12,3,7,6.00400266844563
1378,8,1,1,337.5583722481654
1378,4,3,2,397.2648432288192
1378,15,4,3,446.29753168779183
1378,11,3,4,397.2648432288192
1378,5,3,5,397.2648432288192
1378,20,3,6,397.2648432288192
1378,18,4,7,446.29753168779183
1379,19,4,1,404.93662441627754
1379,20,3,2,0.0
1379,15,4,3,404.93662441627754
1379,11,3,4,0.0
1379,10,2,5,366.24416277518344
1379,12,3,6,0.0
1379,3,1,7,185.45697131420948
1380,18,4,1,179.78652434956638
1380,3,1,2,227.15143428952635
1380,15,4,3,179.78652434956638
1380,10,2,4,52.03468979319546
1380,8,1,5,227.15143428952635
1380,16,1,6,227.15143428952635
1381,15,4,1,231.4876584389593
1381,13,3,2,452.3015343562375
1381,1,3,3,452.3015343562375
1381,7,1,4,192.4616410940627
1381,6,4,5,231.4876584389593
1381,14,3,6,452.3015343562375
1381,19,4,7,231.4876584389593
1381,9,3,8,452.3015343562375
1381,16,1,9,192.4616410940627
1381,20,3,10,452.3015343562375
1382,17,4,1,331.22081387591726
1382,2,4,2,331.22081387591726
1382,7,1,3,369.91327551701136
1382,11,3,4,302.2014676450967
1382,9,3,5,302.2014676450967
1382,20,3,6,302.2014676450967
1383,19,4,1,216.81120747164778
1383,8,1,2,422.28152101400934
1383,11,3,3,491.6611074049366
1383,10,2,4,431.62108072048034
1383,20,3,5,491.6611074049366
1383,1,3,6,491.6611074049366
1383,15,4,7,216.81120747164778
1384,16,1,1,394.59639759839894
1384,19,4,2,284.8565710473649
1384,17,4,3,284.8565710473649
1384,3,1,4,394.59639759839894
1384,14,3,5,132.08805870580386
1384,7,1,6,394.59639759839894
1384,6,4,7,284.8565710473649
1384,10,2,8,12.67511674449633
1385,7,1,1,174.78318879252836
1385,18,4,2,70.04669779853235
1385,10,2,3,132.08805870580386
1385,2,4,4,70.04669779853235
1385,3,1,5,174.78318879252836
1385,8,1,6,174.78318879252836
1385,14,3,7,354.9032688458973
1385,12,3,8,354.9032688458973
1386,4,3,1,60.70713809206137
1386,20,3,2,60.70713809206137
1386,5,3,3,60.70713809206137
1386,14,3,4,60.70713809206137
1386,15,4,5,357.238158772515
1386,9,3,6,60.70713809206137
1387,12,3,1,272.8485657104736
1387,19,4,2,478.31887925283525
1387,18,4,3,478.31887925283525
1387,20,3,4,272.8485657104736
1387,2,4,5,478.31887925283525
1387,11,3,6,272.8485657104736
1387,8,1,7,180.12008005336892
1387,10,2,8,171.78118745830554
1387,3,1,9,180.12008005336892
1387,16,1,10,180.12008005336892
1388,4,3,1,285.19012675116744
1388,10,2,2,436.2908605737158
1388,14,3,3,285.19012675116744
1388,18,4,4,312.87525016677785
1388,9,3,5,285.19012675116744
1388,7,1,6,398.2655103402268
1388,6,4,7,312.87525016677785
1388,5,3,8,285.19012675116744
1388,20,3,9,285.19012675116744
1388,11,3,10,285.19012675116744
1389,19,4,1,476.31754503002
1389,7,1,2,249.4996664442962
1389,13,3,3,184.12274849899933
1389,6,4,4,476.31754503002
1389,2,4,5,476.31754503002
1390,8,1,1,475.65043362241494
1390,1,3,2,272.1814543028686
1390,6,4,3,24.349566377585056
1390,2,4,4,24.349566377585056
1390,4,3,5,272.1814543028686
1391,13,3,1,455.9706470980654
1391,1,3,2,455.9706470980654
1391,15,4,3,227.4849899933289
1391,19,4,4,227.4849899933289
1391,17,4,5,227.4849899933289
1391,14,3,6,455.9706470980654
1391,2,4,7,227.4849899933289
1391,20,3,8,455.9706470980654
1391,9,3,9,455.9706470980654
1391,11,3,10,455.9706470980654
1392,19,4,1,6.00400266844563
1392,7,1,2,31.687791861240825
1392,3,1,3,31.687791861240825
1392,1,3,4,77.38492328218813
1392,13,3,5,77.38492328218813
1392,10,2,6,315.54369579719815
1392,12,3,7,77.38492328218813
1393,19,4,1,127.41827885256838
1393,3,1,2,340.22681787858573
1393,13,3,3,127.08472314876585
1393,7,1,4,340.22681787858573
1393,16,1,5,340.22681787858573
1393,9,3,6,127.08472314876585
1393,11,3,7,127.08472314876585
1393,5,3,8,127.08472314876585
1393,2,4,9,127.41827885256838
1393,17,4,10,127.41827885256838
1394,15,4,1,22.348232154769846
1394,20,3,2,462.3082054703135
1394,13,3,3,462.3082054703135
1394,1,3,4,462.3082054703135
1394,7,1,5,187.79186124082722
1395,12,3,1,205.8038692461641
1395,15,4,2,178.78585723815877
1395,13,3,3,205.8038692461641
1395,11,3,4,205.8038692461641
1395,1,3,5,205.8038692461641
1395,3,1,6,421.61440960640425
1395,19,4,7,178.78585723815877
1396,1,3,1,105.7371581054036
1396,12,3,2,105.7371581054036
1396,13,3,3,105.7371581054036
1396,10,2,4,302.2014676450967
1396,3,1,5,247.49833222148098
1397,15,4,1,45.6971314209473
1397,7,1,2,287.85857238158775
1397,1,3,3,234.48965977318213
1397,11,3,4,234.48965977318213
1397,18,4,5,45.6971314209473
1397,4,3,6,234.48965977318213
1397,10,2,7,9.33955970647098
1398,14,3,1,113.4089392928619
1398,9,3,2,113.4089392928619
1398,18,4,3,382.9219479653102
1398,5,3,4,113.4089392928619
1398,19,4,5,382.9219479653102
1398,20,3,6,113.4089392928619
1398,7,1,7,297.1981320880587
1399,17,4,1,236.1574382921948
1399,20,3,2,200.46697798532355
1399,11,3,3,200.46697798532355
1399,15,4,4,236.1574382921948
1399,8,1,5,346.2308205470313
1399,9,3,6,200.46697798532355
1399,14,3,7,200.46697798532355
1399,16,1,8,346.2308205470313
1399,1,3,9,200.46697798532355
1400,14,3,1,288.19212808539027
1400,2,4,2,410.6070713809206
1400,6,4,3,410.6070713809206
1400,19,4,4,410.6070713809206
1400,20,3,5,288.19212808539027
1400,12,3,6,288.19212808539027
1400,15,4,7,410.6070713809206
1401,5,3,1,297.1981320880587
1401,1,3,2,297.1981320880587
1401,14,3,3,297.1981320880587
1401,3,1,4,130.75383589059373
1401,12,3,5,297.1981320880587
1401,8,1,6,130.75383589059373
1402,13,3,1,134.42294863242162
1402,18,4,2,459.63975983989326
1402,3,1,3,264.8432288192128
1402,5,3,4,134.42294863242162
1402,2,4,5,459.63975983989326
1402,1,3,6,134.42294863242162
1402,12,3,7,134.42294863242162
1403,19,4,1,419.61307538358903
1403,16,1,2,290.1934623082055
1403,5,3,3,184.7898599066044
1403,10,2,4,254.1694462975317
1403,17,4,5,419.61307538358903
1403,15,4,6,419.61307538358903
1403,7,1,7,290.1934623082055
1403,3,1,8,290.1934623082055
1404,5,3,1,386.59106070713807
1404,13,3,2,386.59106070713807
1404,10,2,3,238.49232821881253
1404,14,3,4,386.59106070713807
1404,19,4,5,68.71247498332221
1404,15,4,6,68.71247498332221
1404,9,3,7,386.59106070713807
1404,3,1,8,132.4216144096064
1404,17,4,9,68.71247498332221
1405,8,1,1,255.50366911274182
1405,6,4,2,459.9733155436958
1405,4,3,3,404.60306871247496
1405,1,3,4,404.60306871247496
1405,9,3,5,404.60306871247496
1405,20,3,6,404.60306871247496
1405,12,3,7,404.60306871247496
1405,5,3,8,404.60306871247496
1405,18,4,9,459.9733155436958
1405,11,3,10,404.60306871247496
1406,19,4,1,330.5537024683122
1406,3,1,2,472.3148765843896
1406,13,3,3,492.99533022014674
1406,2,4,4,330.5537024683122
1406,1,3,5,492.99533022014674
1407,9,3,1,441.9613075383589
1407,15,4,2,37.691794529686454
1407,7,1,3,413.94262841894596
1407,6,4,4,37.691794529686454
1407,5,3,5,441.9613075383589
1408,8,1,1,342.895263509006
1408,2,4,2,306.5376917945297
1408,20,3,3,16.010673782521682
1408,1,3,4,16.010673782521682
1408,18,4,5,306.5376917945297
1408,16,1,6,342.895263509006
1408,11,3,7,16.010673782521682
1408,9,3,8,16.010673782521682
1408,19,4,9,306.5376917945297
1409,3,1,1,214.1427618412275
1409,1,3,2,332.55503669112744
1409,12,3,3,332.55503669112744
1409,13,3,4,332.55503669112744
1409,8,1,5,214.1427618412275
1409,14,3,6,332.55503669112744
1410,19,4,1,55.03669112741828
1410,6,4,2,55.03669112741828
1410,12,3,3,233.48899266177452
1410,4,3,4,233.48899266177452
1410,1,3,5,233.48899266177452
1411,4,3,1,217.47831887925284
1411,3,1,2,320.2134756504336
1411,12,3,3,217.47831887925284
1411,14,3,4,217.47831887925284
1411,6,4,5,199.1327551701134
1411,2,4,6,199.1327551701134
1411,19,4,7,199.1327551701134
1412,14,3,1,249.4996664442962
1412,1,3,2,249.4996664442962
1412,3,1,3,241.8278852568379
1412,11,3,4,249.4996664442962
1412,15,4,5,473.6490993995997
1413,19,4,1,166.7778519012675
1413,18,4,2,166.7778519012675
1413,13,3,3,438.292194796531
1413,10,2,4,7.004669779853235
1413,4,3,5,438.292194796531
1413,20,3,6,438.292194796531
1413,11,3,7,438.292194796531
1413,17,4,8,166.7778519012675
1413,3,1,9,227.8185456971314
1414,19,4,1,442.628418945964
1414,4,3,2,47.03135423615744
1414,16,1,3,32.688458972648434
1414,9,3,4,47.03135423615744
1414,20,3,5,47.03135423615744
1414,7,1,6,32.688458972648434
1415,5,3,1,288.8592394929953
1415,2,4,2,169.11274182788526
1415,6,4,3,169.11274182788526
1415,19,4,4,169.11274182788526
1415,7,1,5,268.17878585723815
1415,3,1,6,268.17878585723815
1415,18,4,7,169.11274182788526
1416,20,3,1,250.83388925950632
1416,15,4,2,316.5443629086057
1416,12,3,3,250.83388925950632
1416,10,2,4,133.422281521014
1416,7,1,5,135.42361574382923
1417,17,4,1,166.11074049366243
1417,9,3,2,30.68712474983322
1417,13,3,3,30.68712474983322
1417,12,3,4,30.68712474983322
1417,1,3,5,30.68712474983322
1417,14,3,6,30.68712474983322
1417,2,4,7,166.11074049366243
1417,7,1,8,167.4449633088726
1418,13,3,1,146.7645096731154
1418,6,4,2,305.53702468312207
1418,18,4,3,305.53702468312207
1418,16,1,4,357.238158772515
1418,7,1,5,357.238158772515
1418,10,2,6,174.44963308872582
1418,17,4,7,305.53702468312207
1419,9,3,1,120.41360907271515
1419,11,3,2,120.41360907271515
1419,2,4,3,152.76851234156103
1419,12,3,4,120.41360907271515
1419,1,3,5,120.41360907271515
1419,15,4,6,152.76851234156103
1419,18,4,7,152.76851234156103
1420,16,1,1,309.873248832555
1420,6,4,2,337.2248165443629
1420,19,4,3,337.2248165443629
1420,13,3,4,467.97865243495664
1420,10,2,5,63.70913942628419
1420,7,1,6,309.873248832555
1420,1,3,7,467.97865243495664
1421,7,1,1,259.83989326217477
1421,2,4,2,267.51167444963306
1421,9,3,3,94.06270847231488
1421,18,4,4,267.51167444963306
1421,8,1,5,259.83989326217477
1421,15,4,6,267.51167444963306
1421,17,4,7,267.51167444963306
1421,4,3,8,94.06270847231488
1421,10,2,9,243.49566377585057
1421,1,3,10,94.06270847231488
1422,8,1,1,66.711140760507
1422,14,3,2,243.16210807204803
1422,11,3,3,243.16210807204803
1422,13,3,4,243.16210807204803
1422,1,3,5,243.16210807204803
1422,12,3,6,243.16210807204803
1423,1,3,1,87.05803869246164
1423,18,4,2,84.05603735823883
1423,11,3,3,87.05803869246164
1423,12,3,4,87.05803869246164
1423,3,1,5,44.69646430953969
1423,15,4,6,84.05603735823883
1423,7,1,7,44.69646430953969
1423,14,3,8,87.05803869246164
1423,6,4,9,84.05603735823883
1423,5,3,10,87.05803869246164
1424,2,4,1,474.64976651100733
1424,20,3,2,259.83989326217477
1424,1,3,3,259.83989326217477
1424,10,2,4,161.10740493662442
1424,8,1,5,350.5670446964643
1424,15,4,6,474.64976651100733
1424,14,3,7,259.83989326217477
1424,11,3,8,259.83989326217477
1425,18,4,1,116.74449633088726
1425,19,4,2,116.74449633088726
1425,15,4,3,116.74449633088726
1425,12,3,4,190.79386257505004
1425,3,1,5,13.3422281521014
1425,1,3,6,190.79386257505004
1425,8,1,7,13.3422281521014
1426,1,3,1,71.04736490993996
1426,12,3,2,71.04736490993996
1426,3,1,3,339.2261507671781
1426,9,3,4,71.04736490993996
1426,4,3,5,71.04736490993996
1426,19,4,6,286.19079386257505
1427,3,1,1,76.71781187458305
1427,4,3,2,428.6190793862575
1427,8,1,3,76.71781187458305
1427,18,4,4,121.41427618412274
1427,10,2,5,92.3949299533022
1428,11,3,1,370.2468312208139
1428,2,4,2,152.43495663775852
1428,12,3,3,370.2468312208139
1428,5,3,4,370.2468312208139
1428,6,4,5,152.43495663775852
1428,7,1,6,126.08405603735824
1428,8,1,7,126.08405603735824
1429,7,1,1,96.06404269513008
1429,8,1,2,96.06404269513008
1429,9,3,3,461.6410940627085
1429,13,3,4,461.6410940627085
1429,14,3,5,461.6410940627085
1429,19,4,6,190.79386257505004
1429,12,3,7,461.6410940627085
1429,2,4,8,190.79386257505004
1429,1,3,9,461.6410940627085
1429,3,1,10,96.06404269513008
1430,14,3,1,316.8779186124083
1430,18,4,2,159.77318212141427
1430,7,1,3,139.42628418945964
1430,12,3,4,316.8779186124083
1430,10,2,5,415.2768512341561
1430,19,4,6,159.77318212141427
1430,13,3,7,316.8779186124083
1430,4,3,8,316.8779186124083
1430,20,3,9,316.8779186124083
1430,1,3,10,316.8779186124083
1431,7,1,1,130.4202801867912
1431,12,3,2,115.41027351567712
1431,16,1,3,130.4202801867912
1431,1,3,4,115.41027351567712
1431,17,4,5,371.581054036024
1431,3,1,6,130.4202801867912
1432,9,3,1,395.26350900600397
1432,18,4,2,266.17745163442294
1432,4,3,3,395.26350900600397
1432,1,3,4,395.26350900600397
1432,6,4,5,266.17745163442294
1432,15,4,6,266.17745163442294
1432,10,2,7,190.4603068712475
1433,4,3,1,64.37625083388926
1433,17,4,2,318.8792528352235
1433,2,4,3,318.8792528352235
1433,3,1,4,387.5917278185457
1433,11,3,5,64.37625083388926
1433,1,3,6,64.37625083388926
1433,10,2,7,331.22081387591726
1434,17,4,1,99.39959973315544
1434,14,3,2,284.52301534356235
1434,4,3,3,284.52301534356235
1434,18,4,4,99.39959973315544
1434,9,3,5,284.52301534356235
1434,2,4,6,99.39959973315544
1434,20,3,7,284.52301534356235
1434,3,1,8,362.241494329553
1434,12,3,9,284.52301534356235
1434,1,3,10,284.52301534356235
1435,18,4,1,433.288859239493
1435,11,3,2,192.79519679786523
1435,10,2,3,483.32221480987323
1435,15,4,4,433.288859239493
1435,14,3,5,192.79519679786523
1435,20,3,6,192.79519679786523
1435,3,1,7,215.81054036024017
1435,19,4,8,433.288859239493
1436,6,4,1,8.67244829886591
1436,1,3,2,25.016677785190126
1436,2,4,3,8.67244829886591
1436,8,1,4,384.25617078052034
1436,13,3,5,25.016677785190126
1436,12,3,6,25.016677785190126
1436,14,3,7,25.016677785190126
1436,19,4,8,8.67244829886591
1437,20,3,1,476.65110073382255
1437,5,3,2,476.65110073382255
1437,19,4,3,229.15276851234157
1437,15,4,4,229.15276851234157
1437,13,3,5,476.65110073382255
1437,1,3,6,476.65110073382255
1437,16,1,7,455.9706470980654
1437,2,4,8,229.15276851234157
1438,15,4,1,485.32354903268845
1438,13,3,2,257.1714476317545
1438,20,3,3,257.1714476317545
1438,6,4,4,485.32354903268845
1438,3,1,5,173.4489659773182
1438,9,3,6,257.1714476317545
1438,12,3,7,257.1714476317545
1438,4,3,8,257.1714476317545
1439,4,3,1,179.78652434956638
1439,6,4,2,401.9346230820547
1439,9,3,3,179.78652434956638
1439,18,4,4,401.9346230820547
1439,20,3,5,179.78652434956638
1439,19,4,6,401.9346230820547
1439,17,4,7,401.9346230820547
1439,14,3,8,179.78652434956638
1439,13,3,9,179.78652434956638
1440,2,4,1,110.07338225483656
1440,12,3,2,115.74382921947965
1440,17,4,3,110.07338225483656
1440,13,3,4,115.74382921947965
1440,18,4,5,110.07338225483656
1440,4,3,6,115.74382921947965
1441,18,4,1,429.28619079386254
1441,17,4,2,429.28619079386254
1441,16,1,3,393.59573048699133
1441,5,3,4,43.69579719813209
1441,13,3,5,43.69579719813209
1442,16,1,1,354.9032688458973
1442,5,3,2,59.37291527685123
1442,6,4,3,427.2848565710474
1442,4,3,4,59.37291527685123
1442,17,4,5,427.2848565710474
1443,15,4,1,76.38425617078052
1443,7,1,2,164.10940627084722
1443,1,3,3,168.11207471647765
1443,3,1,4,164.10940627084722
1443,5,3,5,168.11207471647765
1443,11,3,6,168.11207471647765
1443,18,4,7,76.38425617078052
1443,10,2,8,285.19012675116744
1443,8,1,9,164.10940627084722
1444,12,3,1,177.45163442294864
1444,3,1,2,126.41761174116077
1444,14,3,3,177.45163442294864
1444,6,4,4,25.35023348899266
1444,10,2,5,149.09939959973315
1444,16,1,6,126.41761174116077
1444,17,4,7,25.35023348899266
1444,18,4,8,25.35023348899266
1444,4,3,9,177.45163442294864
1444,5,3,10,177.45163442294864
1445,15,4,1,34.356237491661105
1445,12,3,2,77.0513675783856
1445,16,1,3,62.37491661107405
1445,14,3,4,77.0513675783856
1445,5,3,5,77.0513675783856
1445,20,3,6,77.0513675783856
1446,11,3,1,135.09006004002669
1446,3,1,2,254.5030020013342
1446,17,4,3,151.4342895263509
1446,14,3,4,135.09006004002669
1446,5,3,5,135.09006004002669
1447,2,4,1,121.74783188792529
1447,1,3,2,201.46764509673116
1447,15,4,3,121.74783188792529
1447,17,4,4,121.74783188792529
1447,12,3,5,201.46764509673116
1447,8,1,6,72.04803202134757
1448,10,2,1,119.74649766511007
1448,11,3,2,498.6657771847899
1448,1,3,3,498.6657771847899
1448,18,4,4,18.345563709139427
1448,2,4,5,18.345563709139427
1448,5,3,6,498.6657771847899
1448,3,1,7,263.8425617078052
1448,8,1,8,263.8425617078052
1448,17,4,9,18.345563709139427
1449,8,1,1,358.90593729152766
1449,1,3,2,8.338892595063376
1449,9,3,3,8.338892595063376
1449,19,4,4,413.60907271514344
1449,3,1,5,358.90593729152766
1450,4,3,1,219.47965310206806
1450,7,1,2,292.86190793862573
1450,3,1,3,292.86190793862573
1450,8,1,4,292.86190793862573
1450,14,3,5,219.47965310206806
1450,19,4,6,300.533689126084
1451,7,1,1,112.40827218145431
1451,12,3,2,175.45030020013343
1451,20,3,3,175.45030020013343
1451,17,4,4,229.81987991994663
1451,15,4,5,229.81987991994663
1451,4,3,6,175.45030020013343
1451,2,4,7,229.81987991994663
1451,14,3,8,175.45030020013343
1451,13,3,9,175.45030020013343
1452,7,1,1,239.82655103402269
1452,19,4,2,381.2541694462975
1452,2,4,3,381.2541694462975
1452,8,1,4,239.82655103402269
1452,9,3,5,186.12408272181455
1452,10,2,6,356.57104736490993
1452,20,3,7,186.12408272181455
1453,15,4,1,275.85056704469645
1453,3,1,2,98.39893262174783
1453,4,3,3,57.70513675783856
1453,13,3,4,57.70513675783856
1453,14,3,5,57.70513675783856
1453,10,2,6,415.9439626417612
1453,12,3,7,57.70513675783856
1453,8,1,8,98.39893262174783
1453,1,3,9,57.70513675783856
1454,11,3,1,145.7638425617078
1454,16,1,2,338.89259506337555
1454,5,3,3,145.7638425617078
1454,18,4,4,202.46831220813877
1454,17,4,5,202.46831220813877
1454,7,1,6,338.89259506337555
1454,14,3,7,145.7638425617078
1455,12,3,1,110.40693795863909
1455,5,3,2,110.40693795863909
1455,20,3,3,110.40693795863909
1455,14,3,4,110.40693795863909
1455,15,4,5,134.75650433622414
1455,2,4,6,134.75650433622414
1455,4,3,7,110.40693795863909
1455,8,1,8,425.28352234823217
1455,17,4,9,134.75650433622414
1456,6,4,1,297.53168779186126
1456,17,4,2,297.53168779186126
1456,13,3,3,482.6551034022682
1456,4,3,4,482.6551034022682
1456,15,4,5,297.53168779186126
1456,18,4,6,297.53168779186126
1456,9,3,7,482.6551034022682
1456,10,2,8,427.2848565710474
1456,12,3,9,482.6551034022682
1456,2,4,10,297.53168779186126
1457,17,4,1,364.5763842561708
1457,16,1,2,431.62108072048034
1457,8,1,3,431.62108072048034
1457,5,3,4,484.98999332888593
1457,19,4,5,364.5763842561708
1457,1,3,6,484.98999332888593
1457,13,3,7,484.98999332888593
1457,6,4,8,364.5763842561708
1457,12,3,9,484.98999332888593
1457,7,1,10,431.62108072048034
1458,12,3,1,114.07605070046698
1458,8,1,2,271.847898599066
1458,18,4,3,177.78519012675116
1458,16,1,4,271.847898599066
1458,20,3,5,114.07605070046698
1458,14,3,6,114.07605070046698
1459,14,3,1,441.62775183455636
1459,5,3,2,441.62775183455636
1459,3,1,3,89.72648432288192
1459,9,3,4,441.62775183455636
1459,7,1,5,89.72648432288192
1460,3,1,1,331.88792528352235
1460,18,4,2,256.1707805203469
1460,10,2,3,223.815877251501
1460,1,3,4,343.8959306204136
1460,11,3,5,343.8959306204136
1461,18,4,1,130.4202801867912
1461,13,3,2,362.9086057371581
1461,10,2,3,472.6484322881921
1461,14,3,4,362.9086057371581
1461,8,1,5,67.04469646430954
1461,12,3,6,362.9086057371581
1461,19,4,7,130.4202801867912
1462,9,3,1,159.77318212141427
1462,12,3,2,159.77318212141427
1462,6,4,3,53.3689126084056
1462,7,1,4,53.70246831220814
1462,4,3,5,159.77318212141427
1462,8,1,6,53.70246831220814
1463,2,4,1,67.71180787191462
1463,20,3,2,242.49499666444297
1463,7,1,3,243.16210807204803
1463,19,4,4,67.71180787191462
1463,14,3,5,242.49499666444297
1463,16,1,6,243.16210807204803
1463,5,3,7,242.49499666444297
1463,18,4,8,67.71180787191462
1463,8,1,9,243.16210807204803
1463,6,4,10,67.71180787191462
1464,20,3,1,160.44029352901936
1464,9,3,2,160.44029352901936
1464,4,3,3,160.44029352901936
1464,16,1,4,133.75583722481653
1464,1,3,5,160.44029352901936
1464,19,4,6,113.07538358905937
1465,18,4,1,454.6364242828552
1465,11,3,2,325.5503669112742
1465,9,3,3,325.5503669112742
1465,15,4,4,454.6364242828552
1465,4,3,5,325.5503669112742
1465,20,3,6,325.5503669112742
1465,3,1,7,234.15610406937958
1466,2,4,1,279.1861240827218
1466,19,4,2,279.1861240827218
1466,11,3,3,491.99466310873913
1466,4,3,4,491.99466310873913
1466,9,3,5,491.99466310873913
1466,17,4,6,279.1861240827218
1466,16,1,7,376.58438959306204
1467,20,3,1,449.29953302201466
1467,14,3,2,449.29953302201466
1467,15,4,3,295.53035356904604
1467,5,3,4,449.29953302201466
1467,19,4,5,295.53035356904604
1467,7,1,6,188.45897264843228
1468,9,3,1,408.2721814543029
1468,11,3,2,408.2721814543029
1468,17,4,3,129.08605737158106
1468,1,3,4,408.2721814543029
1468,2,4,5,129.08605737158106
1468,4,3,6,408.2721814543029
1468,13,3,7,408.2721814543029
1468,15,4,8,129.08605737158106
1469,19,4,1,410.2735156771181
1469,1,3,2,337.5583722481654
1469,5,3,3,337.5583722481654
1469,17,4,4,410.2735156771181
1469,14,3,5,337.5583722481654
1469,2,4,6,410.2735156771181
1469,8,1,7,340.56037358238825
1470,4,3,1,433.288859239493
1470,10,2,2,233.15543695797197
1470,14,3,3,433.288859239493
1470,5,3,4,433.288859239493
1470,15,4,5,324.8832555036691
1470,1,3,6,433.288859239493
1470,7,1,7,341.8945963975984
1471,10,2,1,140.42695130086724
1471,7,1,2,470.6470980653769
1471,6,4,3,486.99132755170115
1471,4,3,4,442.628418945964
1471,18,4,5,486.99132755170115
1471,2,4,6,486.99132755170115
1471,20,3,7,442.628418945964
1471,16,1,8,470.6470980653769
1472,6,4,1,332.88859239492996
1472,20,3,2,449.63308872581723
1472,16,1,3,368.24549699799866
1472,12,3,4,449.63308872581723
1472,10,2,5,63.37558372248165
1472,18,4,6,332.88859239492996
1472,19,4,7,332.88859239492996
1472,8,1,8,368.24549699799866
1472,3,1,9,368.24549699799866
1473,5,3,1,220.14676450967312
1473,20,3,2,220.14676450967312
1473,1,3,3,220.14676450967312
1473,7,1,4,68.37891927951968
1473,6,4,5,300.8672448298866
1473,17,4,6,300.8672448298866
1474,19,4,1,289.1927951967979
1474,14,3,2,164.44296197464976
1474,12,3,3,164.44296197464976
1474,8,1,4,11.34089392928619
1474,1,3,5,164.44296197464976
1474,3,1,6,11.34089392928619
1475,13,3,1,259.50633755837225
1475,16,1,2,258.50567044696464
1475,17,4,3,307.5383589059373
1475,6,4,4,307.5383589059373
1475,4,3,5,259.50633755837225
1476,16,1,1,169.44629753168778
1476,5,3,2,352.90193462308207
1476,1,3,3,352.90193462308207
1476,4,3,4,352.90193462308207
1476,20,3,5,352.90193462308207
1477,18,4,1,51.70113408939293
1477,3,1,2,483.9893262174783
1477,13,3,3,89.05937291527685
1477,6,4,4,51.70113408939293
1477,15,4,5,51.70113408939293
1477,16,1,6,483.9893262174783
1477,12,3,7,89.05937291527685
1477,14,3,8,89.05937291527685
1477,5,3,9,89.05937291527685
1478,18,4,1,228.15210140093396
1478,20,3,2,143.7625083388926
1478,7,1,3,318.5456971314209
1478,15,4,4,228.15210140093396
1478,5,3,5,143.7625083388926
1478,19,4,6,228.15210140093396
1478,3,1,7,318.5456971314209
1479,19,4,1,329.88659106070713
1479,12,3,2,293.5290193462308
1479,6,4,3,329.88659106070713
1479,3,1,4,463.6424282855237
1479,5,3,5,293.5290193462308
1479,20,3,6,293.5290193462308
1479,18,4,7,329.88659106070713
1480,14,3,1,361.9079386257505
1480,8,1,2,30.353569046030685
1480,13,3,3,361.9079386257505
1480,16,1,4,30.353569046030685
1480,12,3,5,361.9079386257505
1480,2,4,6,384.25617078052034
1481,4,3,1,158.77251501000666
1481,8,1,2,454.6364242828552
1481,13,3,3,158.77251501000666
1481,19,4,4,20.0133422281521
1481,16,1,5,454.6364242828552
1481,9,3,6,158.77251501000666
1481,1,3,7,158.77251501000666
1482,6,4,1,415.2768512341561
1482,3,1,2,299.1994663108739
1482,13,3,3,346.5643762508339
1482,8,1,4,299.1994663108739
1482,1,3,5,346.5643762508339
1482,7,1,6,299.1994663108739
1483,3,1,1,188.12541694462976
1483,16,1,2,188.12541694462976
1483,19,4,3,225.8172114743162
1483,13,3,4,231.4876584389593
1483,12,3,5,231.4876584389593
1483,6,4,6,225.8172114743162
1484,18,4,1,64.70980653769179
1484,19,4,2,64.70980653769179
1484,2,4,3,64.70980653769179
1484,9,3,4,426.2841894596398
1484,3,1,5,456.63775850567043
1484,17,4,6,64.70980653769179
1484,6,4,7,64.70980653769179
1485,10,2,1,390.260173448966
1485,14,3,2,383.58905937291524
1485,9,3,3,383.58905937291524
1485,4,3,4,383.58905937291524
1485,3,1,5,258.83922615076716
1485,1,3,6,383.58905937291524
1485,13,3,7,383.58905937291524
1486,9,3,1,171.11407605070048
1486,5,3,2,171.11407605070048
1486,16,1,3,80.38692461641094
1486,19,4,4,168.11207471647765
1486,1,3,5,171.11407605070048
1487,3,1,1,4.336224149432955
1487,5,3,2,329.21947965310204
1487,20,3,3,329.21947965310204
1487,4,3,4,329.21947965310204
1487,16,1,5,4.336224149432955
1488,13,3,1,22.348232154769846
1488,1,3,2,22.348232154769846
1488,7,1,3,105.07004669779853
1488,17,4,4,127.75183455637091
1488,9,3,5,22.348232154769846
1488,14,3,6,22.348232154769846
1488,8,1,7,105.07004669779853
1488,15,4,8,127.75183455637091
1488,10,2,9,437.62508338892593
1489,13,3,1,13.3422281521014
1489,5,3,2,13.3422281521014
1489,6,4,3,464.3095396931287
1489,15,4,4,464.3095396931287
1489,20,3,5,13.3422281521014
1490,10,2,1,499.3328885923949
1490,15,4,2,245.16344229486324
1490,18,4,3,245.16344229486324
1490,7,1,4,129.08605737158106
1490,12,3,5,73.71581054036024
1490,5,3,6,73.71581054036024
1490,11,3,7,73.71581054036024
1490,20,3,8,73.71581054036024
1490,14,3,9,73.71581054036024
1490,8,1,10,129.08605737158106
1491,15,4,1,447.29819879919944
1491,4,3,2,111.07404936624417
1491,2,4,3,447.29819879919944
1491,8,1,4,432.62174783188794
1491,6,4,5,447.29819879919944
1491,19,4,6,447.29819879919944
1491,1,3,7,111.07404936624417
1491,3,1,8,432.62174783188794
1491,11,3,9,111.07404936624417
1492,17,4,1,219.1460973982655
1492,10,2,2,232.4883255503669
1492,12,3,3,333.555703802535
1492,1,3,4,333.555703802535
1492,16,1,5,55.37024683122081
1492,15,4,6,219.1460973982655
1492,19,4,7,219.1460973982655
1493,8,1,1,280.1867911941294
1493,20,3,2,273.5156771180787
1493,14,3,3,273.5156771180787
1493,18,4,4,263.5090060040027
1493,16,1,5,280.1867911941294
1493,13,3,6,273.5156771180787
1493,10,2,7,38.02535023348899
1494,11,3,1,408.9392928619079
1494,1,3,2,408.9392928619079
1494,12,3,3,408.9392928619079
1494,7,1,4,6.6711140760507
1494,14,3,5,408.9392928619079
1494,15,4,6,285.85723815877253
1494,2,4,7,285.85723815877253
1494,9,3,8,408.9392928619079
1495,18,4,1,123.41561040693796
1495,13,3,2,29.35290193462308
1495,2,4,3,123.41561040693796
1495,9,3,4,29.35290193462308
1495,6,4,5,123.41561040693796
1495,11,3,6,29.35290193462308
1495,15,4,7,123.41561040693796
1495,14,3,8,29.35290193462308
1495,8,1,9,215.47698465643762
1496,19,4,1,131.75450300200134
1496,1,3,2,273.1821214142762
1496,12,3,3,273.1821214142762
1496,6,4,4,131.75450300200134
1496,15,4,5,131.75450300200134
1497,6,4,1,400.60040026684453
1497,2,4,2,400.60040026684453
1497,15,4,3,400.60040026684453
1497,4,3,4,466.6444296197465
1497,14,3,5,466.6444296197465
1497,7,1,6,277.1847898599066
1497,20,3,7,466.6444296197465
1497,5,3,8,466.6444296197465
1497,18,4,9,400.60040026684453
1498,8,1,1,422.61507671781186
1498,20,3,2,224.14943295530352
1498,11,3,3,224.14943295530352
1498,10,2,4,354.5697131420947
1498,9,3,5,224.14943295530352
1498,5,3,6,224.14943295530352
1499,5,3,1,106.40426951300867
1499,19,4,2,197.46497665110073
1499,10,2,3,379.2528352234823
1499,18,4,4,197.46497665110073
1499,8,1,5,187.45830553702467
1499,17,4,6,197.46497665110073
1499,20,3,7,106.40426951300867
1499,9,3,8,106.40426951300867
1500,19,4,1,453.3022014676451
1500,8,1,2,319.212808539026
1500,18,4,3,453.3022014676451
1500,7,1,4,319.212808539026
1500,2,4,5,453.3022014676451
1500,6,4,6,453.3022014676451
1500,10,2,7,197.46497665110073
1500,9,3,8,88.05870580386924
1500,5,3,9,88.05870580386924
