student_id,college_id,subject_id,rank,score
1,4,3,1,120
1,3,3,2,120
1,14,2,3,90
1,20,1,4,360
1,9,4,5,70
2,17,3,1,340
2,4,3,2,340
2,5,1,3,90
2,12,2,4,420
2,11,4,5,170
2,2,2,6,420
2,6,3,7,340
3,4,3,1,10
3,15,1,2,380
3,2,2,3,130
3,11,4,4,460
3,1,3,5,10
4,18,4,1,110
4,19,2,2,170
4,14,2,3,170
4,9,4,4,110
4,20,1,5,340
4,16,2,6,170
4,1,3,7,450
5,17,3,1,340
5,16,2,2,460
5,18,4,3,350
5,13,3,4,340
5,14,2,5,460
6,6,3,1,320
6,8,2,2,380
6,2,2,3,380
6,9,4,4,330
6,7,3,5,320
6,11,4,6,330
6,16,2,7,380
6,3,3,8,320
6,17,3,9,320
6,18,4,10,330
7,10,3,1,160
7,17,3,2,160
7,13,3,3,160
7,2,2,4,170
7,18,4,5,460
7,8,2,6,170
8,13,3,1,470
8,8,2,2,290
8,15,1,3,210
8,16,2,4,290
8,2,2,5,290
8,20,1,6,210
8,4,3,7,470
8,3,3,8,470
8,1,3,9,470
9,9,4,1,180
9,12,2,2,220
9,13,3,3,90
9,3,3,4,90
9,20,1,5,110
9,7,3,6,90
9,19,2,7,220
9,17,3,8,90
9,1,3,9,90
10,12,2,1,90
10,1,3,2,470
10,19,2,3,90
10,17,3,4,470
10,18,4,5,280
10,2,2,6,90
10,14,2,7,90
10,11,4,8,280
11,5,1,1,410
11,18,4,2,70
11,11,4,3,70
11,13,3,4,130
11,2,2,5,420
11,3,3,6,130
11,10,3,7,130
11,7,3,8,130
11,17,3,9,130
11,20,1,10,410
12,13,3,1,300
12,14,2,2,320
12,12,2,3,320
12,1,3,4,300
12,15,1,5,290
12,5,1,6,290
12,11,4,7,460
12,17,3,8,300
12,19,2,9,320
12,16,2,10,320
13,8,2,1,180
13,12,2,2,180
13,15,1,3,480
13,4,3,4,120
13,10,3,5,120
13,17,3,6,120
13,18,4,7,390
14,7,3,1,10
14,9,4,2,100
14,3,3,3,10
14,17,3,4,10
14,2,2,5,440
14,13,3,6,10
14,4,3,7,10
15,20,1,1,160
15,3,3,2,130
15,19,2,3,210
15,11,4,4,180
15,5,1,5,160
16,16,2,1,160
16,9,4,2,200
16,1,3,3,430
16,4,3,4,430
16,10,3,5,430
16,11,4,6,200
16,3,3,7,430
16,7,3,8,430
16,18,4,9,200
16,13,3,10,430
17,12,2,1,150
17,15,1,2,100
17,14,2,3,150
17,7,3,4,130
17,6,3,5,130
17,11,4,6,80
17,13,3,7,130
18,2,2,1,320
18,13,3,2,10
18,9,4,3,200
18,17,3,4,10
18,6,3,5,10
18,5,1,6,320
18,15,1,7,320
18,12,2,8,320
19,11,4,1,450
19,13,3,2,270
19,16,2,3,200
19,4,3,4,270
19,15,1,5,60
19,5,1,6,60
19,10,3,7,270
19,18,4,8,450
19,8,2,9,200
20,1,3,1,340
20,8,2,2,140
20,14,2,3,140
20,16,2,4,140
20,4,3,5,340
20,5,1,6,330
21,10,3,1,200
21,16,2,2,50
21,20,1,3,410
21,8,2,4,50
21,15,1,5,410
21,2,2,6,50
21,12,2,7,50
22,14,2,1,80
22,1,3,2,80
22,20,1,3,310
22,18,4,4,170
22,6,3,5,80
22,12,2,6,80
22,10,3,7,80
23,4,3,1,210
23,14,2,2,390
23,8,2,3,390
23,7,3,4,210
23,16,2,5,390
23,10,3,6,210
23,6,3,7,210
23,17,3,8,210
23,5,1,9,390
24,7,3,1,260
24,20,1,2,270
24,13,3,3,260
24,2,2,4,70
24,19,2,5,70
24,14,2,6,70
24,4,3,7,260
24,15,1,8,270
24,10,3,9,260
24,11,4,10,10
25,3,3,1,300
25,17,3,2,300
25,1,3,3,300
25,7,3,4,300
25,13,3,5,300
25,20,1,6,200
26,6,3,1,60
26,16,2,2,180
26,4,3,3,60
26,20,1,4,140
26,19,2,5,180
26,10,3,6,60
26,11,4,7,320
26,5,1,8,140
26,14,2,9,180
26,18,4,10,320
27,5,1,1,480
27,7,3,2,400
27,19,2,3,410
27,13,3,4,400
27,14,2,5,410
27,8,2,6,410
27,2,2,7,410
27,1,3,8,400
27,18,4,9,140
28,6,3,1,390
28,5,1,2,270
28,15,1,3,270
28,12,2,4,460
28,18,4,5,440
28,17,3,6,390
28,1,3,7,390
29,3,3,1,240
29,6,3,2,240
29,13,3,3,240
29,18,4,4,340
29,8,2,5,180
29,14,2,6,180
29,19,2,7,180
29,7,3,8,240
29,11,4,9,340
30,1,3,1,30
30,2,2,2,310
30,7,3,3,30
30,13,3,4,30
30,15,1,5,410
30,14,2,6,310
31,4,3,1,190
31,8,2,2,160
31,2,2,3,160
31,12,2,4,160
31,15,1,5,250
31,7,3,6,190
32,2,2,1,120
32,8,2,2,120
32,1,3,3,420
32,12,2,4,120
32,13,3,5,420
32,9,4,6,240
32,11,4,7,240
33,18,4,1,490
33,3,3,2,110
33,14,2,3,390
33,6,3,4,110
33,7,3,5,110
33,11,4,6,490
33,9,4,7,490
33,12,2,8,390
33,1,3,9,110
34,13,3,1,180
34,20,1,2,180
34,11,4,3,380
34,3,3,4,180
34,10,3,5,180
34,2,2,6,200
34,8,2,7,200
34,14,2,8,200
34,6,3,9,180
34,12,2,10,200
35,18,4,1,140
35,12,2,2,50
35,6,3,3,390
35,13,3,4,390
35,10,3,5,390
35,1,3,6,390
35,5,1,7,70
35,16,2,8,50
36,19,2,1,250
36,3,3,2,450
36,4,3,3,450
36,5,1,4,360
36,9,4,5,380
37,11,4,1,160
37,20,1,2,370
37,14,2,3,390
37,3,3,4,470
37,9,4,5,160
37,4,3,6,470
38,15,1,1,150
38,8,2,2,340
38,4,3,3,140
38,17,3,4,140
38,1,3,5,140
38,3,3,6,140
38,20,1,7,150
38,13,3,8,140
39,7,3,1,280
39,13,3,2,280
39,17,3,3,280
39,8,2,4,270
39,14,2,5,270
39,2,2,6,270
39,5,1,7,200
39,1,3,8,280
40,1,3,1,490
40,13,3,2,490
40,9,4,3,350
40,4,3,4,490
40,2,2,5,120
41,4,3,1,310
41,17,3,2,310
41,1,3,3,310
41,10,3,4,310
41,11,4,5,90
41,14,2,6,120
41,5,1,7,270
41,18,4,8,90
41,7,3,9,310
42,15,1,1,250
42,17,3,2,80
42,13,3,3,80
42,7,3,4,80
42,12,2,5,80
42,3,3,6,80
42,8,2,7,80
42,10,3,8,80
42,14,2,9,80
43,15,1,1,240
43,1,3,2,140
43,2,2,3,240
43,4,3,4,140
43,5,1,5,240
43,7,3,6,140
43,19,2,7,240
43,12,2,8,240
43,20,1,9,240
43,8,2,10,240
44,2,2,1,240
44,7,3,2,190
44,10,3,3,190
44,18,4,4,390
44,5,1,5,350
45,18,4,1,50
45,17,3,2,200
45,20,1,3,450
45,14,2,4,330
45,6,3,5,200
45,1,3,6,200
45,3,3,7,200
46,8,2,1,380
46,12,2,2,380
46,11,4,3,380
46,1,3,4,400
46,18,4,5,380
46,15,1,6,430
46,16,2,7,380
46,13,3,8,400
46,6,3,9,400
46,10,3,10,400
47,14,2,1,60
47,10,3,2,180
47,7,3,3,180
47,4,3,4,180
47,12,2,5,60
47,17,3,6,180
47,3,3,7,180
47,6,3,8,180
48,5,1,1,120
48,14,2,2,220
48,6,3,3,50
48,16,2,4,220
48,15,1,5,120
48,13,3,6,50
48,17,3,7,50
48,18,4,8,310
48,11,4,9,310
48,20,1,10,120
49,8,2,1,430
49,5,1,2,40
49,13,3,3,470
49,19,2,4,430
49,6,3,5,470
49,9,4,6,0
50,4,3,1,340
50,15,1,2,180
50,9,4,3,340
50,2,2,4,320
50,5,1,5,180
50,12,2,6,320
50,17,3,7,340
50,7,3,8,340
51,15,1,1,350
51,2,2,2,90
51,12,2,3,90
51,4,3,4,110
51,20,1,5,350
51,6,3,6,110
51,1,3,7,110
52,2,2,1,20
52,7,3,2,480
52,5,1,3,180
52,20,1,4,180
52,15,1,5,180
52,14,2,6,20
52,11,4,7,460
52,6,3,8,480
52,4,3,9,480
52,8,2,10,20
53,2,2,1,240
53,4,3,2,400
53,7,3,3,400
53,8,2,4,240
53,10,3,5,400
53,5,1,6,20
53,1,3,7,400
54,16,2,1,210
54,8,2,2,210
54,2,2,3,210
54,11,4,4,380
54,12,2,5,210
54,14,2,6,210
55,4,3,1,200
55,3,3,2,200
55,7,3,3,200
55,12,2,4,380
55,9,4,5,330
56,5,1,1,310
56,15,1,2,310
56,14,2,3,390
56,19,2,4,390
56,20,1,5,310
56,1,3,6,440
56,2,2,7,390
56,17,3,8,440
57,7,3,1,300
57,1,3,2,300
57,15,1,3,300
57,9,4,4,420
57,6,3,5,300
57,20,1,6,300
57,4,3,7,300
58,12,2,1,470
58,11,4,2,440
58,10,3,3,160
58,2,2,4,470
58,16,2,5,470
58,8,2,6,470
59,19,2,1,440
59,18,4,2,490
59,20,1,3,10
59,16,2,4,440
59,8,2,5,440
59,4,3,6,120
59,10,3,7,120
59,6,3,8,120
59,13,3,9,120
59,14,2,10,440
60,4,3,1,400
60,11,4,2,10
60,1,3,3,400
60,18,4,4,10
60,5,1,5,460
60,17,3,6,400
60,20,1,7,460
60,13,3,8,400
61,14,2,1,380
61,15,1,2,0
61,7,3,3,130
61,17,3,4,130
61,6,3,5,130
61,8,2,6,380
61,20,1,7,0
61,12,2,8,380
61,10,3,9,130
62,5,1,1,50
62,12,2,2,380
62,10,3,3,430
62,18,4,4,140
62,7,3,5,430
62,19,2,6,380
63,19,2,1,120
63,16,2,2,120
63,2,2,3,120
63,15,1,4,420
63,20,1,5,420
63,13,3,6,20
63,10,3,7,20
63,7,3,8,20
63,4,3,9,20
64,12,2,1,200
64,8,2,2,200
64,3,3,3,70
64,7,3,4,70
64,2,2,5,200
65,2,2,1,130
65,4,3,2,270
65,18,4,3,450
65,17,3,4,270
65,8,2,5,130
66,1,3,1,140
66,15,1,2,300
66,5,1,3,300
66,10,3,4,140
66,12,2,5,170
66,13,3,6,140
67,3,3,1,270
67,5,1,2,50
67,11,4,3,410
67,17,3,4,270
67,9,4,5,410
67,7,3,6,270
67,15,1,7,50
67,8,2,8,0
67,10,3,9,270
68,10,3,1,400
68,16,2,2,370
68,1,3,3,400
68,13,3,4,400
68,6,3,5,400
69,4,3,1,340
69,15,1,2,430
69,17,3,3,340
69,12,2,4,130
69,10,3,5,340
69,19,2,6,130
69,18,4,7,300
69,20,1,8,430
69,9,4,9,300
69,3,3,10,340
70,10,3,1,0
70,8,2,2,140
70,4,3,3,0
70,14,2,4,140
70,3,3,5,0
70,17,3,6,0
70,13,3,7,0
71,10,3,1,370
71,15,1,2,0
71,2,2,3,90
71,17,3,4,370
71,20,1,5,0
71,6,3,6,370
71,4,3,7,370
71,16,2,8,90
72,17,3,1,120
72,19,2,2,490
72,1,3,3,120
72,12,2,4,490
72,15,1,5,60
73,8,2,1,280
73,7,3,2,90
73,11,4,3,330
73,12,2,4,280
73,15,1,5,130
73,5,1,6,130
74,13,3,1,340
74,12,2,2,140
74,4,3,3,340
74,20,1,4,140
74,17,3,5,340
74,8,2,6,140
74,1,3,7,340
74,18,4,8,250
74,14,2,9,140
75,15,1,1,470
75,2,2,2,240
75,13,3,3,390
75,1,3,4,390
75,5,1,5,470
75,8,2,6,240
75,11,4,7,310
75,14,2,8,240
75,20,1,9,470
75,3,3,10,390
76,14,2,1,440
76,13,3,2,170
76,2,2,3,440
76,12,2,4,440
76,18,4,5,380
76,16,2,6,440
76,17,3,7,170
76,5,1,8,100
77,5,1,1,480
77,12,2,2,330
77,8,2,3,330
77,14,2,4,330
77,6,3,5,470
77,13,3,6,470
77,3,3,7,470
77,9,4,8,360
77,10,3,9,470
77,16,2,10,330
78,19,2,1,320
78,16,2,2,320
78,1,3,3,10
78,12,2,4,320
78,5,1,5,350
78,4,3,6,10
78,7,3,7,10
78,18,4,8,250
78,2,2,9,320
79,13,3,1,20
79,19,2,2,400
79,11,4,3,180
79,17,3,4,20
79,7,3,5,20
79,18,4,6,180
79,1,3,7,20
80,11,4,1,240
80,20,1,2,390
80,3,3,3,430
80,4,3,4,430
80,18,4,5,240
80,13,3,6,430
80,5,1,7,390
81,13,3,1,490
81,11,4,2,260
81,2,2,3,310
81,12,2,4,310
81,1,3,5,490
82,14,2,1,320
82,8,2,2,320
82,17,3,3,420
82,6,3,4,420
82,7,3,5,420
82,10,3,6,420
82,15,1,7,240
83,9,4,1,420
83,6,3,2,0
83,12,2,3,200
83,15,1,4,220
83,19,2,5,200
83,8,2,6,200
83,17,3,7,0
84,2,2,1,120
84,7,3,2,220
84,6,3,3,220
84,4,3,4,220
84,11,4,5,160
84,12,2,6,120
84,1,3,7,220
84,15,1,8,260
84,13,3,9,220
84,16,2,10,120
85,17,3,1,350
85,7,3,2,350
85,19,2,3,490
85,6,3,4,350
85,8,2,5,490
85,1,3,6,350
85,3,3,7,350
85,4,3,8,350
86,13,3,1,210
86,9,4,2,180
86,18,4,3,180
86,16,2,4,10
86,15,1,5,80
86,14,2,6,10
86,4,3,7,210
86,6,3,8,210
86,10,3,9,210
87,2,2,1,400
87,3,3,2,490
87,13,3,3,490
87,16,2,4,400
87,1,3,5,490
88,7,3,1,0
88,1,3,2,0
88,8,2,3,300
88,19,2,4,300
88,2,2,5,300
88,9,4,6,490
88,18,4,7,490
88,16,2,8,300
88,14,2,9,300
88,20,1,10,480
89,12,2,1,410
89,20,1,2,460
89,4,3,3,460
89,2,2,4,410
89,18,4,5,420
89,14,2,6,410
89,11,4,7,420
89,8,2,8,410
89,19,2,9,410
90,20,1,1,370
90,13,3,2,430
90,3,3,3,430
90,8,2,4,180
90,6,3,5,430
90,9,4,6,410
91,12,2,1,160
91,4,3,2,480
91,9,4,3,460
91,19,2,4,160
91,8,2,5,160
92,3,3,1,350
92,17,3,2,350
92,14,2,3,300
92,13,3,4,350
92,4,3,5,350
92,9,4,6,480
92,10,3,7,350
92,6,3,8,350
92,8,2,9,300
92,18,4,10,480
93,12,2,1,70
93,13,3,2,10
93,9,4,3,120
93,1,3,4,10
93,7,3,5,10
93,15,1,6,430
93,17,3,7,10
93,18,4,8,120
94,2,2,1,210
94,15,1,2,20
94,19,2,3,210
94,14,2,4,210
94,1,3,5,160
94,3,3,6,160
94,9,4,7,150
94,10,3,8,160
94,5,1,9,20
95,10,3,1,150
95,5,1,2,290
95,19,2,3,10
95,11,4,4,430
95,17,3,5,150
95,15,1,6,290
95,18,4,7,430
95,16,2,8,10
96,16,2,1,230
96,19,2,2,230
96,8,2,3,230
96,15,1,4,400
96,13,3,5,220
97,1,3,1,80
97,4,3,2,80
97,15,1,3,440
97,19,2,4,130
97,13,3,5,80
97,18,4,6,480
97,8,2,7,130
97,3,3,8,80
97,20,1,9,440
97,11,4,10,480
98,5,1,1,360
98,20,1,2,360
98,19,2,3,170
98,11,4,4,130
98,10,3,5,320
99,13,3,1,360
99,2,2,2,50
99,12,2,3,50
99,17,3,4,360
99,19,2,5,50
99,7,3,6,360
100,14,2,1,0
100,18,4,2,300
100,3,3,3,10
100,7,3,4,10
100,11,4,5,300
100,4,3,6,10
100,19,2,7,0
100,15,1,8,350
101,18,4,1,340
101,14,2,2,30
101,16,2,3,30
101,12,2,4,30
101,3,3,5,470
101,13,3,6,470
101,8,2,7,30
102,1,3,1,350
102,15,1,2,90
102,5,1,3,90
102,10,3,4,350
102,14,2,5,210
102,4,3,6,350
102,19,2,7,210
102,8,2,8,210
102,6,3,9,350
102,13,3,10,350
103,1,3,1,440
103,20,1,2,190
103,6,3,3,440
103,15,1,4,190
103,3,3,5,440
103,14,2,6,440
103,9,4,7,190
103,19,2,8,440
103,2,2,9,440
103,7,3,10,440
104,16,2,1,130
104,14,2,2,130
104,9,4,3,460
104,4,3,4,310
104,1,3,5,310
104,18,4,6,460
105,20,1,1,490
105,3,3,2,170
105,6,3,3,170
105,7,3,4,170
105,10,3,5,170
105,19,2,6,40
105,1,3,7,170
105,18,4,8,440
105,8,2,9,40
106,7,3,1,220
106,11,4,2,270
106,3,3,3,220
106,16,2,4,370
106,19,2,5,370
106,6,3,6,220
107,15,1,1,130
107,16,2,2,220
107,10,3,3,500
107,8,2,4,220
107,2,2,5,220
107,7,3,6,500
107,14,2,7,220
107,4,3,8,500
107,20,1,9,130
107,19,2,10,220
108,9,4,1,180
108,13,3,2,390
108,11,4,3,180
108,5,1,4,360
108,14,2,5,300
108,12,2,6,300
108,17,3,7,390
108,7,3,8,390
108,6,3,9,390
109,14,2,1,60
109,11,4,2,450
109,13,3,3,50
109,10,3,4,50
109,12,2,5,60
110,13,3,1,460
110,6,3,2,460
110,19,2,3,480
110,12,2,4,480
110,4,3,5,460
110,18,4,6,260
110,1,3,7,460
110,3,3,8,460
110,14,2,9,480
110,16,2,10,480
111,6,3,1,360
111,5,1,2,40
111,15,1,3,40
111,2,2,4,120
111,18,4,5,240
111,16,2,6,120
111,17,3,7,360
112,20,1,1,270
112,9,4,2,170
112,15,1,3,270
112,3,3,4,160
112,7,3,5,160
112,2,2,6,80
112,19,2,7,80
113,14,2,1,350
113,11,4,2,360
113,17,3,3,10
113,9,4,4,360
113,6,3,5,10
113,18,4,6,360
113,4,3,7,10
114,9,4,1,30
114,6,3,2,50
114,16,2,3,450
114,2,2,4,450
114,14,2,5,450
115,5,1,1,400
115,6,3,2,90
115,18,4,3,290
115,16,2,4,370
115,12,2,5,370
115,17,3,6,90
116,9,4,1,80
116,17,3,2,480
116,11,4,3,80
116,7,3,4,480
116,5,1,5,300
116,8,2,6,490
116,16,2,7,490
117,16,2,1,490
117,12,2,2,490
117,19,2,3,490
117,20,1,4,430
117,10,3,5,230
117,13,3,6,230
117,17,3,7,230
117,1,3,8,230
117,14,2,9,490
118,4,3,1,170
118,6,3,2,170
118,16,2,3,240
118,10,3,4,170
118,19,2,5,240
118,3,3,6,170
118,17,3,7,170
119,19,2,1,200
119,4,3,2,460
119,3,3,3,460
119,8,2,4,200
119,2,2,5,200
119,14,2,6,200
119,12,2,7,200
120,19,2,1,370
120,16,2,2,370
120,13,3,3,320
120,20,1,4,410
120,2,2,5,370
120,18,4,6,330
120,4,3,7,320
120,1,3,8,320
120,6,3,9,320
121,8,2,1,330
121,17,3,2,340
121,4,3,3,340
121,10,3,4,340
121,9,4,5,90
121,14,2,6,330
122,17,3,1,420
122,14,2,2,80
122,19,2,3,80
122,1,3,4,420
122,16,2,5,80
122,5,1,6,460
122,15,1,7,460
123,10,3,1,270
123,17,3,2,270
123,3,3,3,270
123,8,2,4,80
123,2,2,5,80
123,13,3,6,270
124,14,2,1,260
124,8,2,2,260
124,6,3,3,70
124,4,3,4,70
124,16,2,5,260
124,20,1,6,410
125,12,2,1,390
125,13,3,2,0
125,4,3,3,0
125,8,2,4,390
125,2,2,5,390
125,3,3,6,0
126,3,3,1,460
126,18,4,2,300
126,1,3,3,460
126,13,3,4,460
126,7,3,5,460
126,11,4,6,300
126,6,3,7,460
126,12,2,8,210
126,15,1,9,340
127,13,3,1,60
127,5,1,2,480
127,19,2,3,140
127,3,3,4,60
127,16,2,5,140
127,11,4,6,270
128,3,3,1,50
128,13,3,2,50
128,16,2,3,200
128,11,4,4,300
128,2,2,5,200
128,6,3,6,50
128,14,2,7,200
128,1,3,8,50
128,8,2,9,200
128,18,4,10,300
129,5,1,1,320
129,20,1,2,320
129,15,1,3,320
129,3,3,4,40
129,6,3,5,40
129,4,3,6,40
129,12,2,7,10
130,3,3,1,340
130,5,1,2,370
130,13,3,3,340
130,18,4,4,80
130,10,3,5,340
130,9,4,6,80
131,8,2,1,230
131,2,2,2,230
131,15,1,3,250
131,20,1,4,250
131,5,1,5,250
131,7,3,6,330
132,10,3,1,270
132,2,2,2,430
132,7,3,3,270
132,6,3,4,270
132,1,3,5,270
133,9,4,1,300
133,11,4,2,300
133,16,2,3,460
133,2,2,4,460
133,14,2,5,460
133,15,1,6,320
133,19,2,7,460
134,6,3,1,170
134,14,2,2,0
134,3,3,3,170
134,5,1,4,300
134,13,3,5,170
134,11,4,6,210
134,19,2,7,0
134,17,3,8,170
135,20,1,1,300
135,12,2,2,400
135,16,2,3,400
135,9,4,4,220
135,17,3,5,300
135,4,3,6,300
135,19,2,7,400
135,13,3,8,300
135,18,4,9,220
136,7,3,1,400
136,5,1,2,130
136,16,2,3,310
136,3,3,4,400
136,12,2,5,310
136,8,2,6,310
136,19,2,7,310
136,1,3,8,400
136,4,3,9,400
136,2,2,10,310
137,16,2,1,320
137,6,3,2,140
137,1,3,3,140
137,19,2,4,320
137,8,2,5,320
137,7,3,6,140
137,14,2,7,320
137,2,2,8,320
138,19,2,1,70
138,11,4,2,190
138,1,3,3,320
138,9,4,4,190
138,18,4,5,190
138,12,2,6,70
138,2,2,7,70
138,5,1,8,80
139,15,1,1,450
139,11,4,2,190
139,6,3,3,270
139,5,1,4,450
139,3,3,5,270
139,8,2,6,220
139,20,1,7,450
139,12,2,8,220
139,1,3,9,270
139,9,4,10,190
140,17,3,1,20
140,6,3,2,20
140,13,3,3,20
140,9,4,4,390
140,10,3,5,20
140,14,2,6,250
140,8,2,7,250
140,12,2,8,250
140,19,2,9,250
140,16,2,10,250
141,15,1,1,410
141,1,3,2,410
141,10,3,3,410
141,13,3,4,410
141,2,2,5,360
141,11,4,6,220
141,6,3,7,410
141,7,3,8,410
141,18,4,9,220
141,16,2,10,360
142,12,2,1,170
142,20,1,2,360
142,6,3,3,370
142,16,2,4,170
142,13,3,5,370
142,9,4,6,370
142,2,2,7,170
142,17,3,8,370
142,1,3,9,370
143,7,3,1,370
143,12,2,2,60
143,9,4,3,330
143,6,3,4,370
143,5,1,5,310
143,2,2,6,60
143,8,2,7,60
143,20,1,8,310
143,17,3,9,370
144,18,4,1,450
144,8,2,2,130
144,15,1,3,340
144,5,1,4,340
144,11,4,5,450
144,7,3,6,370
144,2,2,7,130
144,10,3,8,370
144,16,2,9,130
145,10,3,1,140
145,3,3,2,140
145,2,2,3,200
145,8,2,4,200
145,17,3,5,140
145,9,4,6,370
145,12,2,7,200
145,11,4,8,370
145,20,1,9,420
146,8,2,1,170
146,3,3,2,420
146,17,3,3,420
146,13,3,4,420
146,16,2,5,170
147,13,3,1,190
147,7,3,2,190
147,18,4,3,420
147,15,1,4,490
147,16,2,5,90
148,13,3,1,10
148,8,2,2,320
148,14,2,3,320
148,5,1,4,480
148,3,3,5,10
148,12,2,6,320
148,16,2,7,320
148,15,1,8,480
148,4,3,9,10
148,17,3,10,10
149,2,2,1,130
149,17,3,2,410
149,11,4,3,160
149,3,3,4,410
149,9,4,5,160
149,13,3,6,410
149,1,3,7,410
150,17,3,1,450
150,15,1,2,420
150,11,4,3,480
150,2,2,4,0
150,7,3,5,450
150,20,1,6,420
151,18,4,1,370
151,12,2,2,360
151,8,2,3,360
151,6,3,4,400
151,3,3,5,400
151,20,1,6,470
151,15,1,7,470
152,8,2,1,10
152,10,3,2,320
152,3,3,3,320
152,11,4,4,390
152,7,3,5,320
152,14,2,6,10
152,4,3,7,320
153,4,3,1,140
153,19,2,2,230
153,10,3,3,140
153,2,2,4,230
153,14,2,5,230
153,20,1,6,250
153,7,3,7,140
153,3,3,8,140
154,12,2,1,50
154,14,2,2,50
154,5,1,3,440
154,7,3,4,460
154,10,3,5,460
154,18,4,6,60
154,17,3,7,460
154,4,3,8,460
154,20,1,9,440
154,6,3,10,460
155,16,2,1,270
155,13,3,2,30
155,9,4,3,100
155,19,2,4,270
155,17,3,5,30
155,3,3,6,30
155,12,2,7,270
155,18,4,8,100
156,16,2,1,290
156,19,2,2,290
156,5,1,3,490
156,11,4,4,200
156,8,2,5,290
156,20,1,6,490
157,17,3,1,370
157,20,1,2,70
157,9,4,3,240
157,10,3,4,370
157,18,4,5,240
157,4,3,6,370
157,8,2,7,380
157,19,2,8,380
158,11,4,1,270
158,16,2,2,80
158,15,1,3,0
158,18,4,4,270
158,1,3,5,410
159,7,3,1,270
159,6,3,2,270
159,14,2,3,340
159,12,2,4,340
159,5,1,5,200
159,8,2,6,340
159,1,3,7,270
159,11,4,8,470
159,17,3,9,270
159,20,1,10,200
160,17,3,1,150
160,4,3,2,150
160,16,2,3,280
160,11,4,4,310
160,14,2,5,280
161,7,3,1,80
161,16,2,2,20
161,15,1,3,60
161,18,4,4,480
161,6,3,5,80
161,8,2,6,20
161,3,3,7,80
161,19,2,8,20
161,14,2,9,20
161,1,3,10,80
162,8,2,1,100
162,6,3,2,220
162,1,3,3,220
162,2,2,4,100
162,9,4,5,130
162,4,3,6,220
162,18,4,7,130
162,5,1,8,220
163,6,3,1,390
163,19,2,2,130
163,20,1,3,190
163,10,3,4,390
163,18,4,5,370
163,9,4,6,370
163,13,3,7,390
163,3,3,8,390
163,5,1,9,190
164,2,2,1,170
164,19,2,2,170
164,1,3,3,120
164,5,1,4,40
164,14,2,5,170
164,8,2,6,170
164,10,3,7,120
165,14,2,1,30
165,2,2,2,30
165,4,3,3,30
165,17,3,4,30
165,8,2,5,30
165,11,4,6,80
165,18,4,7,80
165,19,2,8,30
165,1,3,9,30
165,20,1,10,370
166,1,3,1,170
166,20,1,2,450
166,14,2,3,460
166,12,2,4,460
166,6,3,5,170
166,9,4,6,90
166,8,2,7,460
167,15,1,1,70
167,18,4,2,310
167,9,4,3,310
167,3,3,4,450
167,17,3,5,450
167,7,3,6,450
167,10,3,7,450
167,11,4,8,310
167,1,3,9,450
167,14,2,10,290
168,4,3,1,270
168,3,3,2,270
168,15,1,3,460
168,1,3,4,270
168,19,2,5,280
168,18,4,6,340
168,11,4,7,340
168,10,3,8,270
168,8,2,9,280
169,1,3,1,220
169,4,3,2,220
169,7,3,3,220
169,8,2,4,350
169,18,4,5,330
169,6,3,6,220
169,16,2,7,350
169,12,2,8,350
170,13,3,1,160
170,8,2,2,480
170,19,2,3,480
170,5,1,4,490
170,18,4,5,160
170,4,3,6,160
171,11,4,1,50
171,4,3,2,100
171,19,2,3,290
171,7,3,4,100
171,15,1,5,120
172,2,2,1,430
172,4,3,2,350
172,9,4,3,200
172,15,1,4,490
172,7,3,5,350
172,19,2,6,430
172,16,2,7,430
172,10,3,8,350
172,1,3,9,350
173,2,2,1,270
173,8,2,2,270
173,20,1,3,130
173,7,3,4,220
173,9,4,5,460
173,15,1,6,130
173,1,3,7,220
173,4,3,8,220
174,19,2,1,320
174,5,1,2,260
174,4,3,3,480
174,7,3,4,480
174,17,3,5,480
174,14,2,6,320
175,1,3,1,390
175,15,1,2,420
175,4,3,3,390
175,3,3,4,390
175,2,2,5,420
175,16,2,6,420
175,6,3,7,390
175,19,2,8,420
175,5,1,9,420
176,18,4,1,140
176,2,2,2,390
176,16,2,3,390
176,14,2,4,390
176,6,3,5,280
176,15,1,6,250
176,7,3,7,280
176,20,1,8,250
176,1,3,9,280
177,5,1,1,250
177,17,3,2,380
177,13,3,3,380
177,18,4,4,150
177,12,2,5,160
177,15,1,6,250
178,10,3,1,450
178,1,3,2,450
178,20,1,3,240
178,11,4,4,50
178,15,1,5,240
178,14,2,6,430
178,5,1,7,240
178,13,3,8,450
179,20,1,1,160
179,4,3,2,130
179,2,2,3,100
179,19,2,4,100
179,13,3,5,130
180,11,4,1,410
180,19,2,2,370
180,5,1,3,200
180,8,2,4,370
180,4,3,5,210
180,3,3,6,210
180,17,3,7,210
180,2,2,8,370
180,12,2,9,370
181,20,1,1,440
181,13,3,2,280
181,9,4,3,50
181,5,1,4,440
181,4,3,5,280
182,9,4,1,380
182,3,3,2,260
182,13,3,3,260
182,14,2,4,470
182,15,1,5,470
182,17,3,6,260
182,4,3,7,260
183,14,2,1,0
183,7,3,2,190
183,11,4,3,340
183,13,3,4,190
183,6,3,5,190
183,16,2,6,0
183,15,1,7,60
183,20,1,8,60
184,2,2,1,150
184,12,2,2,150
184,7,3,3,170
184,20,1,4,480
184,16,2,5,150
184,14,2,6,150
184,13,3,7,170
185,20,1,1,0
185,16,2,2,480
185,1,3,3,380
185,15,1,4,0
185,5,1,5,0
185,6,3,6,380
186,12,2,1,120
186,8,2,2,120
186,18,4,3,310
186,1,3,4,470
186,17,3,5,470
187,6,3,1,230
187,17,3,2,230
187,11,4,3,360
187,19,2,4,220
187,2,2,5,220
187,9,4,6,360
187,12,2,7,220
187,3,3,8,230
188,11,4,1,410
188,3,3,2,50
188,20,1,3,230
188,5,1,4,230
188,14,2,5,440
189,20,1,1,210
189,18,4,2,10
189,8,2,3,460
189,16,2,4,460
189,19,2,5,460
189,11,4,6,10
189,15,1,7,210
189,1,3,8,230
189,10,3,9,230
189,2,2,10,460
190,4,3,1,190
190,6,3,2,190
190,15,1,3,190
190,13,3,4,190
190,18,4,5,260
190,7,3,6,190
191,4,3,1,460
191,1,3,2,460
191,5,1,3,90
191,17,3,4,460
191,6,3,5,460
191,13,3,6,460
192,4,3,1,470
192,5,1,2,50
192,7,3,3,470
192,8,2,4,440
192,10,3,5,470
193,6,3,1,450
193,18,4,2,160
193,12,2,3,240
193,17,3,4,450
193,8,2,5,240
194,15,1,1,130
194,3,3,2,180
194,18,4,3,300
194,10,3,4,180
194,1,3,5,180
195,12,2,1,410
195,14,2,2,410
195,3,3,3,90
195,7,3,4,90
195,2,2,5,410
195,10,3,6,90
195,19,2,7,410
195,11,4,8,470
195,1,3,9,90
195,4,3,10,90
196,17,3,1,210
196,16,2,2,70
196,7,3,3,210
196,15,1,4,300
196,11,4,5,450
196,1,3,6,210
196,20,1,7,300
196,13,3,8,210
197,5,1,1,40
197,13,3,2,170
197,10,3,3,170
197,8,2,4,150
197,11,4,5,420
197,19,2,6,150
197,7,3,7,170
198,18,4,1,370
198,13,3,2,200
198,1,3,3,200
198,19,2,4,470
198,3,3,5,200
198,4,3,6,200
198,8,2,7,470
198,7,3,8,200
199,13,3,1,70
199,9,4,2,290
199,1,3,3,70
199,8,2,4,420
199,18,4,5,290
200,7,3,1,260
200,17,3,2,260
200,14,2,3,50
200,11,4,4,190
200,15,1,5,10
200,13,3,6,260
200,8,2,7,50
200,18,4,8,190
200,19,2,9,50
200,10,3,10,260
201,2,2,1,460
201,1,3,2,440
201,20,1,3,470
201,19,2,4,460
201,9,4,5,70
202,16,2,1,150
202,12,2,2,150
202,4,3,3,160
202,8,2,4,150
202,13,3,5,160
202,15,1,6,170
202,2,2,7,150
202,11,4,8,50
202,5,1,9,170
202,7,3,10,160
203,7,3,1,240
203,14,2,2,250
203,19,2,3,250
203,15,1,4,430
203,4,3,5,240
203,3,3,6,240
204,5,1,1,70
204,17,3,2,0
204,8,2,3,30
204,16,2,4,30
204,2,2,5,30
204,6,3,6,0
204,12,2,7,30
204,18,4,8,280
205,9,4,1,350
205,2,2,2,120
205,17,3,3,150
205,4,3,4,150
205,19,2,5,120
205,15,1,6,460
205,10,3,7,150
206,11,4,1,490
206,1,3,2,420
206,15,1,3,60
206,18,4,4,490
206,10,3,5,420
206,5,1,6,60
206,19,2,7,210
206,12,2,8,210
207,4,3,1,280
207,6,3,2,280
207,15,1,3,190
207,14,2,4,40
207,11,4,5,220
207,3,3,6,280
207,5,1,7,190
207,13,3,8,280
207,9,4,9,220
207,16,2,10,40
208,10,3,1,300
208,3,3,2,300
208,7,3,3,300
208,6,3,4,300
208,14,2,5,160
208,4,3,6,300
208,11,4,7,90
208,17,3,8,300
209,10,3,1,190
209,16,2,2,370
209,20,1,3,410
209,15,1,4,410
209,3,3,5,190
209,6,3,6,190
209,14,2,7,370
209,13,3,8,190
210,19,2,1,90
210,16,2,2,90
210,5,1,3,90
210,7,3,4,430
210,9,4,5,180
210,10,3,6,430
211,17,3,1,110
211,12,2,2,140
211,11,4,3,310
211,3,3,4,110
211,5,1,5,450
211,9,4,6,310
211,13,3,7,110
212,12,2,1,280
212,10,3,2,380
212,3,3,3,380
212,19,2,4,280
212,5,1,5,390
212,20,1,6,390
212,7,3,7,380
212,11,4,8,200
212,1,3,9,380
212,6,3,10,380
213,7,3,1,300
213,14,2,2,450
213,4,3,3,300
213,6,3,4,300
213,13,3,5,300
214,4,3,1,260
214,19,2,2,130
214,13,3,3,260
214,11,4,4,330
214,15,1,5,40
214,20,1,6,40
214,2,2,7,130
215,20,1,1,120
215,12,2,2,260
215,18,4,3,10
215,13,3,4,120
215,9,4,5,10
215,17,3,6,120
215,15,1,7,120
215,16,2,8,260
215,1,3,9,120
215,7,3,10,120
216,10,3,1,310
216,18,4,2,480
216,5,1,3,440
216,12,2,4,60
216,15,1,5,440
216,2,2,6,60
216,20,1,7,440
216,11,4,8,480
216,17,3,9,310
217,16,2,1,240
217,11,4,2,30
217,15,1,3,180
217,1,3,4,400
217,18,4,5,30
218,6,3,1,190
218,1,3,2,190
218,16,2,3,400
218,2,2,4,400
218,17,3,5,190
218,11,4,6,290
219,19,2,1,350
219,13,3,2,0
219,17,3,3,0
219,3,3,4,0
219,15,1,5,280
219,7,3,6,0
220,8,2,1,470
220,14,2,2,470
220,19,2,3,470
220,5,1,4,280
220,12,2,5,470
220,13,3,6,190
220,9,4,7,130
220,11,4,8,130
220,3,3,9,190
221,4,3,1,20
221,2,2,2,60
221,7,3,3,20
221,17,3,4,20
221,20,1,5,440
221,11,4,6,30
221,18,4,7,30
221,1,3,8,20
221,14,2,9,60
221,16,2,10,60
222,17,3,1,380
222,14,2,2,280
222,3,3,3,380
222,4,3,4,380
222,10,3,5,380
222,16,2,6,280
222,2,2,7,280
223,18,4,1,290
223,17,3,2,350
223,19,2,3,90
223,11,4,4,290
223,1,3,5,350
223,20,1,6,250
223,13,3,7,350
224,9,4,1,300
224,1,3,2,320
224,18,4,3,300
224,20,1,4,90
224,15,1,5,90
224,12,2,6,410
224,3,3,7,320
224,7,3,8,320
224,5,1,9,90
225,11,4,1,360
225,3,3,2,390
225,18,4,3,360
225,5,1,4,200
225,9,4,5,360
225,16,2,6,340
225,14,2,7,340
225,2,2,8,340
225,1,3,9,390
225,4,3,10,390
226,4,3,1,30
226,7,3,2,30
226,8,2,3,0
226,18,4,4,400
226,10,3,5,30
226,9,4,6,400
227,6,3,1,130
227,17,3,2,130
227,7,3,3,130
227,20,1,4,440
227,1,3,5,130
228,15,1,1,430
228,4,3,2,140
228,16,2,3,340
228,10,3,4,140
228,3,3,5,140
228,20,1,6,430
229,11,4,1,330
229,19,2,2,50
229,10,3,3,100
229,9,4,4,330
229,1,3,5,100
229,4,3,6,100
229,13,3,7,100
230,7,3,1,90
230,8,2,2,340
230,11,4,3,290
230,16,2,4,340
230,13,3,5,90
230,18,4,6,290
230,6,3,7,90
230,5,1,8,470
230,1,3,9,90
230,3,3,10,90
231,5,1,1,340
231,14,2,2,0
231,7,3,3,120
231,8,2,4,0
231,15,1,5,340
231,6,3,6,120
232,9,4,1,80
232,19,2,2,250
232,18,4,3,80
232,6,3,4,40
232,15,1,5,100
232,2,2,6,250
232,13,3,7,40
232,5,1,8,100
233,8,2,1,450
233,7,3,2,20
233,17,3,3,20
233,12,2,4,450
233,20,1,5,380
233,10,3,6,20
233,14,2,7,450
233,1,3,8,20
233,6,3,9,20
233,18,4,10,440
234,18,4,1,110
234,8,2,2,150
234,9,4,3,110
234,5,1,4,320
234,11,4,5,110
234,4,3,6,330
235,11,4,1,220
235,16,2,2,350
235,15,1,3,110
235,20,1,4,110
235,3,3,5,10
235,1,3,6,10
235,2,2,7,350
235,17,3,8,10
235,6,3,9,10
236,16,2,1,130
236,11,4,2,460
236,1,3,3,360
236,14,2,4,130
236,17,3,5,360
236,7,3,6,360
237,17,3,1,310
237,11,4,2,260
237,14,2,3,340
237,16,2,4,340
237,10,3,5,310
237,15,1,6,60
237,19,2,7,340
237,8,2,8,340
237,13,3,9,310
237,3,3,10,310
238,14,2,1,80
238,9,4,2,390
238,11,4,3,390
238,8,2,4,80
238,3,3,5,420
238,17,3,6,420
238,20,1,7,130
238,6,3,8,420
238,1,3,9,420
238,16,2,10,80
239,14,2,1,470
239,13,3,2,480
239,18,4,3,140
239,15,1,4,190
239,1,3,5,480
239,20,1,6,190
240,13,3,1,250
240,20,1,2,480
240,15,1,3,480
240,18,4,4,250
240,12,2,5,80
240,16,2,6,80
241,10,3,1,70
241,8,2,2,390
241,17,3,3,70
241,19,2,4,390
241,18,4,5,140
242,11,4,1,440
242,10,3,2,0
242,12,2,3,150
242,1,3,4,0
242,15,1,5,60
242,8,2,6,150
242,18,4,7,440
243,10,3,1,50
243,8,2,2,410
243,2,2,3,410
243,11,4,4,30
243,14,2,5,410
243,20,1,6,120
243,13,3,7,50
243,15,1,8,120
244,1,3,1,60
244,5,1,2,390
244,6,3,3,60
244,10,3,4,60
244,18,4,5,200
244,2,2,6,390
245,4,3,1,40
245,3,3,2,40
245,9,4,3,370
245,20,1,4,200
245,5,1,5,200
245,14,2,6,90
245,8,2,7,90
246,19,2,1,480
246,10,3,2,70
246,7,3,3,70
246,17,3,4,70
246,3,3,5,70
246,9,4,6,500
246,1,3,7,70
247,19,2,1,40
247,10,3,2,460
247,4,3,3,460
247,16,2,4,40
247,8,2,5,40
248,13,3,1,0
248,3,3,2,0
248,12,2,3,30
248,6,3,4,0
248,4,3,5,0
248,2,2,6,30
249,6,3,1,250
249,11,4,2,310
249,18,4,3,310
249,1,3,4,250
249,13,3,5,250
249,12,2,6,250
250,5,1,1,220
250,14,2,2,200
250,8,2,3,200
250,20,1,4,220
250,15,1,5,220
251,5,1,1,250
251,20,1,2,250
251,7,3,3,310
251,2,2,4,300
251,13,3,5,310
252,3,3,1,70
252,4,3,2,70
252,12,2,3,480
252,14,2,4,480
252,8,2,5,480
252,15,1,6,430
252,13,3,7,70
252,19,2,8,480
253,14,2,1,0
253,1,3,2,220
253,12,2,3,0
253,8,2,4,0
253,6,3,5,220
254,4,3,1,280
254,15,1,2,270
254,2,2,3,90
254,18,4,4,460
254,11,4,5,460
254,20,1,6,270
254,5,1,7,270
254,8,2,8,90
254,17,3,9,280
255,6,3,1,350
255,12,2,2,440
255,10,3,3,350
255,4,3,4,350
255,1,3,5,350
255,18,4,6,200
255,17,3,7,350
256,13,3,1,140
256,14,2,2,0
256,12,2,3,0
256,2,2,4,0
256,20,1,5,180
256,18,4,6,310
256,4,3,7,140
256,11,4,8,310
256,15,1,9,180
257,14,2,1,210
257,13,3,2,80
257,12,2,3,210
257,2,2,4,210
257,10,3,5,80
257,18,4,6,70
257,1,3,7,80
257,11,4,8,70
257,9,4,9,70
258,17,3,1,50
258,6,3,2,50
258,11,4,3,10
258,13,3,4,50
258,20,1,5,290
258,16,2,6,340
258,8,2,7,340
258,14,2,8,340
259,9,4,1,120
259,8,2,2,70
259,19,2,3,70
259,5,1,4,300
259,7,3,5,490
259,1,3,6,490
259,15,1,7,300
259,18,4,8,120
259,4,3,9,490
260,18,4,1,350
260,8,2,2,310
260,5,1,3,340
260,17,3,4,120
260,10,3,5,120
260,1,3,6,120
260,20,1,7,340
260,14,2,8,310
260,13,3,9,120
260,19,2,10,310
261,5,1,1,340
261,4,3,2,170
261,3,3,3,170
261,11,4,4,350
261,7,3,5,170
261,15,1,6,340
261,1,3,7,170
262,10,3,1,450
262,13,3,2,450
262,20,1,3,150
262,3,3,4,450
262,4,3,5,450
262,12,2,6,10
262,2,2,7,10
262,6,3,8,450
262,1,3,9,450
262,16,2,10,10
263,18,4,1,440
263,15,1,2,400
263,10,3,3,370
263,4,3,4,370
263,11,4,5,440
264,10,3,1,170
264,16,2,2,410
264,6,3,3,170
264,19,2,4,410
264,18,4,5,130
264,15,1,6,180
264,12,2,7,410
265,10,3,1,470
265,6,3,2,470
265,2,2,3,300
265,5,1,4,190
265,9,4,5,0
265,1,3,6,470
265,7,3,7,470
265,18,4,8,0
265,16,2,9,300
266,6,3,1,100
266,4,3,2,100
266,14,2,3,480
266,9,4,4,370
266,2,2,5,480
266,8,2,6,480
266,7,3,7,100
266,13,3,8,100
267,3,3,1,270
267,12,2,2,50
267,19,2,3,50
267,10,3,4,270
267,4,3,5,270
267,5,1,6,10
267,9,4,7,290
267,1,3,8,270
267,15,1,9,10
268,9,4,1,300
268,19,2,2,370
268,20,1,3,130
268,15,1,4,130
268,5,1,5,130
268,13,3,6,230
269,6,3,1,80
269,13,3,2,80
269,5,1,3,240
269,12,2,4,130
269,7,3,5,80
269,19,2,6,130
269,20,1,7,240
270,6,3,1,360
270,1,3,2,360
270,2,2,3,280
270,5,1,4,480
270,8,2,5,280
271,14,2,1,120
271,11,4,2,160
271,19,2,3,120
271,13,3,4,220
271,17,3,5,220
271,2,2,6,120
271,6,3,7,220
272,10,3,1,110
272,17,3,2,110
272,16,2,3,140
272,6,3,4,110
272,1,3,5,110
272,18,4,6,440
272,5,1,7,350
273,10,3,1,370
273,14,2,2,240
273,20,1,3,60
273,3,3,4,370
273,6,3,5,370
274,20,1,1,110
274,13,3,2,160
274,19,2,3,340
274,3,3,4,160
274,17,3,5,160
275,15,1,1,320
275,7,3,2,120
275,14,2,3,400
275,3,3,4,120
275,12,2,5,400
275,19,2,6,400
275,11,4,7,260
276,7,3,1,150
276,5,1,2,0
276,19,2,3,140
276,12,2,4,140
276,1,3,5,150
276,10,3,6,150
276,6,3,7,150
277,12,2,1,150
277,6,3,2,330
277,14,2,3,150
277,13,3,4,330
277,9,4,5,340
277,8,2,6,150
277,4,3,7,330
277,2,2,8,150
278,11,4,1,430
278,17,3,2,160
278,10,3,3,160
278,14,2,4,360
278,2,2,5,360
278,18,4,6,430
278,8,2,7,360
278,4,3,8,160
278,15,1,9,350
278,13,3,10,160
279,11,4,1,230
279,6,3,2,260
279,3,3,3,260
279,20,1,4,220
279,19,2,5,180
280,9,4,1,300
280,20,1,2,160
280,1,3,3,330
280,14,2,4,270
280,8,2,5,270
281,13,3,1,430
281,10,3,2,430
281,16,2,3,360
281,6,3,4,430
281,18,4,5,480
281,1,3,6,430
281,5,1,7,460
281,4,3,8,430
281,19,2,9,360
281,20,1,10,460
282,7,3,1,40
282,11,4,2,190
282,6,3,3,40
282,12,2,4,320
282,8,2,5,320
282,10,3,6,40
283,7,3,1,220
283,4,3,2,220
283,13,3,3,220
283,19,2,4,340
283,16,2,5,340
283,10,3,6,220
283,9,4,7,370
283,18,4,8,370
283,17,3,9,220
283,2,2,10,340
284,5,1,1,380
284,17,3,2,430
284,16,2,3,80
284,6,3,4,430
284,2,2,5,80
284,3,3,6,430
284,20,1,7,380
284,10,3,8,430
284,1,3,9,430
285,10,3,1,370
285,20,1,2,130
285,5,1,3,130
285,14,2,4,300
285,1,3,5,370
285,16,2,6,300
285,7,3,7,370
286,16,2,1,380
286,1,3,2,360
286,11,4,3,380
286,18,4,4,380
286,10,3,5,360
286,8,2,6,380
286,3,3,7,360
287,1,3,1,410
287,18,4,2,400
287,10,3,3,410
287,3,3,4,410
287,5,1,5,480
288,4,3,1,60
288,3,3,2,60
288,2,2,3,440
288,17,3,4,60
288,6,3,5,60
288,9,4,6,380
289,20,1,1,210
289,15,1,2,210
289,5,1,3,210
289,2,2,4,300
289,3,3,5,30
289,16,2,6,300
289,13,3,7,30
289,11,4,8,480
289,18,4,9,480
290,18,4,1,120
290,13,3,2,160
290,5,1,3,230
290,19,2,4,350
290,6,3,5,160
290,8,2,6,350
290,17,3,7,160
291,9,4,1,230
291,16,2,2,70
291,2,2,3,70
291,20,1,4,400
291,1,3,5,380
291,7,3,6,380
291,6,3,7,380
291,13,3,8,380
291,4,3,9,380
291,15,1,10,400
292,13,3,1,490
292,12,2,2,350
292,3,3,3,490
292,10,3,4,490
292,15,1,5,80
292,20,1,6,80
292,8,2,7,350
292,5,1,8,80
292,19,2,9,350
293,7,3,1,70
293,18,4,2,70
293,3,3,3,70
293,1,3,4,70
293,12,2,5,430
293,15,1,6,300
293,19,2,7,430
293,8,2,8,430
293,9,4,9,70
294,17,3,1,130
294,15,1,2,420
294,3,3,3,130
294,11,4,4,490
294,16,2,5,470
294,4,3,6,130
294,9,4,7,490
294,7,3,8,130
294,14,2,9,470
294,12,2,10,470
295,11,4,1,280
295,15,1,2,40
295,13,3,3,350
295,12,2,4,280
295,17,3,5,350
295,8,2,6,280
295,5,1,7,40
296,4,3,1,50
296,2,2,2,50
296,10,3,3,50
296,5,1,4,90
296,20,1,5,90
296,13,3,6,50
296,15,1,7,90
296,7,3,8,50
296,1,3,9,50
297,6,3,1,140
297,20,1,2,480
297,15,1,3,480
297,12,2,4,100
297,7,3,5,140
298,15,1,1,330
298,14,2,2,400
298,4,3,3,480
298,18,4,4,30
298,17,3,5,480
298,5,1,6,330
298,13,3,7,480
298,20,1,8,330
298,16,2,9,400
298,19,2,10,400
299,8,2,1,180
299,17,3,2,300
299,11,4,3,230
299,13,3,4,300
299,19,2,5,180
299,9,4,6,230
299,14,2,7,180
299,5,1,8,330
299,10,3,9,300
299,16,2,10,180
300,6,3,1,330
300,14,2,2,260
300,19,2,3,260
300,2,2,4,260
300,18,4,5,470
300,4,3,6,330
300,3,3,7,330
301,19,2,1,320
301,7,3,2,90
301,3,3,3,90
301,18,4,4,40
301,16,2,5,320
301,13,3,6,90
301,14,2,7,320
301,17,3,8,90
302,8,2,1,170
302,19,2,2,170
302,2,2,3,170
302,20,1,4,100
302,4,3,5,140
302,11,4,6,390
302,3,3,7,140
302,9,4,8,390
303,19,2,1,150
303,1,3,2,290
303,11,4,3,310
303,2,2,4,150
303,3,3,5,290
304,6,3,1,70
304,4,3,2,70
304,5,1,3,360
304,11,4,4,200
304,2,2,5,100
305,19,2,1,50
305,5,1,2,240
305,14,2,3,50
305,13,3,4,130
305,12,2,5,50
305,16,2,6,50
305,4,3,7,130
305,6,3,8,130
306,9,4,1,220
306,14,2,2,20
306,8,2,3,20
306,10,3,4,220
306,6,3,5,220
306,2,2,6,20
306,19,2,7,20
306,13,3,8,220
307,6,3,1,20
307,14,2,2,270
307,2,2,3,270
307,8,2,4,270
307,4,3,5,20
307,7,3,6,20
307,19,2,7,270
307,11,4,8,490
307,15,1,9,10
308,4,3,1,470
308,18,4,2,340
308,10,3,3,470
308,19,2,4,170
308,12,2,5,170
308,13,3,6,470
308,7,3,7,470
308,11,4,8,340
308,20,1,9,460
309,16,2,1,170
309,2,2,2,170
309,20,1,3,20
309,8,2,4,170
309,18,4,5,150
309,4,3,6,180
310,1,3,1,40
310,12,2,2,220
310,9,4,3,230
310,7,3,4,40
310,20,1,5,310
310,4,3,6,40
310,18,4,7,230
310,10,3,8,40
311,3,3,1,250
311,18,4,2,270
311,1,3,3,250
311,12,2,4,130
311,15,1,5,410
311,8,2,6,130
312,15,1,1,110
312,10,3,2,370
312,6,3,3,370
312,12,2,4,370
312,9,4,5,350
313,14,2,1,210
313,11,4,2,30
313,18,4,3,30
313,15,1,4,80
313,16,2,5,210
314,15,1,1,240
314,18,4,2,290
314,10,3,3,270
314,19,2,4,410
314,7,3,5,270
315,17,3,1,250
315,3,3,2,250
315,11,4,3,250
315,14,2,4,90
315,2,2,5,90
316,14,2,1,110
316,12,2,2,110
316,16,2,3,110
316,3,3,4,150
316,13,3,5,150
316,6,3,6,150
317,5,1,1,120
317,16,2,2,200
317,4,3,3,90
317,13,3,4,90
317,14,2,5,200
317,12,2,6,200
317,19,2,7,200
318,3,3,1,220
318,14,2,2,120
318,13,3,3,220
318,19,2,4,120
318,10,3,5,220
318,8,2,6,120
318,4,3,7,220
318,9,4,8,480
318,2,2,9,120
319,6,3,1,390
319,20,1,2,430
319,10,3,3,390
319,4,3,4,390
319,11,4,5,50
319,13,3,6,390
319,3,3,7,390
319,2,2,8,410
319,9,4,9,50
319,1,3,10,390
320,20,1,1,460
320,3,3,2,100
320,2,2,3,110
320,19,2,4,110
320,4,3,5,100
320,17,3,6,100
320,5,1,7,460
321,1,3,1,400
321,15,1,2,120
321,19,2,3,320
321,7,3,4,400
321,10,3,5,400
321,2,2,6,320
321,9,4,7,460
321,6,3,8,400
321,17,3,9,400
321,3,3,10,400
322,1,3,1,490
322,2,2,2,110
322,16,2,3,110
322,10,3,4,490
322,5,1,5,490
323,15,1,1,490
323,11,4,2,240
323,19,2,3,480
323,20,1,4,490
323,14,2,5,480
323,6,3,6,120
323,10,3,7,120
323,1,3,8,120
324,15,1,1,80
324,1,3,2,440
324,3,3,3,440
324,8,2,4,480
324,18,4,5,80
324,14,2,6,480
324,10,3,7,440
325,18,4,1,60
325,5,1,2,230
325,7,3,3,150
325,11,4,4,60
325,15,1,5,230
325,4,3,6,150
326,17,3,1,30
326,12,2,2,420
326,20,1,3,230
326,3,3,4,30
326,18,4,5,490
326,8,2,6,420
326,4,3,7,30
326,10,3,8,30
326,13,3,9,30
326,15,1,10,230
327,9,4,1,270
327,19,2,2,390
327,6,3,3,470
327,10,3,4,470
327,1,3,5,470
327,2,2,6,390
328,13,3,1,470
328,12,2,2,250
328,20,1,3,370
328,7,3,4,470
328,4,3,5,470
328,6,3,6,470
329,6,3,1,10
329,18,4,2,230
329,12,2,3,210
329,17,3,4,10
329,2,2,5,210
329,15,1,6,0
329,7,3,7,10
329,20,1,8,0
329,3,3,9,10
330,14,2,1,210
330,17,3,2,110
330,13,3,3,110
330,1,3,4,110
330,12,2,5,210
330,11,4,6,470
331,4,3,1,170
331,9,4,2,20
331,8,2,3,380
331,17,3,4,170
331,15,1,5,30
331,11,4,6,20
331,20,1,7,30
331,10,3,8,170
332,9,4,1,370
332,17,3,2,20
332,7,3,3,20
332,12,2,4,10
332,19,2,5,10
332,14,2,6,10
333,18,4,1,160
333,14,2,2,170
333,16,2,3,170
333,15,1,4,380
333,8,2,5,170
333,20,1,6,380
333,11,4,7,160
333,7,3,8,0
334,6,3,1,90
334,20,1,2,350
334,3,3,3,90
334,18,4,4,440
334,10,3,5,90
334,7,3,6,90
334,15,1,7,350
334,13,3,8,90
335,8,2,1,0
335,12,2,2,0
335,10,3,3,70
335,3,3,4,70
335,19,2,5,0
335,4,3,6,70
336,11,4,1,80
336,14,2,2,130
336,19,2,3,130
336,1,3,4,350
336,18,4,5,80
336,3,3,6,350
336,8,2,7,130
336,12,2,8,130
336,6,3,9,350
337,13,3,1,230
337,11,4,2,60
337,8,2,3,50
337,1,3,4,230
337,16,2,5,50
338,4,3,1,170
338,20,1,2,340
338,13,3,3,170
338,17,3,4,170
338,10,3,5,170
339,9,4,1,270
339,14,2,2,70
339,16,2,3,70
339,12,2,4,70
339,13,3,5,140
339,2,2,6,70
339,10,3,7,140
339,8,2,8,70
340,5,1,1,410
340,3,3,2,140
340,1,3,3,140
340,7,3,4,140
340,17,3,5,140
340,18,4,6,400
340,14,2,7,170
340,8,2,8,170
341,9,4,1,440
341,11,4,2,440
341,2,2,3,130
341,12,2,4,130
341,10,3,5,180
341,8,2,6,130
341,17,3,7,180
341,18,4,8,440
341,20,1,9,50
341,3,3,10,180
342,10,3,1,450
342,4,3,2,450
342,2,2,3,340
342,17,3,4,450
342,20,1,5,420
343,8,2,1,120
343,11,4,2,450
343,6,3,3,450
343,2,2,4,120
343,14,2,5,120
343,3,3,6,450
343,9,4,7,450
344,11,4,1,400
344,17,3,2,160
344,2,2,3,20
344,12,2,4,20
344,19,2,5,20
344,1,3,6,160
345,10,3,1,430
345,5,1,2,430
345,16,2,3,210
345,1,3,4,430
345,12,2,5,210
346,1,3,1,210
346,11,4,2,220
346,7,3,3,210
346,12,2,4,250
346,16,2,5,250
346,2,2,6,250
347,7,3,1,410
347,18,4,2,460
347,6,3,3,410
347,1,3,4,410
347,8,2,5,20
347,2,2,6,20
348,5,1,1,270
348,20,1,2,270
348,3,3,3,120
348,9,4,4,410
348,18,4,5,410
349,11,4,1,150
349,3,3,2,100
349,18,4,3,150
349,16,2,4,20
349,1,3,5,100
349,13,3,6,100
349,10,3,7,100
349,15,1,8,50
349,4,3,9,100
350,7,3,1,160
350,10,3,2,160
350,12,2,3,410
350,15,1,4,470
350,5,1,5,470
350,19,2,6,410
350,9,4,7,220
350,17,3,8,160
350,13,3,9,160
351,10,3,1,380
351,9,4,2,430
351,4,3,3,380
351,15,1,4,330
351,5,1,5,330
351,7,3,6,380
351,17,3,7,380
352,11,4,1,190
352,20,1,2,490
352,15,1,3,490
352,16,2,4,450
352,10,3,5,350
352,5,1,6,490
352,1,3,7,350
352,12,2,8,450
352,19,2,9,450
353,4,3,1,270
353,5,1,2,380
353,16,2,3,460
353,14,2,4,460
353,10,3,5,270
353,13,3,6,270
353,1,3,7,270
353,7,3,8,270
353,15,1,9,380
354,3,3,1,300
354,20,1,2,290
354,11,4,3,100
354,6,3,4,300
354,4,3,5,300
354,13,3,6,300
354,1,3,7,300
355,6,3,1,210
355,20,1,2,360
355,12,2,3,120
355,15,1,4,360
355,3,3,5,210
355,9,4,6,230
355,16,2,7,120
355,1,3,8,210
356,16,2,1,40
356,6,3,2,190
356,3,3,3,190
356,18,4,4,20
356,11,4,5,20
356,15,1,6,80
356,10,3,7,190
356,17,3,8,190
357,9,4,1,50
357,5,1,2,350
357,16,2,3,410
357,17,3,4,340
357,4,3,5,340
358,9,4,1,30
358,11,4,2,30
358,16,2,3,60
358,7,3,4,490
358,15,1,5,70
359,16,2,1,480
359,17,3,2,360
359,19,2,3,480
359,11,4,4,360
359,2,2,5,480
359,9,4,6,360
359,1,3,7,360
359,15,1,8,30
359,6,3,9,360
360,4,3,1,0
360,1,3,2,0
360,2,2,3,400
360,10,3,4,0
360,16,2,5,400
360,7,3,6,0
360,14,2,7,400
360,8,2,8,400
360,19,2,9,400
360,18,4,10,400
361,17,3,1,430
361,6,3,2,430
361,3,3,3,430
361,15,1,4,330
361,13,3,5,430
362,4,3,1,280
362,6,3,2,280
362,19,2,3,150
362,5,1,4,370
362,16,2,5,150
362,18,4,6,250
362,7,3,7,280
363,17,3,1,210
363,1,3,2,210
363,16,2,3,140
363,10,3,4,210
363,19,2,5,140
363,7,3,6,210
363,8,2,7,140
363,2,2,8,140
363,9,4,9,190
364,11,4,1,80
364,8,2,2,110
364,10,3,3,170
364,15,1,4,20
364,3,3,5,170
364,6,3,6,170
364,12,2,7,110
365,17,3,1,150
365,16,2,2,280
365,3,3,3,150
365,1,3,4,150
365,13,3,5,150
365,5,1,6,10
366,5,1,1,290
366,3,3,2,110
366,2,2,3,200
366,19,2,4,200
366,20,1,5,290
366,18,4,6,240
367,3,3,1,20
367,16,2,2,250
367,2,2,3,250
367,20,1,4,0
367,7,3,5,20
367,14,2,6,250
367,17,3,7,20
367,4,3,8,20
368,11,4,1,180
368,2,2,2,130
368,12,2,3,130
368,7,3,4,220
368,17,3,5,220
368,6,3,6,220
368,20,1,7,130
368,19,2,8,130
368,3,3,9,220
369,1,3,1,60
369,19,2,2,170
369,3,3,3,60
369,4,3,4,60
369,16,2,5,170
370,19,2,1,490
370,8,2,2,490
370,20,1,3,80
370,10,3,4,170
370,5,1,5,80
370,7,3,6,170
371,10,3,1,120
371,3,3,2,120
371,13,3,3,120
371,17,3,4,120
371,15,1,5,160
371,18,4,6,350
371,4,3,7,120
371,6,3,8,120
371,9,4,9,350
371,1,3,10,120
372,15,1,1,70
372,3,3,2,430
372,8,2,3,0
372,11,4,4,430
372,16,2,5,0
372,9,4,6,430
372,20,1,7,70
372,6,3,8,430
372,1,3,9,430
372,19,2,10,0
373,12,2,1,50
373,14,2,2,50
373,8,2,3,50
373,10,3,4,20
373,3,3,5,20
373,17,3,6,20
373,19,2,7,50
373,16,2,8,50
374,11,4,1,270
374,16,2,2,30
374,13,3,3,390
374,9,4,4,270
374,6,3,5,390
374,10,3,6,390
374,12,2,7,30
374,14,2,8,30
374,1,3,9,390
374,17,3,10,390
375,1,3,1,360
375,4,3,2,360
375,7,3,3,360
375,18,4,4,150
375,14,2,5,240
375,2,2,6,240
375,3,3,7,360
375,10,3,8,360
375,17,3,9,360
376,15,1,1,470
376,7,3,2,250
376,14,2,3,140
376,13,3,4,250
376,19,2,5,140
376,9,4,6,260
376,2,2,7,140
376,1,3,8,250
377,18,4,1,60
377,12,2,2,290
377,17,3,3,110
377,8,2,4,290
377,1,3,5,110
377,15,1,6,450
377,7,3,7,110
378,4,3,1,410
378,15,1,2,440
378,10,3,3,410
378,11,4,4,160
378,18,4,5,160
378,8,2,6,140
378,7,3,7,410
379,10,3,1,470
379,16,2,2,290
379,1,3,3,470
379,8,2,4,290
379,14,2,5,290
379,3,3,6,470
380,18,4,1,220
380,19,2,2,110
380,11,4,3,220
380,3,3,4,420
380,12,2,5,110
380,17,3,6,420
381,16,2,1,250
381,3,3,2,440
381,6,3,3,440
381,12,2,4,250
381,17,3,5,440
381,18,4,6,20
381,14,2,7,250
381,13,3,8,440
381,19,2,9,250
381,2,2,10,250
382,3,3,1,340
382,8,2,2,350
382,1,3,3,340
382,11,4,4,280
382,9,4,5,280
382,19,2,6,350
382,15,1,7,140
383,6,3,1,380
383,14,2,2,230
383,8,2,3,230
383,5,1,4,280
383,2,2,5,230
383,3,3,6,380
383,11,4,7,90
384,20,1,1,430
384,16,2,2,230
384,9,4,3,10
384,18,4,4,10
384,10,3,5,310
384,5,1,6,430
385,4,3,1,0
385,5,1,2,460
385,18,4,3,240
385,17,3,4,0
385,10,3,5,0
385,8,2,6,240
386,20,1,1,150
386,16,2,2,50
386,11,4,3,260
386,9,4,4,260
386,10,3,5,480
386,14,2,6,50
386,4,3,7,480
386,17,3,8,480
387,6,3,1,70
387,12,2,2,330
387,5,1,3,10
387,14,2,4,330
387,18,4,5,10
387,17,3,6,70
387,15,1,7,10
388,5,1,1,90
388,15,1,2,90
388,19,2,3,430
388,13,3,4,20
388,9,4,5,270
388,20,1,6,90
388,8,2,7,430
389,1,3,1,150
389,3,3,2,150
389,19,2,3,420
389,5,1,4,460
389,2,2,5,420
389,6,3,6,150
389,14,2,7,420
389,4,3,8,150
390,14,2,1,340
390,16,2,2,340
390,8,2,3,340
390,20,1,4,400
390,4,3,5,220
391,17,3,1,100
391,4,3,2,100
391,12,2,3,410
391,18,4,4,470
391,5,1,5,90
391,8,2,6,410
391,9,4,7,470
392,2,2,1,190
392,6,3,2,200
392,3,3,3,200
392,15,1,4,30
392,10,3,5,200
392,18,4,6,240
392,11,4,7,240
392,8,2,8,190
392,4,3,9,200
392,7,3,10,200
393,19,2,1,280
393,14,2,2,280
393,1,3,3,290
393,17,3,4,290
393,13,3,5,290
393,20,1,6,350
393,11,4,7,300
394,5,1,1,0
394,7,3,2,430
394,1,3,3,430
394,11,4,4,340
394,20,1,5,0
394,9,4,6,340
394,8,2,7,340
394,12,2,8,340
394,14,2,9,340
394,16,2,10,340
395,5,1,1,100
395,19,2,2,430
395,17,3,3,20
395,13,3,4,20
395,15,1,5,100
395,1,3,6,20
395,2,2,7,430
395,12,2,8,430
395,8,2,9,430
396,17,3,1,490
396,14,2,2,170
396,11,4,3,100
396,9,4,4,100
396,8,2,5,170
396,10,3,6,490
396,15,1,7,160
397,5,1,1,10
397,15,1,2,10
397,4,3,3,120
397,20,1,4,10
397,7,3,5,120
397,18,4,6,360
397,13,3,7,120
398,8,2,1,360
398,17,3,2,400
398,20,1,3,110
398,6,3,4,400
398,2,2,5,360
398,9,4,6,480
399,18,4,1,80
399,19,2,2,180
399,7,3,3,150
399,1,3,4,150
399,10,3,5,150
399,14,2,6,180
399,20,1,7,120
400,7,3,1,440
400,13,3,2,440
400,15,1,3,480
400,6,3,4,440
400,17,3,5,440
400,10,3,6,440
400,2,2,7,420
400,1,3,8,440
400,9,4,9,420
401,9,4,1,330
401,15,1,2,130
401,14,2,3,90
401,20,1,4,130
401,7,3,5,240
401,19,2,6,90
401,8,2,7,90
402,2,2,1,0
402,16,2,2,0
402,18,4,3,450
402,10,3,4,280
402,8,2,5,0
402,20,1,6,480
402,6,3,7,280
403,9,4,1,60
403,19,2,2,430
403,7,3,3,90
403,15,1,4,30
403,13,3,5,90
403,2,2,6,430
403,18,4,7,60
404,14,2,1,230
404,17,3,2,300
404,5,1,3,430
404,18,4,4,330
404,10,3,5,300
404,19,2,6,230
405,10,3,1,480
405,1,3,2,480
405,8,2,3,40
405,19,2,4,40
405,20,1,5,60
406,1,3,1,360
406,5,1,2,440
406,10,3,3,360
406,14,2,4,330
406,19,2,5,330
406,12,2,6,330
406,11,4,7,480
406,9,4,8,480
406,3,3,9,360
406,17,3,10,360
407,3,3,1,160
407,10,3,2,160
407,15,1,3,10
407,12,2,4,170
407,14,2,5,170
407,1,3,6,160
408,10,3,1,170
408,14,2,2,490
408,13,3,3,170
408,1,3,4,170
408,5,1,5,60
408,12,2,6,490
408,19,2,7,490
408,7,3,8,170
409,11,4,1,380
409,2,2,2,220
409,16,2,3,220
409,19,2,4,220
409,9,4,5,380
409,10,3,6,170
409,15,1,7,380
409,8,2,8,220
409,12,2,9,220
409,17,3,10,170
410,5,1,1,360
410,3,3,2,80
410,6,3,3,80
410,19,2,4,280
410,1,3,5,80
410,13,3,6,80
410,11,4,7,370
410,8,2,8,280
410,2,2,9,280
411,6,3,1,430
411,4,3,2,430
411,14,2,3,160
411,18,4,4,90
411,10,3,5,430
411,16,2,6,160
411,5,1,7,80
411,12,2,8,160
411,7,3,9,430
412,4,3,1,70
412,20,1,2,30
412,7,3,3,70
412,16,2,4,470
412,17,3,5,70
412,13,3,6,70
412,9,4,7,320
413,6,3,1,260
413,5,1,2,220
413,10,3,3,260
413,19,2,4,280
413,7,3,5,260
413,15,1,6,220
413,11,4,7,340
413,1,3,8,260
413,16,2,9,280
414,15,1,1,400
414,18,4,2,20
414,8,2,3,360
414,12,2,4,360
414,17,3,5,350
414,19,2,6,360
415,16,2,1,120
415,19,2,2,120
415,9,4,3,360
415,7,3,4,260
415,18,4,5,360
416,12,2,1,80
416,9,4,2,160
416,17,3,3,20
416,3,3,4,20
416,2,2,5,80
416,10,3,6,20
416,1,3,7,20
416,13,3,8,20
416,18,4,9,160
417,9,4,1,170
417,1,3,2,150
417,12,2,3,80
417,20,1,4,350
417,5,1,5,350
417,8,2,6,80
417,13,3,7,150
417,17,3,8,150
417,6,3,9,150
417,10,3,10,150
418,7,3,1,20
418,19,2,2,470
418,10,3,3,20
418,13,3,4,20
418,18,4,5,80
419,2,2,1,390
419,13,3,2,130
419,7,3,3,130
419,16,2,4,390
419,11,4,5,440
419,15,1,6,70
420,9,4,1,400
420,4,3,2,60
420,19,2,3,410
420,10,3,4,60
420,17,3,5,60
420,6,3,6,60
420,15,1,7,330
420,18,4,8,400
421,18,4,1,430
421,2,2,2,380
421,14,2,3,380
421,8,2,4,380
421,12,2,5,380
421,11,4,6,430
421,6,3,7,350
421,15,1,8,240
422,9,4,1,290
422,5,1,2,330
422,12,2,3,370
422,10,3,4,310
422,6,3,5,310
422,2,2,6,370
422,11,4,7,290
423,15,1,1,450
423,11,4,2,490
423,18,4,3,490
423,3,3,4,50
423,14,2,5,390
423,2,2,6,390
423,9,4,7,490
423,16,2,8,390
423,7,3,9,50
424,4,3,1,170
424,7,3,2,170
424,14,2,3,60
424,18,4,4,50
424,13,3,5,170
424,10,3,6,170
424,17,3,7,170
424,1,3,8,170
425,13,3,1,390
425,11,4,2,280
425,8,2,3,130
425,17,3,4,390
425,18,4,5,280
425,16,2,6,130
425,7,3,7,390
425,1,3,8,390
425,15,1,9,50
425,20,1,10,50
426,20,1,1,350
426,4,3,2,30
426,15,1,3,350
426,3,3,4,30
426,9,4,5,120
427,8,2,1,140
427,20,1,2,250
427,4,3,3,460
427,17,3,4,460
427,14,2,5,140
428,4,3,1,120
428,13,3,2,120
428,8,2,3,50
428,18,4,4,410
428,17,3,5,120
429,13,3,1,420
429,6,3,2,420
429,9,4,3,310
429,8,2,4,440
429,2,2,5,440
429,18,4,6,310
429,19,2,7,440
429,12,2,8,440
429,20,1,9,100
430,15,1,1,120
430,7,3,2,330
430,10,3,3,330
430,1,3,4,330
430,4,3,5,330
430,18,4,6,100
430,2,2,7,0
430,11,4,8,100
430,6,3,9,330
430,20,1,10,120
431,8,2,1,160
431,14,2,2,160
431,6,3,3,150
431,2,2,4,160
431,19,2,5,160
431,20,1,6,120
432,20,1,1,330
432,1,3,2,390
432,10,3,3,390
432,13,3,4,390
432,6,3,5,390
433,9,4,1,470
433,1,3,2,100
433,16,2,3,190
433,15,1,4,90
433,5,1,5,90
433,14,2,6,190
433,6,3,7,100
433,11,4,8,470
433,19,2,9,190
433,2,2,10,190
434,12,2,1,350
434,14,2,2,350
434,19,2,3,350
434,3,3,4,10
434,13,3,5,10
434,16,2,6,350
434,2,2,7,350
434,8,2,8,350
435,13,3,1,100
435,12,2,2,420
435,16,2,3,420
435,3,3,4,100
435,10,3,5,100
435,2,2,6,420
435,6,3,7,100
435,19,2,8,420
435,5,1,9,110
435,14,2,10,420
436,6,3,1,470
436,12,2,2,440
436,9,4,3,60
436,15,1,4,50
436,4,3,5,470
436,10,3,6,470
436,20,1,7,50
436,2,2,8,440
436,11,4,9,60
436,7,3,10,470
437,2,2,1,430
437,16,2,2,430
437,13,3,3,270
437,17,3,4,270
437,12,2,5,430
438,19,2,1,70
438,11,4,2,0
438,15,1,3,250
438,8,2,4,70
438,6,3,5,370
438,17,3,6,370
438,10,3,7,370
438,3,3,8,370
439,1,3,1,100
439,4,3,2,100
439,16,2,3,320
439,11,4,4,250
439,19,2,5,320
439,9,4,6,250
439,3,3,7,100
439,13,3,8,100
439,2,2,9,320
439,8,2,10,320
440,18,4,1,480
440,7,3,2,370
440,8,2,3,470
440,6,3,4,370
440,19,2,5,470
440,15,1,6,490
440,1,3,7,370
440,14,2,8,470
440,10,3,9,370
440,12,2,10,470
441,11,4,1,300
441,7,3,2,160
441,12,2,3,150
441,15,1,4,220
441,14,2,5,150
441,5,1,6,220
441,10,3,7,160
441,18,4,8,300
441,13,3,9,160
442,4,3,1,10
442,1,3,2,10
442,14,2,3,110
442,19,2,4,110
442,3,3,5,10
442,18,4,6,370
442,2,2,7,110
442,20,1,8,10
442,7,3,9,10
443,5,1,1,0
443,17,3,2,50
443,12,2,3,140
443,15,1,4,0
443,8,2,5,140
443,19,2,6,140
443,20,1,7,0
443,3,3,8,50
443,6,3,9,50
443,11,4,10,230
444,13,3,1,240
444,18,4,2,250
444,12,2,3,140
444,9,4,4,250
444,4,3,5,240
444,5,1,6,340
444,11,4,7,250
445,19,2,1,350
445,9,4,2,300
445,17,3,3,420
445,11,4,4,300
445,10,3,5,420
445,12,2,6,350
445,13,3,7,420
445,15,1,8,470
446,18,4,1,480
446,12,2,2,120
446,15,1,3,360
446,3,3,4,230
446,9,4,5,480
447,9,4,1,350
447,20,1,2,230
447,2,2,3,140
447,5,1,4,230
447,6,3,5,130
447,17,3,6,130
447,14,2,7,140
447,12,2,8,140
447,15,1,9,230
447,4,3,10,130
448,20,1,1,160
448,17,3,2,330
448,9,4,3,270
448,15,1,4,160
448,3,3,5,330
448,8,2,6,330
448,19,2,7,330
448,2,2,8,330
448,5,1,9,160
449,5,1,1,460
449,1,3,2,400
449,13,3,3,400
449,11,4,4,210
449,10,3,5,400
449,19,2,6,490
449,16,2,7,490
449,2,2,8,490
449,7,3,9,400
449,9,4,10,210
450,14,2,1,300
450,9,4,2,210
450,7,3,3,110
450,20,1,4,430
450,5,1,5,430
451,5,1,1,370
451,10,3,2,440
451,1,3,3,440
451,17,3,4,440
451,16,2,5,330
452,10,3,1,300
452,17,3,2,300
452,2,2,3,200
452,5,1,4,280
452,11,4,5,270
452,7,3,6,300
452,9,4,7,270
452,19,2,8,200
452,14,2,9,200
452,16,2,10,200
453,9,4,1,260
453,17,3,2,150
453,13,3,3,150
453,19,2,4,260
453,12,2,5,260
453,4,3,6,150
453,8,2,7,260
453,5,1,8,410
453,1,3,9,150
453,11,4,10,260
454,18,4,1,350
454,4,3,2,170
454,1,3,3,170
454,5,1,4,250
454,2,2,5,380
454,16,2,6,380
454,10,3,7,170
454,13,3,8,170
454,15,1,9,250
454,7,3,10,170
455,14,2,1,60
455,9,4,2,160
455,20,1,3,220
455,15,1,4,220
455,6,3,5,160
455,7,3,6,160
455,13,3,7,160
455,10,3,8,160
456,5,1,1,230
456,11,4,2,360
456,1,3,3,120
456,18,4,4,360
456,7,3,5,120
456,6,3,6,120
456,13,3,7,120
456,12,2,8,20
456,2,2,9,20
457,1,3,1,320
457,7,3,2,320
457,3,3,3,320
457,8,2,4,370
457,6,3,5,320
458,16,2,1,240
458,4,3,2,480
458,10,3,3,480
458,20,1,4,240
458,1,3,5,480
458,12,2,6,240
459,3,3,1,440
459,13,3,2,440
459,19,2,3,270
459,15,1,4,330
459,16,2,5,270
459,11,4,6,370
459,7,3,7,440
460,8,2,1,430
460,4,3,2,360
460,3,3,3,360
460,5,1,4,360
460,10,3,5,360
461,5,1,1,100
461,9,4,2,340
461,1,3,3,430
461,20,1,4,100
461,15,1,5,100
462,15,1,1,210
462,14,2,2,140
462,2,2,3,140
462,8,2,4,140
462,5,1,5,210
462,20,1,6,210
463,20,1,1,330
463,19,2,2,110
463,8,2,3,110
463,14,2,4,110
463,10,3,5,100
463,5,1,6,330
463,13,3,7,100
463,17,3,8,100
464,8,2,1,350
464,16,2,2,350
464,9,4,3,170
464,17,3,4,300
464,10,3,5,300
464,11,4,6,170
464,1,3,7,300
465,1,3,1,350
465,18,4,2,250
465,14,2,3,320
465,19,2,4,320
465,12,2,5,320
465,6,3,6,350
465,8,2,7,320
465,17,3,8,350
465,11,4,9,250
466,1,3,1,370
466,17,3,2,370
466,10,3,3,370
466,16,2,4,180
466,12,2,5,180
466,14,2,6,180
466,9,4,7,320
466,5,1,8,150
467,10,3,1,310
467,19,2,2,160
467,4,3,3,310
467,15,1,4,180
467,8,2,5,160
467,12,2,6,160
467,14,2,7,160
468,12,2,1,300
468,1,3,2,270
468,8,2,3,300
468,4,3,4,270
468,13,3,5,270
468,10,3,6,270
468,5,1,7,340
468,14,2,8,300
468,17,3,9,270
469,10,3,1,40
469,5,1,2,280
469,6,3,3,40
469,9,4,4,250
469,18,4,5,250
469,19,2,6,0
469,2,2,7,0
469,14,2,8,0
469,11,4,9,250
470,5,1,1,70
470,15,1,2,70
470,8,2,3,390
470,9,4,4,60
470,4,3,5,470
470,18,4,6,60
470,6,3,7,470
471,17,3,1,160
471,12,2,2,460
471,18,4,3,370
471,2,2,4,460
471,7,3,5,160
471,14,2,6,460
471,3,3,7,160
472,3,3,1,460
472,8,2,2,460
472,14,2,3,460
472,12,2,4,460
472,19,2,5,460
472,6,3,6,460
472,16,2,7,460
472,13,3,8,460
472,9,4,9,20
473,16,2,1,150
473,10,3,2,240
473,5,1,3,70
473,3,3,4,240
473,17,3,5,240
473,1,3,6,240
473,18,4,7,110
473,6,3,8,240
474,10,3,1,50
474,20,1,2,180
474,18,4,3,90
474,6,3,4,50
474,17,3,5,50
475,8,2,1,440
475,7,3,2,210
475,3,3,3,210
475,5,1,4,240
475,1,3,5,210
475,6,3,6,210
475,12,2,7,440
476,18,4,1,410
476,1,3,2,170
476,15,1,3,210
476,8,2,4,100
476,14,2,5,100
476,4,3,6,170
477,11,4,1,420
477,6,3,2,200
477,13,3,3,200
477,2,2,4,150
477,3,3,5,200
477,5,1,6,220
477,17,3,7,200
477,12,2,8,150
477,1,3,9,200
478,1,3,1,370
478,18,4,2,270
478,9,4,3,270
478,6,3,4,370
478,2,2,5,140
479,19,2,1,90
479,8,2,2,90
479,5,1,3,320
479,9,4,4,0
479,17,3,5,430
479,3,3,6,430
480,13,3,1,460
480,14,2,2,110
480,18,4,3,40
480,8,2,4,110
480,17,3,5,460
481,11,4,1,180
481,4,3,2,100
481,13,3,3,100
481,17,3,4,100
481,12,2,5,460
481,1,3,6,100
481,16,2,7,460
481,5,1,8,470
482,6,3,1,320
482,11,4,2,450
482,3,3,3,320
482,5,1,4,380
482,9,4,5,450
482,13,3,6,320
483,17,3,1,400
483,7,3,2,400
483,5,1,3,130
483,2,2,4,350
483,15,1,5,130
484,3,3,1,300
484,5,1,2,290
484,17,3,3,300
484,11,4,4,330
484,20,1,5,290
484,19,2,6,370
484,15,1,7,290
484,10,3,8,300
484,12,2,9,370
485,12,2,1,390
485,10,3,2,80
485,2,2,3,390
485,9,4,4,90
485,15,1,5,400
485,14,2,6,390
485,11,4,7,90
486,19,2,1,250
486,13,3,2,230
486,10,3,3,230
486,16,2,4,250
486,12,2,5,250
486,8,2,6,250
486,14,2,7,250
486,4,3,8,230
487,10,3,1,110
487,7,3,2,110
487,14,2,3,10
487,16,2,4,10
487,1,3,5,110
487,11,4,6,280
487,13,3,7,110
487,5,1,8,360
487,3,3,9,110
487,20,1,10,360
488,12,2,1,360
488,4,3,2,160
488,14,2,3,360
488,9,4,4,60
488,8,2,5,360
489,19,2,1,440
489,10,3,2,230
489,17,3,3,230
489,14,2,4,440
489,15,1,5,220
489,16,2,6,440
489,11,4,7,490
489,2,2,8,440
489,9,4,9,490
489,4,3,10,230
490,15,1,1,370
490,8,2,2,410
490,12,2,3,410
490,20,1,4,370
490,18,4,5,420
490,5,1,6,370
490,16,2,7,410
491,8,2,1,100
491,7,3,2,140
491,14,2,3,100
491,10,3,4,140
491,11,4,5,410
491,5,1,6,400
492,5,1,1,80
492,8,2,2,280
492,14,2,3,280
492,15,1,4,80
492,19,2,5,280
492,6,3,6,140
493,7,3,1,0
493,2,2,2,0
493,4,3,3,0
493,14,2,4,0
493,15,1,5,280
493,11,4,6,170
493,1,3,7,0
493,17,3,8,0
494,12,2,1,390
494,9,4,2,280
494,17,3,3,130
494,8,2,4,390
494,11,4,5,280
494,10,3,6,130
494,20,1,7,210
494,16,2,8,390
495,18,4,1,400
495,14,2,2,50
495,19,2,3,50
495,11,4,4,400
495,1,3,5,180
495,7,3,6,180
495,20,1,7,320
495,5,1,8,320
495,16,2,9,50
496,16,2,1,120
496,8,2,2,120
496,1,3,3,70
496,17,3,4,70
496,12,2,5,120
496,13,3,6,70
497,14,2,1,480
497,9,4,2,450
497,17,3,3,40
497,10,3,4,40
497,16,2,5,480
497,1,3,6,40
497,13,3,7,40
497,11,4,8,450
497,2,2,9,480
497,15,1,10,390
498,3,3,1,120
498,13,3,2,120
498,10,3,3,120
498,20,1,4,180
498,9,4,5,420
498,12,2,6,470
498,7,3,7,120
498,16,2,8,470
499,4,3,1,210
499,18,4,2,450
499,1,3,3,210
499,10,3,4,210
499,16,2,5,350
499,11,4,6,450
499,15,1,7,250
499,14,2,8,350
499,17,3,9,210
500,12,2,1,380
500,11,4,2,60
500,18,4,3,60
500,6,3,4,220
500,4,3,5,220
500,5,1,6,80
500,17,3,7,220
500,19,2,8,380
500,16,2,9,380
501,16,2,1,350
501,20,1,2,280
501,4,3,3,30
501,11,4,4,130
501,12,2,5,350
502,18,4,1,130
502,9,4,2,130
502,5,1,3,60
502,3,3,4,60
502,12,2,5,400
502,7,3,6,60
502,17,3,7,60
502,2,2,8,400
502,16,2,9,400
502,4,3,10,60
503,1,3,1,240
503,8,2,2,470
503,17,3,3,240
503,4,3,4,240
503,2,2,5,470
504,11,4,1,290
504,2,2,2,330
504,16,2,3,330
504,20,1,4,440
504,7,3,5,360
504,13,3,6,360
504,17,3,7,360
504,3,3,8,360
504,6,3,9,360
504,14,2,10,330
505,4,3,1,260
505,7,3,2,260
505,16,2,3,400
505,13,3,4,260
505,19,2,5,400
505,2,2,6,400
505,11,4,7,380
505,14,2,8,400
505,18,4,9,380
505,9,4,10,380
506,2,2,1,240
506,1,3,2,490
506,18,4,3,100
506,13,3,4,490
506,12,2,5,240
506,16,2,6,240
507,17,3,1,470
507,2,2,2,250
507,16,2,3,250
507,7,3,4,470
507,18,4,5,200
507,8,2,6,250
507,14,2,7,250
507,3,3,8,470
507,15,1,9,290
507,4,3,10,470
508,10,3,1,450
508,14,2,2,140
508,6,3,3,450
508,11,4,4,300
508,3,3,5,450
508,9,4,6,300
508,13,3,7,450
508,16,2,8,140
508,20,1,9,20
508,12,2,10,140
509,6,3,1,80
509,20,1,2,430
509,4,3,3,80
509,3,3,4,80
509,18,4,5,130
509,8,2,6,300
509,2,2,7,300
509,7,3,8,80
510,7,3,1,280
510,16,2,2,60
510,19,2,3,60
510,2,2,4,60
510,5,1,5,240
511,10,3,1,470
511,4,3,2,470
511,16,2,3,30
511,18,4,4,100
511,11,4,5,100
511,3,3,6,470
511,8,2,7,30
512,1,3,1,130
512,8,2,2,210
512,16,2,3,210
512,20,1,4,470
512,19,2,5,210
513,20,1,1,110
513,2,2,2,380
513,8,2,3,380
513,9,4,4,190
513,19,2,5,380
513,13,3,6,460
513,11,4,7,190
513,14,2,8,380
513,7,3,9,460
514,8,2,1,310
514,18,4,2,0
514,16,2,3,310
514,7,3,4,400
514,11,4,5,0
514,13,3,6,400
514,1,3,7,400
514,5,1,8,230
515,1,3,1,120
515,11,4,2,390
515,5,1,3,30
515,15,1,4,30
515,16,2,5,380
515,17,3,6,120
515,18,4,7,390
516,20,1,1,280
516,14,2,2,130
516,9,4,3,210
516,12,2,4,130
516,17,3,5,290
516,5,1,6,280
517,10,3,1,470
517,2,2,2,340
517,16,2,3,340
517,6,3,4,470
517,14,2,5,340
518,7,3,1,330
518,17,3,2,330
518,10,3,3,330
518,13,3,4,330
518,3,3,5,330
518,11,4,6,350
519,8,2,1,250
519,13,3,2,360
519,10,3,3,360
519,14,2,4,250
519,19,2,5,250
519,16,2,6,250
519,17,3,7,360
519,6,3,8,360
520,17,3,1,210
520,8,2,2,180
520,11,4,3,300
520,19,2,4,180
520,12,2,5,180
520,10,3,6,210
521,13,3,1,300
521,16,2,2,200
521,15,1,3,220
521,12,2,4,200
521,18,4,5,160
521,9,4,6,160
521,20,1,7,220
521,17,3,8,300
522,19,2,1,10
522,8,2,2,10
522,11,4,3,340
522,15,1,4,30
522,10,3,5,0
522,20,1,6,30
522,6,3,7,0
522,2,2,8,10
522,12,2,9,10
523,14,2,1,210
523,15,1,2,350
523,11,4,3,240
523,3,3,4,260
523,9,4,5,240
523,16,2,6,210
524,7,3,1,370
524,4,3,2,370
524,12,2,3,230
524,18,4,4,240
524,1,3,5,370
524,17,3,6,370
525,11,4,1,240
525,12,2,2,370
525,13,3,3,460
525,18,4,4,240
525,5,1,5,230
525,19,2,6,370
526,18,4,1,20
526,14,2,2,140
526,12,2,3,140
526,15,1,4,70
526,4,3,5,130
526,2,2,6,140
526,13,3,7,130
526,20,1,8,70
526,6,3,9,130
527,15,1,1,290
527,7,3,2,50
527,12,2,3,400
527,17,3,4,50
527,1,3,5,50
527,6,3,6,50
527,2,2,7,400
527,18,4,8,460
528,13,3,1,280
528,19,2,2,10
528,3,3,3,280
528,8,2,4,10
528,9,4,5,440
528,5,1,6,450
528,15,1,7,450
529,10,3,1,220
529,20,1,2,0
529,19,2,3,200
529,18,4,4,310
529,7,3,5,220
529,15,1,6,0
530,16,2,1,110
530,20,1,2,350
530,4,3,3,70
530,11,4,4,190
530,15,1,5,350
531,11,4,1,310
531,17,3,2,210
531,7,3,3,210
531,6,3,4,210
531,18,4,5,310
531,19,2,6,300
532,4,3,1,200
532,6,3,2,200
532,9,4,3,460
532,14,2,4,150
532,19,2,5,150
533,17,3,1,470
533,18,4,2,370
533,1,3,3,470
533,6,3,4,470
533,15,1,5,430
533,12,2,6,250
533,10,3,7,470
533,8,2,8,250
533,13,3,9,470
534,20,1,1,450
534,9,4,2,280
534,7,3,3,90
534,3,3,4,90
534,5,1,5,450
535,6,3,1,220
535,19,2,2,480
535,12,2,3,480
535,9,4,4,200
535,18,4,5,200
535,3,3,6,220
536,4,3,1,30
536,15,1,2,230
536,20,1,3,230
536,9,4,4,290
536,7,3,5,30
536,11,4,6,290
536,14,2,7,130
537,10,3,1,240
537,7,3,2,240
537,16,2,3,210
537,2,2,4,210
537,11,4,5,350
537,20,1,6,460
537,17,3,7,240
537,6,3,8,240
537,18,4,9,350
537,13,3,10,240
538,10,3,1,260
538,16,2,2,10
538,7,3,3,260
538,12,2,4,10
538,11,4,5,380
538,8,2,6,10
538,19,2,7,10
539,16,2,1,0
539,8,2,2,0
539,15,1,3,400
539,9,4,4,480
539,3,3,5,120
539,2,2,6,0
540,17,3,1,160
540,19,2,2,290
540,9,4,3,30
540,10,3,4,160
540,13,3,5,160
540,15,1,6,150
541,6,3,1,140
541,4,3,2,140
541,12,2,3,180
541,15,1,4,200
541,1,3,5,140
541,13,3,6,140
542,10,3,1,150
542,9,4,2,220
542,17,3,3,150
542,16,2,4,330
542,18,4,5,220
542,12,2,6,330
542,4,3,7,150
543,11,4,1,110
543,10,3,2,370
543,6,3,3,370
543,20,1,4,270
543,7,3,5,370
543,13,3,6,370
544,1,3,1,210
544,5,1,2,300
544,16,2,3,190
544,9,4,4,70
544,18,4,5,70
544,17,3,6,210
544,7,3,7,210
544,8,2,8,190
545,3,3,1,220
545,2,2,2,160
545,6,3,3,220
545,7,3,4,220
545,17,3,5,220
545,8,2,6,160
546,16,2,1,240
546,6,3,2,400
546,17,3,3,400
546,15,1,4,240
546,9,4,5,300
546,8,2,6,240
546,14,2,7,240
546,19,2,8,240
547,10,3,1,180
547,2,2,2,240
547,7,3,3,180
547,14,2,4,240
547,15,1,5,40
547,17,3,6,180
547,19,2,7,240
547,1,3,8,180
547,12,2,9,240
547,5,1,10,40
548,19,2,1,480
548,8,2,2,480
548,18,4,3,70
548,2,2,4,480
548,13,3,5,470
548,14,2,6,480
548,7,3,7,470
548,15,1,8,370
548,3,3,9,470
548,6,3,10,470
549,1,3,1,210
549,16,2,2,90
549,15,1,3,0
549,14,2,4,90
549,11,4,5,30
549,7,3,6,210
549,2,2,7,90
549,20,1,8,0
549,19,2,9,90
550,1,3,1,290
550,18,4,2,320
550,10,3,3,290
550,20,1,4,490
550,9,4,5,320
550,19,2,6,390
550,4,3,7,290
550,3,3,8,290
550,7,3,9,290
550,16,2,10,390
551,11,4,1,450
551,15,1,2,400
551,17,3,3,90
551,7,3,4,90
551,1,3,5,90
551,4,3,6,90
551,5,1,7,400
551,14,2,8,480
552,18,4,1,400
552,14,2,2,70
552,6,3,3,430
552,5,1,4,410
552,9,4,5,400
552,13,3,6,430
553,19,2,1,380
553,16,2,2,380
553,4,3,3,140
553,7,3,4,140
553,5,1,5,420
553,2,2,6,380
553,13,3,7,140
553,15,1,8,420
553,20,1,9,420
554,17,3,1,290
554,10,3,2,290
554,4,3,3,290
554,2,2,4,270
554,7,3,5,290
554,12,2,6,270
554,13,3,7,290
554,8,2,8,270
554,11,4,9,20
554,14,2,10,270
555,18,4,1,70
555,9,4,2,70
555,1,3,3,130
555,13,3,4,130
555,6,3,5,130
555,10,3,6,130
555,4,3,7,130
555,12,2,8,480
556,20,1,1,340
556,13,3,2,110
556,14,2,3,130
556,17,3,4,110
556,2,2,5,130
556,15,1,6,340
556,3,3,7,110
556,5,1,8,340
557,18,4,1,120
557,3,3,2,110
557,19,2,3,340
557,13,3,4,110
557,12,2,5,340
557,10,3,6,110
557,7,3,7,110
557,2,2,8,340
557,17,3,9,110
557,14,2,10,340
558,20,1,1,110
558,2,2,2,200
558,15,1,3,110
558,5,1,4,110
558,1,3,5,410
559,12,2,1,130
559,2,2,2,130
559,4,3,3,360
559,8,2,4,130
559,19,2,5,130
559,18,4,6,350
559,17,3,7,360
559,10,3,8,360
560,9,4,1,310
560,13,3,2,230
560,4,3,3,230
560,14,2,4,70
560,18,4,5,310
560,1,3,6,230
560,8,2,7,70
560,17,3,8,230
561,17,3,1,40
561,8,2,2,60
561,2,2,3,60
561,6,3,4,40
561,5,1,5,490
561,20,1,6,490
561,16,2,7,60
561,11,4,8,470
561,9,4,9,470
562,1,3,1,0
562,12,2,2,320
562,18,4,3,80
562,8,2,4,320
562,5,1,5,70
563,9,4,1,270
563,10,3,2,270
563,18,4,3,270
563,5,1,4,80
563,6,3,5,270
563,4,3,6,270
563,11,4,7,270
563,3,3,8,270
563,12,2,9,300
563,20,1,10,80
564,5,1,1,370
564,17,3,2,480
564,13,3,3,480
564,6,3,4,480
564,20,1,5,370
564,10,3,6,480
564,8,2,7,450
564,2,2,8,450
564,19,2,9,450
565,17,3,1,60
565,11,4,2,300
565,5,1,3,140
565,19,2,4,430
565,20,1,5,140
566,7,3,1,160
566,16,2,2,10
566,4,3,3,160
566,13,3,4,160
566,11,4,5,60
566,2,2,6,10
567,15,1,1,140
567,1,3,2,350
567,8,2,3,470
567,12,2,4,470
567,3,3,5,350
567,4,3,6,350
567,5,1,7,140
568,5,1,1,280
568,2,2,2,210
568,10,3,3,340
568,3,3,4,340
568,13,3,5,340
568,6,3,6,340
568,20,1,7,280
568,19,2,8,210
569,16,2,1,150
569,2,2,2,150
569,8,2,3,150
569,10,3,4,470
569,17,3,5,470
569,9,4,6,20
569,18,4,7,20
569,1,3,8,470
569,13,3,9,470
570,20,1,1,370
570,9,4,2,370
570,14,2,3,260
570,10,3,4,110
570,12,2,5,260
570,4,3,6,110
570,18,4,7,370
570,1,3,8,110
570,8,2,9,260
571,19,2,1,440
571,12,2,2,440
571,3,3,3,260
571,18,4,4,50
571,2,2,5,440
571,20,1,6,60
571,1,3,7,260
571,9,4,8,50
571,6,3,9,260
572,13,3,1,440
572,1,3,2,440
572,4,3,3,440
572,8,2,4,190
572,19,2,5,190
572,7,3,6,440
573,12,2,1,440
573,3,3,2,270
573,1,3,3,270
573,5,1,4,300
573,19,2,5,440
573,11,4,6,120
573,10,3,7,270
573,20,1,8,300
573,7,3,9,270
574,3,3,1,70
574,14,2,2,130
574,20,1,3,200
574,13,3,4,70
574,12,2,5,130
574,11,4,6,470
574,19,2,7,130
574,9,4,8,470
575,12,2,1,430
575,1,3,2,50
575,16,2,3,430
575,14,2,4,430
575,5,1,5,290
575,18,4,6,350
575,8,2,7,430
575,3,3,8,50
576,9,4,1,450
576,18,4,2,450
576,16,2,3,40
576,7,3,4,230
576,8,2,5,40
576,1,3,6,230
576,19,2,7,40
576,20,1,8,120
576,11,4,9,450
577,3,3,1,30
577,7,3,2,30
577,2,2,3,480
577,8,2,4,480
577,12,2,5,480
578,17,3,1,490
578,20,1,2,410
578,15,1,3,410
578,10,3,4,490
578,4,3,5,490
578,1,3,6,490
579,3,3,1,290
579,20,1,2,200
579,5,1,3,200
579,14,2,4,20
579,19,2,5,20
579,16,2,6,20
579,8,2,7,20
579,2,2,8,20
579,13,3,9,290
579,12,2,10,20
580,19,2,1,30
580,6,3,2,100
580,8,2,3,30
580,17,3,4,100
580,18,4,5,490
580,14,2,6,30
581,14,2,1,120
581,16,2,2,120
581,17,3,3,120
581,11,4,4,10
581,8,2,5,120
582,3,3,1,30
582,9,4,2,350
582,12,2,3,310
582,19,2,4,310
582,13,3,5,30
582,16,2,6,310
582,2,2,7,310
583,12,2,1,150
583,14,2,2,150
583,17,3,3,100
583,13,3,4,100
583,3,3,5,100
583,18,4,6,90
583,4,3,7,100
583,10,3,8,100
584,12,2,1,360
584,9,4,2,250
584,1,3,3,230
584,11,4,4,250
584,3,3,5,230
585,1,3,1,350
585,6,3,2,350
585,9,4,3,260
585,11,4,4,260
585,5,1,5,170
585,13,3,6,350
585,15,1,7,170
585,2,2,8,340
586,1,3,1,240
586,8,2,2,330
586,5,1,3,310
586,3,3,4,240
586,10,3,5,240
586,9,4,6,140
587,7,3,1,30
587,13,3,2,30
587,12,2,3,10
587,1,3,4,30
587,14,2,5,10
587,20,1,6,320
587,5,1,7,320
588,3,3,1,110
588,13,3,2,110
588,8,2,3,430
588,16,2,4,430
588,9,4,5,130
588,15,1,6,200
588,7,3,7,110
588,1,3,8,110
588,19,2,9,430
588,17,3,10,110
589,7,3,1,380
589,2,2,2,370
589,18,4,3,30
589,10,3,4,380
589,12,2,5,370
589,15,1,6,190
589,13,3,7,380
590,6,3,1,70
590,11,4,2,260
590,18,4,3,260
590,1,3,4,70
590,9,4,5,260
590,16,2,6,30
590,15,1,7,320
590,17,3,8,70
590,13,3,9,70
591,16,2,1,480
591,17,3,2,130
591,3,3,3,130
591,14,2,4,480
591,15,1,5,20
591,12,2,6,480
591,8,2,7,480
592,20,1,1,20
592,5,1,2,20
592,9,4,3,200
592,19,2,4,310
592,13,3,5,100
592,4,3,6,100
593,13,3,1,80
593,9,4,2,270
593,15,1,3,30
593,8,2,4,30
593,14,2,5,30
593,20,1,6,30
593,10,3,7,80
593,11,4,8,270
593,7,3,9,80
594,19,2,1,130
594,4,3,2,30
594,12,2,3,130
594,3,3,4,30
594,17,3,5,30
594,7,3,6,30
594,20,1,7,200
594,1,3,8,30
594,8,2,9,130
594,18,4,10,220
595,17,3,1,130
595,20,1,2,330
595,4,3,3,130
595,18,4,4,310
595,13,3,5,130
595,2,2,6,250
595,5,1,7,330
595,16,2,8,250
596,13,3,1,150
596,19,2,2,90
596,5,1,3,150
596,20,1,4,150
596,4,3,5,150
596,3,3,6,150
597,7,3,1,260
597,19,2,2,70
597,6,3,3,260
597,12,2,4,70
597,3,3,5,260
597,2,2,6,70
597,15,1,7,30
597,16,2,8,70
598,6,3,1,330
598,10,3,2,330
598,13,3,3,330
598,3,3,4,330
598,9,4,5,340
598,16,2,6,320
598,8,2,7,320
598,15,1,8,440
598,20,1,9,440
599,12,2,1,440
599,19,2,2,440
599,11,4,3,60
599,6,3,4,190
599,1,3,5,190
600,9,4,1,440
600,18,4,2,440
600,1,3,3,390
600,5,1,4,110
600,12,2,5,120
601,19,2,1,480
601,3,3,2,220
601,2,2,3,480
601,9,4,4,220
601,11,4,5,220
601,13,3,6,220
601,4,3,7,220
602,19,2,1,120
602,12,2,2,120
602,11,4,3,180
602,14,2,4,120
602,5,1,5,110
602,9,4,6,180
602,4,3,7,480
603,20,1,1,460
603,15,1,2,460
603,9,4,3,0
603,7,3,4,460
603,8,2,5,450
603,1,3,6,460
603,12,2,7,450
603,13,3,8,460
603,4,3,9,460
604,4,3,1,450
604,16,2,2,60
604,5,1,3,170
604,14,2,4,60
604,6,3,5,450
604,3,3,6,450
604,13,3,7,450
605,12,2,1,210
605,15,1,2,430
605,3,3,3,290
605,6,3,4,290
605,5,1,5,430
606,20,1,1,200
606,2,2,2,350
606,9,4,3,470
606,17,3,4,410
606,4,3,5,410
606,18,4,6,470
606,13,3,7,410
607,11,4,1,400
607,7,3,2,240
607,16,2,3,200
607,19,2,4,200
607,5,1,5,430
607,9,4,6,400
608,20,1,1,110
608,12,2,2,200
608,9,4,3,420
608,5,1,4,110
608,14,2,5,200
608,19,2,6,200
608,11,4,7,420
609,7,3,1,50
609,12,2,2,440
609,2,2,3,440
609,6,3,4,50
609,9,4,5,480
609,15,1,6,70
609,5,1,7,70
609,3,3,8,50
610,11,4,1,40
610,1,3,2,100
610,9,4,3,40
610,14,2,4,450
610,4,3,5,100
611,2,2,1,0
611,19,2,2,0
611,12,2,3,0
611,11,4,4,0
611,4,3,5,150
611,10,3,6,150
612,9,4,1,390
612,13,3,2,430
612,8,2,3,420
612,19,2,4,420
612,5,1,5,30
612,17,3,6,430
612,2,2,7,420
612,20,1,8,30
612,1,3,9,430
613,8,2,1,430
613,2,2,2,430
613,16,2,3,430
613,19,2,4,430
613,17,3,5,170
613,20,1,6,270
613,9,4,7,230
613,4,3,8,170
614,6,3,1,370
614,3,3,2,370
614,15,1,3,20
614,4,3,4,370
614,7,3,5,370
614,16,2,6,370
614,17,3,7,370
614,9,4,8,310
615,5,1,1,10
615,7,3,2,190
615,20,1,3,10
615,3,3,4,190
615,19,2,5,240
615,2,2,6,240
615,6,3,7,190
615,10,3,8,190
615,14,2,9,240
615,18,4,10,370
616,4,3,1,330
616,14,2,2,100
616,7,3,3,330
616,10,3,4,330
616,9,4,5,60
616,19,2,6,100
616,12,2,7,100
616,17,3,8,330
617,6,3,1,210
617,2,2,2,370
617,15,1,3,110
617,7,3,4,210
617,9,4,5,160
617,17,3,6,210
617,14,2,7,370
617,1,3,8,210
618,8,2,1,290
618,10,3,2,210
618,1,3,3,210
618,2,2,4,290
618,4,3,5,210
618,19,2,6,290
619,17,3,1,380
619,2,2,2,190
619,3,3,3,380
619,9,4,4,120
619,19,2,5,190
619,1,3,6,380
619,8,2,7,190
619,14,2,8,190
619,5,1,9,120
620,10,3,1,300
620,1,3,2,300
620,2,2,3,250
620,11,4,4,280
620,3,3,5,300
621,16,2,1,370
621,19,2,2,370
621,18,4,3,410
621,4,3,4,210
621,11,4,5,410
621,9,4,6,410
622,11,4,1,450
622,3,3,2,180
622,20,1,3,10
622,12,2,4,50
622,5,1,5,10
622,8,2,6,50
623,2,2,1,30
623,12,2,2,30
623,3,3,3,230
623,15,1,4,110
623,14,2,5,30
623,19,2,6,30
624,7,3,1,130
624,10,3,2,130
624,15,1,3,150
624,6,3,4,130
624,17,3,5,130
624,9,4,6,10
624,8,2,7,290
624,5,1,8,150
624,16,2,9,290
624,18,4,10,10
625,19,2,1,290
625,4,3,2,60
625,11,4,3,120
625,16,2,4,290
625,10,3,5,60
626,16,2,1,480
626,19,2,2,480
626,3,3,3,330
626,15,1,4,0
626,8,2,5,480
626,1,3,6,330
626,17,3,7,330
626,7,3,8,330
626,5,1,9,0
627,10,3,1,330
627,7,3,2,330
627,6,3,3,330
627,2,2,4,250
627,9,4,5,160
627,16,2,6,250
627,8,2,7,250
627,13,3,8,330
627,12,2,9,250
628,11,4,1,370
628,15,1,2,480
628,3,3,3,340
628,4,3,4,340
628,12,2,5,210
628,17,3,6,340
628,9,4,7,370
628,10,3,8,340
629,20,1,1,310
629,10,3,2,430
629,11,4,3,430
629,14,2,4,100
629,2,2,5,100
629,15,1,6,310
629,8,2,7,100
629,1,3,8,430
629,6,3,9,430
629,17,3,10,430
630,8,2,1,170
630,15,1,2,490
630,16,2,3,170
630,19,2,4,170
630,3,3,5,440
630,10,3,6,440
630,20,1,7,490
631,1,3,1,480
631,8,2,2,200
631,16,2,3,200
631,12,2,4,200
631,14,2,5,200
631,20,1,6,70
631,2,2,7,200
632,3,3,1,230
632,4,3,2,230
632,6,3,3,230
632,17,3,4,230
632,10,3,5,230
632,12,2,6,320
633,16,2,1,310
633,19,2,2,310
633,18,4,3,310
633,12,2,4,310
633,20,1,5,90
634,13,3,1,300
634,1,3,2,300
634,18,4,3,350
634,11,4,4,350
634,15,1,5,10
635,12,2,1,250
635,8,2,2,250
635,17,3,3,180
635,20,1,4,450
635,11,4,5,410
635,16,2,6,250
635,6,3,7,180
635,5,1,8,450
636,7,3,1,310
636,16,2,2,160
636,8,2,3,160
636,15,1,4,240
636,13,3,5,310
636,20,1,6,240
637,20,1,1,480
637,8,2,2,280
637,2,2,3,280
637,16,2,4,280
637,4,3,5,450
637,6,3,6,450
637,17,3,7,450
637,1,3,8,450
638,16,2,1,170
638,13,3,2,460
638,15,1,3,400
638,3,3,4,460
638,2,2,5,170
639,12,2,1,150
639,18,4,2,300
639,5,1,3,70
639,9,4,4,300
639,13,3,5,250
639,4,3,6,250
639,3,3,7,250
640,1,3,1,30
640,8,2,2,180
640,19,2,3,180
640,3,3,4,30
640,20,1,5,170
640,7,3,6,30
640,5,1,7,170
640,10,3,8,30
640,2,2,9,180
641,16,2,1,150
641,5,1,2,420
641,20,1,3,420
641,10,3,4,200
641,18,4,5,190
641,12,2,6,150
641,15,1,7,420
641,19,2,8,150
642,14,2,1,360
642,12,2,2,360
642,1,3,3,390
642,16,2,4,360
642,18,4,5,310
642,20,1,6,190
642,7,3,7,390
642,13,3,8,390
642,15,1,9,190
643,9,4,1,150
643,6,3,2,130
643,13,3,3,130
643,14,2,4,460
643,8,2,5,460
643,12,2,6,460
644,14,2,1,320
644,20,1,2,40
644,7,3,3,320
644,8,2,4,320
644,4,3,5,320
645,4,3,1,50
645,13,3,2,50
645,7,3,3,50
645,1,3,4,50
645,16,2,5,300
645,5,1,6,230
645,17,3,7,50
645,15,1,8,230
646,2,2,1,470
646,17,3,2,100
646,9,4,3,110
646,4,3,4,100
646,15,1,5,10
646,1,3,6,100
647,8,2,1,380
647,4,3,2,190
647,13,3,3,190
647,11,4,4,140
647,14,2,5,380
647,17,3,6,190
647,20,1,7,110
647,1,3,8,190
648,11,4,1,400
648,13,3,2,210
648,2,2,3,330
648,19,2,4,330
648,8,2,5,330
649,19,2,1,350
649,5,1,2,340
649,14,2,3,350
649,11,4,4,240
649,3,3,5,370
649,13,3,6,370
649,17,3,7,370
649,4,3,8,370
650,3,3,1,70
650,10,3,2,70
650,17,3,3,70
650,5,1,4,40
650,13,3,5,70
650,18,4,6,320
650,20,1,7,40
651,7,3,1,170
651,5,1,2,30
651,3,3,3,170
651,11,4,4,270
651,18,4,5,270
651,19,2,6,490
651,8,2,7,490
651,4,3,8,170
652,1,3,1,320
652,15,1,2,250
652,12,2,3,420
652,17,3,4,320
652,6,3,5,320
652,5,1,6,250
653,10,3,1,410
653,14,2,2,240
653,19,2,3,240
653,20,1,4,230
653,9,4,5,160
653,8,2,6,240
653,13,3,7,410
653,2,2,8,240
653,3,3,9,410
653,6,3,10,410
654,4,3,1,210
654,5,1,2,290
654,18,4,3,30
654,1,3,4,210
654,17,3,5,210
654,9,4,6,30
654,16,2,7,460
654,20,1,8,290
655,19,2,1,360
655,10,3,2,350
655,18,4,3,460
655,1,3,4,350
655,7,3,5,350
655,5,1,6,60
655,8,2,7,360
655,6,3,8,350
655,14,2,9,360
656,13,3,1,360
656,12,2,2,360
656,16,2,3,360
656,6,3,4,360
656,8,2,5,360
657,11,4,1,380
657,18,4,2,380
657,3,3,3,130
657,2,2,4,70
657,14,2,5,70
657,8,2,6,70
657,1,3,7,130
658,3,3,1,10
658,18,4,2,120
658,11,4,3,120
658,13,3,4,10
658,7,3,5,10
658,9,4,6,120
658,17,3,7,10
658,6,3,8,10
658,14,2,9,480
658,12,2,10,480
659,18,4,1,470
659,9,4,2,470
659,10,3,3,490
659,5,1,4,450
659,17,3,5,490
660,4,3,1,390
660,16,2,2,470
660,19,2,3,470
660,12,2,4,470
660,14,2,5,470
661,8,2,1,420
661,6,3,2,170
661,10,3,3,170
661,12,2,4,420
661,15,1,5,290
661,16,2,6,420
661,14,2,7,420
661,18,4,8,150
661,3,3,9,170
661,20,1,10,290
662,2,2,1,150
662,18,4,2,420
662,17,3,3,0
662,9,4,4,420
662,16,2,5,150
662,1,3,6,0
663,11,4,1,180
663,1,3,2,290
663,16,2,3,460
663,13,3,4,290
663,6,3,5,290
663,3,3,6,290
663,7,3,7,290
663,17,3,8,290
663,8,2,9,460
664,8,2,1,340
664,19,2,2,340
664,15,1,3,140
664,17,3,4,0
664,14,2,5,340
665,18,4,1,220
665,20,1,2,230
665,3,3,3,430
665,9,4,4,220
665,12,2,5,410
666,16,2,1,180
666,19,2,2,180
666,1,3,3,400
666,14,2,4,180
666,11,4,5,330
666,13,3,6,400
666,20,1,7,180
666,12,2,8,180
666,18,4,9,330
666,17,3,10,400
667,9,4,1,230
667,7,3,2,190
667,11,4,3,230
667,14,2,4,10
667,15,1,5,40
667,13,3,6,190
667,8,2,7,10
667,3,3,8,190
667,20,1,9,40
667,2,2,10,10
668,18,4,1,260
668,20,1,2,450
668,17,3,3,10
668,3,3,4,10
668,15,1,5,450
669,4,3,1,230
669,14,2,2,380
669,12,2,3,380
669,2,2,4,380
669,20,1,5,290
669,16,2,6,380
670,16,2,1,370
670,19,2,2,370
670,15,1,3,350
670,4,3,4,390
670,1,3,5,390
670,2,2,6,370
670,12,2,7,370
670,3,3,8,390
670,10,3,9,390
671,10,3,1,280
671,2,2,2,10
671,18,4,3,50
671,13,3,4,280
671,16,2,5,10
671,11,4,6,50
671,9,4,7,50
671,5,1,8,230
671,17,3,9,280
671,8,2,10,10
672,1,3,1,10
672,8,2,2,350
672,16,2,3,350
672,6,3,4,10
672,10,3,5,10
672,14,2,6,350
672,11,4,7,30
672,4,3,8,10
672,3,3,9,10
673,1,3,1,340
673,6,3,2,340
673,17,3,3,340
673,3,3,4,340
673,9,4,5,400
673,12,2,6,270
673,15,1,7,440
673,5,1,8,440
673,18,4,9,400
673,13,3,10,340
674,11,4,1,430
674,17,3,2,60
674,14,2,3,300
674,6,3,4,60
674,3,3,5,60
674,16,2,6,300
674,5,1,7,200
674,12,2,8,300
675,1,3,1,390
675,14,2,2,150
675,18,4,3,330
675,15,1,4,140
675,11,4,5,330
675,2,2,6,150
676,14,2,1,290
676,16,2,2,290
676,19,2,3,290
676,13,3,4,380
676,7,3,5,380
676,17,3,6,380
676,18,4,7,110
676,11,4,8,110
677,14,2,1,360
677,10,3,2,400
677,4,3,3,400
677,20,1,4,280
677,2,2,5,360
677,9,4,6,260
678,6,3,1,230
678,10,3,2,230
678,2,2,3,120
678,15,1,4,210
678,17,3,5,230
678,12,2,6,120
678,1,3,7,230
678,20,1,8,210
679,16,2,1,80
679,5,1,2,210
679,14,2,3,80
679,19,2,4,80
679,18,4,5,280
679,6,3,6,60
680,4,3,1,480
680,5,1,2,0
680,17,3,3,480
680,15,1,4,0
680,14,2,5,140
681,19,2,1,140
681,1,3,2,30
681,16,2,3,140
681,7,3,4,30
681,8,2,5,140
681,2,2,6,140
682,4,3,1,120
682,12,2,2,200
682,20,1,3,330
682,11,4,4,400
682,1,3,5,120
682,17,3,6,120
682,2,2,7,200
683,2,2,1,340
683,20,1,2,240
683,1,3,3,180
683,10,3,4,180
683,19,2,5,340
683,8,2,6,340
683,4,3,7,180
683,9,4,8,440
683,3,3,9,180
683,7,3,10,180
684,3,3,1,400
684,18,4,2,10
684,10,3,3,400
684,7,3,4,400
684,15,1,5,400
684,2,2,6,30
684,11,4,7,10
684,5,1,8,400
684,4,3,9,400
685,4,3,1,230
685,19,2,2,40
685,8,2,3,40
685,16,2,4,40
685,11,4,5,460
685,9,4,6,460
685,13,3,7,230
685,18,4,8,460
686,19,2,1,390
686,5,1,2,270
686,9,4,3,0
686,1,3,4,370
686,17,3,5,370
686,13,3,6,370
686,16,2,7,390
687,11,4,1,440
687,5,1,2,280
687,8,2,3,360
687,13,3,4,230
687,2,2,5,360
687,1,3,6,230
687,15,1,7,280
688,6,3,1,240
688,13,3,2,240
688,14,2,3,140
688,5,1,4,430
688,12,2,5,140
688,4,3,6,240
688,15,1,7,430
688,8,2,8,140
689,14,2,1,50
689,1,3,2,10
689,5,1,3,90
689,2,2,4,50
689,3,3,5,10
689,16,2,6,50
689,7,3,7,10
689,13,3,8,10
689,19,2,9,50
689,8,2,10,50
690,6,3,1,10
690,19,2,2,90
690,16,2,3,90
690,14,2,4,90
690,18,4,5,410
690,12,2,6,90
690,13,3,7,10
690,17,3,8,10
690,7,3,9,10
690,9,4,10,410
691,8,2,1,340
691,2,2,2,340
691,15,1,3,270
691,19,2,4,340
691,18,4,5,80
691,5,1,6,270
691,17,3,7,200
691,13,3,8,200
692,6,3,1,170
692,15,1,2,210
692,20,1,3,210
692,12,2,4,50
692,11,4,5,80
692,9,4,6,80
692,16,2,7,50
692,8,2,8,50
692,3,3,9,170
692,5,1,10,210
693,9,4,1,410
693,1,3,2,20
693,10,3,3,20
693,3,3,4,20
693,5,1,5,200
694,17,3,1,490
694,11,4,2,400
694,4,3,3,490
694,10,3,4,490
694,19,2,5,380
695,14,2,1,330
695,20,1,2,280
695,8,2,3,330
695,15,1,4,280
695,11,4,5,440
695,10,3,6,80
695,6,3,7,80
695,16,2,8,330
695,13,3,9,80
695,9,4,10,440
696,7,3,1,270
696,3,3,2,270
696,5,1,3,220
696,1,3,4,270
696,16,2,5,120
696,17,3,6,270
697,13,3,1,20
697,7,3,2,20
697,11,4,3,80
697,20,1,4,440
697,18,4,5,80
698,13,3,1,20
698,14,2,2,360
698,11,4,3,240
698,8,2,4,360
698,3,3,5,20
698,16,2,6,360
698,7,3,7,20
698,5,1,8,100
699,5,1,1,170
699,13,3,2,330
699,8,2,3,260
699,9,4,4,340
699,2,2,5,260
699,7,3,6,330
699,17,3,7,330
700,4,3,1,390
700,9,4,2,360
700,17,3,3,390
700,13,3,4,390
700,11,4,5,360
700,14,2,6,150
700,8,2,7,150
701,10,3,1,320
701,16,2,2,150
701,5,1,3,140
701,2,2,4,150
701,4,3,5,320
701,20,1,6,140
701,12,2,7,150
701,18,4,8,460
701,15,1,9,140
702,8,2,1,480
702,18,4,2,420
702,12,2,3,480
702,20,1,4,350
702,19,2,5,480
702,2,2,6,480
702,14,2,7,480
702,3,3,8,20
702,17,3,9,20
703,15,1,1,430
703,4,3,2,250
703,9,4,3,230
703,18,4,4,230
703,17,3,5,250
704,7,3,1,360
704,19,2,2,250
704,6,3,3,360
704,9,4,4,410
704,12,2,5,250
704,11,4,6,410
704,3,3,7,360
704,10,3,8,360
704,14,2,9,250
704,8,2,10,250
705,20,1,1,330
705,11,4,2,190
705,6,3,3,260
705,1,3,4,260
705,5,1,5,330
705,15,1,6,330
706,16,2,1,470
706,3,3,2,470
706,10,3,3,470
706,9,4,4,410
706,2,2,5,470
706,17,3,6,470
706,12,2,7,470
707,18,4,1,160
707,2,2,2,100
707,11,4,3,160
707,16,2,4,100
707,10,3,5,70
707,15,1,6,380
708,19,2,1,90
708,6,3,2,280
708,3,3,3,280
708,15,1,4,400
708,1,3,5,280
708,18,4,6,290
708,8,2,7,90
708,4,3,8,280
709,12,2,1,160
709,5,1,2,240
709,4,3,3,370
709,3,3,4,370
709,13,3,5,370
709,16,2,6,160
709,1,3,7,370
709,10,3,8,370
709,6,3,9,370
709,18,4,10,330
710,15,1,1,80
710,13,3,2,90
710,20,1,3,80
710,6,3,4,90
710,2,2,5,130
710,19,2,6,130
710,11,4,7,190
710,12,2,8,130
711,7,3,1,240
711,5,1,2,190
711,6,3,3,240
711,2,2,4,430
711,3,3,5,240
711,8,2,6,430
712,1,3,1,140
712,5,1,2,280
712,11,4,3,170
712,9,4,4,170
712,19,2,5,0
712,13,3,6,140
713,11,4,1,0
713,5,1,2,400
713,2,2,3,480
713,16,2,4,480
713,12,2,5,480
713,18,4,6,0
713,3,3,7,20
714,16,2,1,10
714,4,3,2,190
714,18,4,3,70
714,17,3,4,190
714,3,3,5,190
714,2,2,6,10
714,10,3,7,190
714,6,3,8,190
715,11,4,1,330
715,18,4,2,330
715,7,3,3,270
715,20,1,4,470
715,6,3,5,270
716,2,2,1,230
716,11,4,2,320
716,15,1,3,210
716,1,3,4,160
716,6,3,5,160
717,5,1,1,360
717,3,3,2,140
717,16,2,3,440
717,20,1,4,360
717,8,2,5,440
717,1,3,6,140
718,16,2,1,360
718,11,4,2,0
718,20,1,3,410
718,2,2,4,360
718,6,3,5,450
718,4,3,6,450
718,15,1,7,410
719,9,4,1,130
719,5,1,2,90
719,19,2,3,60
719,16,2,4,60
719,12,2,5,60
719,15,1,6,90
719,3,3,7,410
719,13,3,8,410
719,1,3,9,410
719,7,3,10,410
720,1,3,1,110
720,16,2,2,20
720,11,4,3,200
720,12,2,4,20
720,9,4,5,200
720,18,4,6,200
720,6,3,7,110
720,2,2,8,20
720,17,3,9,110
721,11,4,1,270
721,13,3,2,430
721,14,2,3,170
721,1,3,4,430
721,17,3,5,430
721,7,3,6,430
721,19,2,7,170
721,9,4,8,270
721,10,3,9,430
722,2,2,1,60
722,7,3,2,180
722,17,3,3,180
722,14,2,4,60
722,20,1,5,290
722,6,3,6,180
722,10,3,7,180
722,19,2,8,60
723,14,2,1,50
723,20,1,2,120
723,12,2,3,50
723,9,4,4,100
723,3,3,5,270
723,18,4,6,100
723,6,3,7,270
723,8,2,8,50
723,13,3,9,270
724,19,2,1,290
724,4,3,2,300
724,17,3,3,300
724,8,2,4,290
724,12,2,5,290
724,10,3,6,300
725,11,4,1,450
725,19,2,2,410
725,13,3,3,480
725,3,3,4,480
725,8,2,5,410
725,18,4,6,450
725,10,3,7,480
725,15,1,8,170
725,9,4,9,450
725,7,3,10,480
726,2,2,1,310
726,5,1,2,480
726,9,4,3,450
726,10,3,4,220
726,8,2,5,310
726,20,1,6,480
726,7,3,7,220
727,16,2,1,440
727,18,4,2,20
727,20,1,3,210
727,13,3,4,20
727,1,3,5,20
727,14,2,6,440
727,10,3,7,20
727,8,2,8,440
728,15,1,1,180
728,18,4,2,340
728,2,2,3,280
728,16,2,4,280
728,11,4,5,340
728,14,2,6,280
728,13,3,7,210
728,12,2,8,280
729,9,4,1,370
729,4,3,2,280
729,15,1,3,20
729,7,3,4,280
729,13,3,5,280
730,13,3,1,170
730,9,4,2,470
730,6,3,3,170
730,14,2,4,0
730,19,2,5,0
730,15,1,6,190
730,18,4,7,470
730,8,2,8,0
731,8,2,1,160
731,15,1,2,140
731,17,3,3,150
731,5,1,4,140
731,12,2,5,160
732,10,3,1,380
732,4,3,2,380
732,18,4,3,210
732,12,2,4,210
732,17,3,5,380
733,4,3,1,350
733,18,4,2,10
733,16,2,3,70
733,17,3,4,350
733,20,1,5,360
733,6,3,6,350
733,11,4,7,10
734,13,3,1,260
734,18,4,2,100
734,1,3,3,260
734,7,3,4,260
734,14,2,5,140
734,9,4,6,100
734,17,3,7,260
734,11,4,8,100
735,18,4,1,480
735,17,3,2,160
735,7,3,3,160
735,11,4,4,480
735,15,1,5,30
735,16,2,6,250
735,6,3,7,160
735,8,2,8,250
735,1,3,9,160
736,8,2,1,470
736,18,4,2,490
736,14,2,3,470
736,13,3,4,330
736,17,3,5,330
737,19,2,1,270
737,5,1,2,390
737,7,3,3,170
737,4,3,4,170
737,13,3,5,170
737,14,2,6,270
737,8,2,7,270
737,15,1,8,390
738,18,4,1,130
738,6,3,2,90
738,10,3,3,90
738,5,1,4,80
738,15,1,5,80
738,9,4,6,130
738,19,2,7,280
738,12,2,8,280
738,1,3,9,90
739,12,2,1,30
739,14,2,2,30
739,16,2,3,30
739,3,3,4,20
739,8,2,5,30
740,17,3,1,340
740,8,2,2,250
740,7,3,3,340
740,4,3,4,340
740,15,1,5,420
740,10,3,6,340
740,3,3,7,340
741,11,4,1,20
741,19,2,2,480
741,1,3,3,140
741,5,1,4,0
741,8,2,5,480
741,6,3,6,140
741,14,2,7,480
741,17,3,8,140
742,6,3,1,210
742,16,2,2,190
742,19,2,3,190
742,20,1,4,120
742,11,4,5,130
742,17,3,6,210
743,5,1,1,0
743,12,2,2,120
743,19,2,3,120
743,2,2,4,120
743,6,3,5,360
743,14,2,6,120
743,4,3,7,360
743,7,3,8,360
743,1,3,9,360
743,9,4,10,290
744,1,3,1,140
744,15,1,2,120
744,18,4,3,150
744,2,2,4,400
744,9,4,5,150
744,16,2,6,400
744,12,2,7,400
744,11,4,8,150
744,17,3,9,140
745,18,4,1,370
745,3,3,2,340
745,12,2,3,290
745,6,3,4,340
745,8,2,5,290
745,17,3,6,340
745,16,2,7,290
746,6,3,1,480
746,14,2,2,460
746,3,3,3,480
746,4,3,4,480
746,11,4,5,480
746,16,2,6,460
746,1,3,7,480
746,13,3,8,480
746,19,2,9,460
746,10,3,10,480
747,3,3,1,250
747,7,3,2,250
747,13,3,3,250
747,19,2,4,30
747,20,1,5,160
747,11,4,6,20
747,12,2,7,30
747,16,2,8,30
748,14,2,1,0
748,12,2,2,0
748,2,2,3,0
748,6,3,4,60
748,9,4,5,340
748,8,2,6,0
748,19,2,7,0
748,20,1,8,110
749,18,4,1,310
749,17,3,2,60
749,8,2,3,120
749,16,2,4,120
749,2,2,5,120
749,3,3,6,60
749,12,2,7,120
750,12,2,1,440
750,2,2,2,440
750,19,2,3,440
750,9,4,4,80
750,16,2,5,440
750,15,1,6,200
750,14,2,7,440
750,8,2,8,440
751,9,4,1,490
751,4,3,2,170
751,14,2,3,380
751,19,2,4,380
751,1,3,5,170
751,12,2,6,380
751,5,1,7,350
751,3,3,8,170
752,7,3,1,270
752,13,3,2,270
752,16,2,3,470
752,14,2,4,470
752,5,1,5,280
752,2,2,6,470
752,15,1,7,280
752,9,4,8,130
753,12,2,1,410
753,20,1,2,170
753,8,2,3,410
753,16,2,4,410
753,10,3,5,490
753,13,3,6,490
754,6,3,1,170
754,1,3,2,170
754,20,1,3,300
754,7,3,4,170
754,19,2,5,80
755,11,4,1,150
755,17,3,2,30
755,10,3,3,30
755,7,3,4,30
755,12,2,5,390
755,19,2,6,390
756,18,4,1,350
756,12,2,2,90
756,17,3,3,120
756,6,3,4,120
756,20,1,5,20
756,5,1,6,20
756,8,2,7,90
756,1,3,8,120
756,11,4,9,350
757,13,3,1,310
757,6,3,2,310
757,19,2,3,20
757,20,1,4,250
757,16,2,5,20
757,10,3,6,310
757,5,1,7,250
757,1,3,8,310
758,19,2,1,110
758,10,3,2,100
758,3,3,3,100
758,9,4,4,470
758,12,2,5,110
759,16,2,1,400
759,9,4,2,230
759,12,2,3,400
759,3,3,4,110
759,5,1,5,180
760,7,3,1,240
760,2,2,2,280
760,1,3,3,240
760,15,1,4,280
760,4,3,5,240
761,14,2,1,100
761,13,3,2,40
761,1,3,3,40
761,20,1,4,150
761,17,3,5,40
761,10,3,6,40
761,6,3,7,40
761,3,3,8,40
762,4,3,1,310
762,13,3,2,310
762,14,2,3,450
762,15,1,4,370
762,11,4,5,150
763,19,2,1,180
763,18,4,2,450
763,17,3,3,350
763,4,3,4,350
763,12,2,5,180
763,9,4,6,450
763,16,2,7,180
764,14,2,1,140
764,1,3,2,10
764,2,2,3,140
764,11,4,4,0
764,10,3,5,10
764,19,2,6,140
765,1,3,1,410
765,20,1,2,320
765,11,4,3,240
765,19,2,4,10
765,5,1,5,320
765,4,3,6,410
765,8,2,7,10
765,13,3,8,410
766,15,1,1,300
766,9,4,2,310
766,3,3,3,210
766,4,3,4,210
766,19,2,5,40
766,11,4,6,310
767,10,3,1,280
767,6,3,2,280
767,13,3,3,280
767,7,3,4,280
767,17,3,5,280
767,2,2,6,310
767,12,2,7,310
767,16,2,8,310
767,3,3,9,280
768,2,2,1,240
768,5,1,2,30
768,9,4,3,320
768,11,4,4,320
768,12,2,5,240
768,6,3,6,110
768,20,1,7,30
768,18,4,8,320
768,10,3,9,110
768,15,1,10,30
769,5,1,1,200
769,19,2,2,240
769,14,2,3,240
769,9,4,4,250
769,18,4,5,250
769,20,1,6,200
769,13,3,7,230
770,12,2,1,90
770,10,3,2,440
770,5,1,3,20
770,17,3,4,440
770,20,1,5,20
770,6,3,6,440
771,16,2,1,30
771,20,1,2,250
771,17,3,3,190
771,8,2,4,30
771,3,3,5,190
771,13,3,6,190
771,1,3,7,190
772,2,2,1,140
772,6,3,2,310
772,20,1,3,160
772,16,2,4,140
772,17,3,5,310
772,15,1,6,160
772,9,4,7,70
772,1,3,8,310
773,10,3,1,100
773,16,2,2,440
773,12,2,3,440
773,19,2,4,440
773,15,1,5,250
774,1,3,1,200
774,6,3,2,200
774,17,3,3,200
774,7,3,4,200
774,8,2,5,350
774,10,3,6,200
775,19,2,1,430
775,13,3,2,430
775,9,4,3,50
775,17,3,4,430
775,1,3,5,430
775,7,3,6,430
776,2,2,1,390
776,13,3,2,490
776,7,3,3,490
776,9,4,4,310
776,20,1,5,320
777,8,2,1,210
777,11,4,2,250
777,20,1,3,320
777,1,3,4,350
777,16,2,5,210
777,13,3,6,350
777,18,4,7,250
778,12,2,1,190
778,2,2,2,190
778,18,4,3,0
778,16,2,4,190
778,6,3,5,60
778,9,4,6,0
778,5,1,7,380
779,4,3,1,110
779,19,2,2,320
779,17,3,3,110
779,6,3,4,110
779,2,2,5,320
779,12,2,6,320
779,16,2,7,320
780,16,2,1,160
780,15,1,2,250
780,10,3,3,80
780,12,2,4,160
780,7,3,5,80
780,8,2,6,160
780,4,3,7,80
781,8,2,1,170
781,16,2,2,170
781,4,3,3,20
781,9,4,4,390
781,15,1,5,420
781,17,3,6,20
781,20,1,7,420
781,19,2,8,170
782,6,3,1,190
782,18,4,2,170
782,2,2,3,410
782,14,2,4,410
782,9,4,5,170
782,19,2,6,410
782,7,3,7,190
782,3,3,8,190
782,10,3,9,190
782,1,3,10,190
783,18,4,1,120
783,19,2,2,250
783,14,2,3,250
783,20,1,4,190
783,9,4,5,120
783,8,2,6,250
783,6,3,7,400
783,1,3,8,400
783,11,4,9,120
784,12,2,1,90
784,1,3,2,80
784,8,2,3,90
784,19,2,4,90
784,3,3,5,80
784,20,1,6,380
784,14,2,7,90
784,15,1,8,380
784,6,3,9,80
785,9,4,1,90
785,7,3,2,60
785,6,3,3,60
785,18,4,4,90
785,11,4,5,90
785,15,1,6,190
785,14,2,7,310
785,1,3,8,60
785,10,3,9,60
785,17,3,10,60
786,13,3,1,440
786,1,3,2,440
786,12,2,3,110
786,9,4,4,60
786,10,3,5,440
786,14,2,6,110
786,20,1,7,300
787,18,4,1,440
787,17,3,2,330
787,5,1,3,210
787,9,4,4,440
787,13,3,5,330
787,2,2,6,350
787,3,3,7,330
787,16,2,8,350
788,16,2,1,130
788,10,3,2,450
788,4,3,3,450
788,20,1,4,330
788,1,3,5,450
788,18,4,6,10
788,3,3,7,450
788,13,3,8,450
789,2,2,1,50
789,8,2,2,50
789,11,4,3,410
789,15,1,4,480
789,10,3,5,80
789,5,1,6,480
790,11,4,1,480
790,8,2,2,260
790,13,3,3,260
790,2,2,4,260
790,1,3,5,260
790,16,2,6,260
790,4,3,7,260
791,7,3,1,120
791,3,3,2,120
791,12,2,3,30
791,20,1,4,350
791,5,1,5,350
792,5,1,1,40
792,12,2,2,370
792,4,3,3,10
792,10,3,4,10
792,16,2,5,370
792,1,3,6,10
792,9,4,7,450
792,13,3,8,10
793,13,3,1,320
793,12,2,2,80
793,6,3,3,320
793,15,1,4,450
793,20,1,5,450
794,14,2,1,300
794,4,3,2,490
794,10,3,3,490
794,19,2,4,300
794,1,3,5,490
794,5,1,6,180
794,7,3,7,490
794,8,2,8,300
795,9,4,1,340
795,12,2,2,80
795,7,3,3,130
795,2,2,4,80
795,19,2,5,80
796,14,2,1,0
796,17,3,2,360
796,12,2,3,0
796,16,2,4,0
796,15,1,5,330
796,3,3,6,360
796,20,1,7,330
797,19,2,1,300
797,6,3,2,400
797,4,3,3,400
797,8,2,4,300
797,15,1,5,430
797,10,3,6,400
797,16,2,7,300
797,3,3,8,400
797,7,3,9,400
797,11,4,10,170
798,20,1,1,400
798,15,1,2,400
798,8,2,3,300
798,4,3,4,100
798,6,3,5,100
798,3,3,6,100
798,2,2,7,300
798,12,2,8,300
798,10,3,9,100
798,1,3,10,100
799,18,4,1,210
799,12,2,2,320
799,13,3,3,90
799,10,3,4,90
799,17,3,5,90
799,20,1,6,370
799,5,1,7,370
799,2,2,8,320
799,15,1,9,370
800,17,3,1,270
800,10,3,2,270
800,5,1,3,350
800,15,1,4,350
800,3,3,5,270
800,11,4,6,20
801,12,2,1,130
801,9,4,2,30
801,11,4,3,30
801,10,3,4,260
801,3,3,5,260
802,7,3,1,410
802,1,3,2,410
802,15,1,3,210
802,12,2,4,30
802,10,3,5,410
802,13,3,6,410
802,11,4,7,40
803,13,3,1,410
803,14,2,2,420
803,7,3,3,410
803,16,2,4,420
803,6,3,5,410
803,1,3,6,410
803,19,2,7,420
804,1,3,1,420
804,3,3,2,420
804,5,1,3,460
804,14,2,4,360
804,7,3,5,420
804,6,3,6,420
804,16,2,7,360
804,20,1,8,460
805,7,3,1,10
805,3,3,2,10
805,8,2,3,430
805,11,4,4,110
805,2,2,5,430
806,1,3,1,250
806,12,2,2,330
806,6,3,3,250
806,19,2,4,330
806,17,3,5,250
806,20,1,6,410
806,15,1,7,410
807,3,3,1,170
807,14,2,2,460
807,20,1,3,470
807,10,3,4,170
807,12,2,5,460
807,9,4,6,90
807,17,3,7,170
807,2,2,8,460
807,8,2,9,460
808,13,3,1,120
808,20,1,2,30
808,18,4,3,390
808,14,2,4,120
808,2,2,5,120
808,6,3,6,120
808,5,1,7,30
808,7,3,8,120
809,4,3,1,170
809,16,2,2,460
809,20,1,3,230
809,17,3,4,170
809,2,2,5,460
809,15,1,6,230
809,13,3,7,170
809,3,3,8,170
810,14,2,1,100
810,3,3,2,170
810,1,3,3,170
810,20,1,4,480
810,17,3,5,170
811,7,3,1,370
811,20,1,2,120
811,9,4,3,60
811,15,1,4,120
811,1,3,5,370
812,7,3,1,160
812,15,1,2,230
812,13,3,3,160
812,14,2,4,50
812,4,3,5,160
812,19,2,6,50
812,10,3,7,160
813,3,3,1,350
813,8,2,2,170
813,13,3,3,350
813,4,3,4,350
813,2,2,5,170
813,14,2,6,170
814,9,4,1,480
814,5,1,2,370
814,8,2,3,300
814,20,1,4,370
814,13,3,5,370
814,17,3,6,370
814,19,2,7,300
814,12,2,8,300
815,8,2,1,220
815,14,2,2,220
815,4,3,3,130
815,1,3,4,130
815,12,2,5,220
815,3,3,6,130
816,8,2,1,220
816,14,2,2,220
816,6,3,3,410
816,5,1,4,10
816,12,2,5,220
817,8,2,1,370
817,19,2,2,370
817,5,1,3,110
817,15,1,4,110
817,16,2,5,370
817,10,3,6,490
817,17,3,7,490
817,6,3,8,490
817,7,3,9,490
818,20,1,1,150
818,17,3,2,70
818,3,3,3,70
818,4,3,4,70
818,9,4,5,90
819,19,2,1,130
819,12,2,2,130
819,8,2,3,130
819,2,2,4,130
819,6,3,5,440
819,14,2,6,130
819,20,1,7,130
819,15,1,8,130
819,10,3,9,440
819,7,3,10,440
820,20,1,1,110
820,2,2,2,140
820,11,4,3,240
820,9,4,4,240
820,17,3,5,320
820,8,2,6,140
821,7,3,1,110
821,1,3,2,110
821,6,3,3,110
821,17,3,4,110
821,15,1,5,90
821,13,3,6,110
822,13,3,1,460
822,16,2,2,370
822,11,4,3,390
822,15,1,4,460
822,7,3,5,460
822,14,2,6,370
823,12,2,1,270
823,1,3,2,480
823,2,2,3,270
823,8,2,4,270
823,3,3,5,480
823,20,1,6,450
823,13,3,7,480
823,17,3,8,480
824,11,4,1,110
824,5,1,2,110
824,20,1,3,110
824,8,2,4,470
824,2,2,5,470
824,19,2,6,470
824,4,3,7,70
825,12,2,1,40
825,16,2,2,40
825,19,2,3,40
825,20,1,4,490
825,6,3,5,130
826,4,3,1,290
826,6,3,2,290
826,16,2,3,430
826,10,3,4,290
826,20,1,5,360
826,14,2,6,430
826,8,2,7,430
827,3,3,1,380
827,16,2,2,150
827,4,3,3,380
827,2,2,4,150
827,15,1,5,460
827,12,2,6,150
827,10,3,7,380
828,9,4,1,370
828,6,3,2,410
828,10,3,3,410
828,19,2,4,70
828,4,3,5,410
828,3,3,6,410
828,15,1,7,230
828,7,3,8,410
829,7,3,1,240
829,6,3,2,240
829,19,2,3,160
829,4,3,4,240
829,9,4,5,130
829,3,3,6,240
829,5,1,7,250
829,20,1,8,250
829,1,3,9,240
830,18,4,1,310
830,12,2,2,470
830,2,2,3,470
830,8,2,4,470
830,9,4,5,310
830,3,3,6,490
830,11,4,7,310
830,7,3,8,490
830,5,1,9,160
830,16,2,10,470
831,4,3,1,430
831,13,3,2,430
831,7,3,3,430
831,17,3,4,430
831,12,2,5,460
831,11,4,6,30
831,10,3,7,430
831,20,1,8,320
832,19,2,1,50
832,13,3,2,120
832,5,1,3,490
832,9,4,4,230
832,3,3,5,120
832,2,2,6,50
832,7,3,7,120
832,15,1,8,490
832,4,3,9,120
832,12,2,10,50
833,4,3,1,420
833,19,2,2,410
833,18,4,3,170
833,13,3,4,420
833,14,2,5,410
833,12,2,6,410
833,2,2,7,410
833,17,3,8,420
833,7,3,9,420
834,13,3,1,0
834,3,3,2,0
834,16,2,3,110
834,1,3,4,0
834,19,2,5,110
834,10,3,6,0
835,2,2,1,430
835,20,1,2,80
835,12,2,3,430
835,11,4,4,410
835,14,2,5,430
835,6,3,6,50
835,3,3,7,50
835,9,4,8,410
835,5,1,9,80
836,13,3,1,400
836,19,2,2,30
836,20,1,3,290
836,14,2,4,30
836,2,2,5,30
836,7,3,6,400
836,9,4,7,0
836,12,2,8,30
836,8,2,9,30
837,18,4,1,310
837,17,3,2,50
837,4,3,3,50
837,5,1,4,280
837,11,4,5,310
837,13,3,6,50
837,19,2,7,80
837,16,2,8,80
838,8,2,1,290
838,14,2,2,290
838,9,4,3,430
838,5,1,4,430
838,20,1,5,430
839,12,2,1,370
839,16,2,2,370
839,19,2,3,370
839,5,1,4,450
839,11,4,5,250
839,1,3,6,440
839,18,4,7,250
839,3,3,8,440
839,20,1,9,450
839,17,3,10,440
840,6,3,1,430
840,15,1,2,40
840,17,3,3,430
840,4,3,4,430
840,2,2,5,480
840,13,3,6,430
840,11,4,7,340
840,5,1,8,40
840,20,1,9,40
840,7,3,10,430
841,6,3,1,140
841,8,2,2,100
841,7,3,3,140
841,1,3,4,140
841,17,3,5,140
841,19,2,6,100
841,15,1,7,250
841,3,3,8,140
842,4,3,1,140
842,3,3,2,140
842,1,3,3,140
842,9,4,4,370
842,5,1,5,0
842,18,4,6,370
842,16,2,7,70
843,9,4,1,140
843,16,2,2,190
843,15,1,3,340
843,14,2,4,190
843,17,3,5,270
843,19,2,6,190
843,6,3,7,270
843,11,4,8,140
844,7,3,1,80
844,6,3,2,80
844,19,2,3,20
844,14,2,4,20
844,11,4,5,380
844,5,1,6,470
845,18,4,1,70
845,20,1,2,450
845,4,3,3,380
845,3,3,4,380
845,11,4,5,70
845,5,1,6,450
846,16,2,1,480
846,6,3,2,140
846,5,1,3,130
846,20,1,4,130
846,8,2,5,480
846,14,2,6,480
846,3,3,7,140
847,5,1,1,390
847,18,4,2,80
847,10,3,3,230
847,12,2,4,260
847,9,4,5,80
847,1,3,6,230
848,7,3,1,430
848,18,4,2,160
848,16,2,3,370
848,14,2,4,370
848,3,3,5,430
848,20,1,6,340
848,12,2,7,370
849,3,3,1,180
849,12,2,2,360
849,8,2,3,360
849,6,3,4,180
849,17,3,5,180
849,13,3,6,180
850,5,1,1,400
850,17,3,2,410
850,4,3,3,410
850,1,3,4,410
850,18,4,5,270
850,2,2,6,180
851,4,3,1,30
851,12,2,2,450
851,10,3,3,30
851,16,2,4,450
851,18,4,5,470
851,15,1,6,150
852,7,3,1,20
852,1,3,2,20
852,16,2,3,450
852,17,3,4,20
852,9,4,5,340
852,3,3,6,20
852,6,3,7,20
852,4,3,8,20
853,14,2,1,250
853,7,3,2,110
853,8,2,3,250
853,18,4,4,70
853,5,1,5,360
853,3,3,6,110
853,20,1,7,360
853,13,3,8,110
853,1,3,9,110
854,3,3,1,140
854,2,2,2,40
854,12,2,3,40
854,20,1,4,340
854,8,2,5,40
854,1,3,6,140
854,13,3,7,140
854,9,4,8,120
854,10,3,9,140
854,7,3,10,140
855,20,1,1,250
855,19,2,2,240
855,3,3,3,260
855,13,3,4,260
855,7,3,5,260
855,15,1,6,250
855,14,2,7,240
855,6,3,8,260
855,2,2,9,240
856,9,4,1,460
856,18,4,2,460
856,19,2,3,330
856,13,3,4,280
856,4,3,5,280
856,7,3,6,280
856,12,2,7,330
856,10,3,8,280
856,17,3,9,280
856,20,1,10,260
857,14,2,1,480
857,2,2,2,480
857,6,3,3,80
857,1,3,4,80
857,8,2,5,480
857,4,3,6,80
857,3,3,7,80
857,17,3,8,80
858,5,1,1,240
858,4,3,2,60
858,7,3,3,60
858,9,4,4,440
858,20,1,5,240
859,11,4,1,440
859,8,2,2,470
859,2,2,3,470
859,9,4,4,440
859,12,2,5,470
859,3,3,6,190
859,18,4,7,440
860,12,2,1,10
860,13,3,2,350
860,1,3,3,350
860,14,2,4,10
860,18,4,5,230
860,10,3,6,350
860,17,3,7,350
860,4,3,8,350
861,4,3,1,250
861,14,2,2,320
861,8,2,3,320
861,2,2,4,320
861,19,2,5,320
861,1,3,6,250
861,9,4,7,210
862,12,2,1,50
862,6,3,2,310
862,11,4,3,250
862,2,2,4,50
862,8,2,5,50
862,5,1,6,230
862,4,3,7,310
862,3,3,8,310
863,3,3,1,440
863,13,3,2,440
863,14,2,3,200
863,15,1,4,270
863,4,3,5,440
863,12,2,6,200
863,10,3,7,440
863,7,3,8,440
863,20,1,9,270
864,13,3,1,100
864,18,4,2,230
864,8,2,3,310
864,7,3,4,100
864,4,3,5,100
864,2,2,6,310
864,16,2,7,310
865,9,4,1,10
865,13,3,2,250
865,4,3,3,250
865,3,3,4,250
865,7,3,5,250
865,6,3,6,250
865,14,2,7,310
865,10,3,8,250
865,18,4,9,10
866,13,3,1,390
866,18,4,2,490
866,10,3,3,390
866,11,4,4,490
866,7,3,5,390
866,12,2,6,80
866,4,3,7,390
866,15,1,8,150
866,6,3,9,390
866,3,3,10,390
867,20,1,1,430
867,6,3,2,270
867,11,4,3,450
867,8,2,4,250
867,1,3,5,270
868,20,1,1,330
868,10,3,2,40
868,3,3,3,40
868,12,2,4,20
868,14,2,5,20
868,6,3,6,40
868,16,2,7,20
868,18,4,8,100
868,19,2,9,20
868,7,3,10,40
869,11,4,1,420
869,3,3,2,230
869,12,2,3,350
869,20,1,4,240
869,8,2,5,350
869,18,4,6,420
869,10,3,7,230
869,15,1,8,240
869,16,2,9,350
870,8,2,1,140
870,14,2,2,140
870,13,3,3,230
870,17,3,4,230
870,9,4,5,110
870,12,2,6,140
870,15,1,7,120
870,18,4,8,110
871,6,3,1,470
871,12,2,2,350
871,2,2,3,350
871,18,4,4,160
871,8,2,5,350
871,19,2,6,350
872,5,1,1,20
872,17,3,2,80
872,16,2,3,20
872,20,1,4,20
872,19,2,5,20
872,15,1,6,20
872,11,4,7,240
872,12,2,8,20
873,2,2,1,210
873,15,1,2,350
873,7,3,3,90
873,12,2,4,210
873,14,2,5,210
873,4,3,6,90
873,16,2,7,210
873,1,3,8,90
873,3,3,9,90
873,13,3,10,90
874,15,1,1,360
874,3,3,2,330
874,6,3,3,330
874,18,4,4,150
874,14,2,5,460
874,8,2,6,460
874,1,3,7,330
875,10,3,1,340
875,14,2,2,60
875,19,2,3,60
875,12,2,4,60
875,8,2,5,60
875,15,1,6,280
876,11,4,1,170
876,13,3,2,90
876,3,3,3,90
876,16,2,4,200
876,8,2,5,200
876,12,2,6,200
876,5,1,7,440
876,17,3,8,90
876,4,3,9,90
877,1,3,1,280
877,19,2,2,480
877,5,1,3,240
877,15,1,4,240
877,8,2,5,480
877,16,2,6,480
878,15,1,1,350
878,10,3,2,120
878,2,2,3,110
878,11,4,4,40
878,16,2,5,110
878,13,3,6,120
878,20,1,7,350
879,12,2,1,50
879,8,2,2,50
879,5,1,3,190
879,13,3,4,340
879,7,3,5,340
879,11,4,6,150
880,10,3,1,190
880,3,3,2,190
880,2,2,3,190
880,6,3,4,190
880,5,1,5,240
880,7,3,6,190
880,12,2,7,190
880,18,4,8,420
880,19,2,9,190
880,13,3,10,190
881,4,3,1,310
881,19,2,2,450
881,14,2,3,450
881,9,4,4,440
881,13,3,5,310
881,1,3,6,310
881,12,2,7,450
881,3,3,8,310
882,19,2,1,70
882,15,1,2,220
882,6,3,3,140
882,18,4,4,50
882,14,2,5,70
882,10,3,6,140
882,5,1,7,220
882,2,2,8,70
883,6,3,1,340
883,18,4,2,120
883,19,2,3,290
883,15,1,4,490
883,10,3,5,340
883,17,3,6,340
884,20,1,1,410
884,19,2,2,390
884,1,3,3,260
884,10,3,4,260
884,17,3,5,260
884,13,3,6,260
884,8,2,7,390
885,1,3,1,230
885,4,3,2,230
885,10,3,3,230
885,20,1,4,450
885,12,2,5,70
885,7,3,6,230
885,3,3,7,230
885,14,2,8,70
885,17,3,9,230
886,5,1,1,100
886,9,4,2,430
886,3,3,3,390
886,17,3,4,390
886,8,2,5,400
886,4,3,6,390
886,20,1,7,100
886,16,2,8,400
886,1,3,9,390
887,18,4,1,230
887,11,4,2,230
887,12,2,3,260
887,20,1,4,430
887,10,3,5,430
887,19,2,6,260
887,14,2,7,260
888,13,3,1,260
888,17,3,2,260
888,14,2,3,80
888,12,2,4,80
888,3,3,5,260
888,15,1,6,0
889,10,3,1,360
889,20,1,2,470
889,1,3,3,360
889,8,2,4,470
889,2,2,5,470
889,9,4,6,190
890,10,3,1,410
890,3,3,2,410
890,9,4,3,280
890,19,2,4,150
890,14,2,5,150
891,4,3,1,230
891,19,2,2,410
891,5,1,3,360
891,6,3,4,230
891,2,2,5,410
891,20,1,6,360
891,15,1,7,360
891,14,2,8,410
892,17,3,1,130
892,19,2,2,290
892,8,2,3,290
892,11,4,4,170
892,5,1,5,60
892,18,4,6,170
892,15,1,7,60
892,12,2,8,290
892,6,3,9,130
892,14,2,10,290
893,14,2,1,90
893,19,2,2,90
893,10,3,3,290
893,4,3,4,290
893,12,2,5,90
894,5,1,1,340
894,15,1,2,340
894,7,3,3,270
894,10,3,4,270
894,14,2,5,340
894,8,2,6,340
894,2,2,7,340
894,4,3,8,270
895,11,4,1,170
895,12,2,2,150
895,19,2,3,150
895,9,4,4,170
895,7,3,5,430
895,14,2,6,150
895,15,1,7,90
895,4,3,8,430
896,12,2,1,80
896,8,2,2,80
896,15,1,3,430
896,13,3,4,30
896,11,4,5,460
896,14,2,6,80
896,5,1,7,430
897,17,3,1,240
897,6,3,2,240
897,8,2,3,160
897,10,3,4,240
897,18,4,5,440
897,1,3,6,240
897,12,2,7,160
897,4,3,8,240
897,13,3,9,240
898,9,4,1,20
898,4,3,2,160
898,19,2,3,140
898,17,3,4,160
898,7,3,5,160
898,3,3,6,160
899,11,4,1,150
899,5,1,2,10
899,7,3,3,100
899,12,2,4,40
899,17,3,5,100
899,14,2,6,40
900,14,2,1,270
900,20,1,2,160
900,6,3,3,60
900,2,2,4,270
900,16,2,5,270
900,3,3,6,60
900,4,3,7,60
901,11,4,1,90
901,14,2,2,320
901,4,3,3,220
901,1,3,4,220
901,8,2,5,320
901,15,1,6,350
901,19,2,7,320
902,16,2,1,260
902,2,2,2,260
902,17,3,3,490
902,7,3,4,490
902,20,1,5,240
902,18,4,6,190
902,3,3,7,490
902,5,1,8,240
902,1,3,9,490
903,7,3,1,310
903,10,3,2,310
903,11,4,3,340
903,2,2,4,330
903,5,1,5,170
903,15,1,6,170
904,12,2,1,100
904,19,2,2,100
904,6,3,3,470
904,5,1,4,190
904,14,2,5,100
904,18,4,6,150
904,2,2,7,100
905,15,1,1,30
905,3,3,2,50
905,11,4,3,340
905,5,1,4,30
905,2,2,5,420
905,19,2,6,420
905,4,3,7,50
905,20,1,8,30
905,8,2,9,420
905,16,2,10,420
906,17,3,1,210
906,19,2,2,330
906,8,2,3,330
906,15,1,4,390
906,1,3,5,210
906,4,3,6,210
906,2,2,7,330
906,18,4,8,70
906,13,3,9,210
906,7,3,10,210
907,2,2,1,190
907,16,2,2,190
907,10,3,3,10
907,14,2,4,190
907,3,3,5,10
907,8,2,6,190
907,18,4,7,180
907,4,3,8,10
907,6,3,9,10
908,8,2,1,410
908,15,1,2,360
908,3,3,3,200
908,14,2,4,410
908,17,3,5,200
908,11,4,6,170
908,6,3,7,200
909,11,4,1,30
909,10,3,2,440
909,6,3,3,440
909,16,2,4,270
909,15,1,5,480
909,3,3,6,440
909,12,2,7,270
909,19,2,8,270
910,11,4,1,300
910,2,2,2,310
910,12,2,3,310
910,8,2,4,310
910,17,3,5,380
910,18,4,6,300
910,7,3,7,380
911,13,3,1,250
911,1,3,2,250
911,9,4,3,90
911,18,4,4,90
911,7,3,5,250
912,10,3,1,70
912,8,2,2,90
912,6,3,3,70
912,2,2,4,90
912,14,2,5,90
912,15,1,6,130
912,9,4,7,270
912,16,2,8,90
912,3,3,9,70
913,2,2,1,460
913,20,1,2,350
913,5,1,3,350
913,12,2,4,460
913,13,3,5,130
913,6,3,6,130
914,5,1,1,480
914,6,3,2,70
914,20,1,3,480
914,14,2,4,200
914,12,2,5,200
914,19,2,6,200
914,9,4,7,350
915,9,4,1,390
915,18,4,2,390
915,1,3,3,280
915,17,3,4,280
915,8,2,5,490
915,5,1,6,240
915,11,4,7,390
915,7,3,8,280
916,4,3,1,10
916,12,2,2,460
916,10,3,3,10
916,16,2,4,460
916,17,3,5,10
916,18,4,6,310
917,2,2,1,60
917,17,3,2,430
917,8,2,3,60
917,3,3,4,430
917,12,2,5,60
917,1,3,6,430
917,6,3,7,430
917,9,4,8,200
917,7,3,9,430
917,5,1,10,430
918,20,1,1,110
918,17,3,2,200
918,5,1,3,110
918,10,3,4,200
918,14,2,5,260
918,4,3,6,200
918,12,2,7,260
918,1,3,8,200
919,3,3,1,200
919,17,3,2,200
919,18,4,3,280
919,4,3,4,200
919,7,3,5,200
919,5,1,6,140
919,11,4,7,280
919,10,3,8,200
920,18,4,1,230
920,6,3,2,250
920,1,3,3,250
920,17,3,4,250
920,5,1,5,350
920,19,2,6,110
920,7,3,7,250
920,8,2,8,110
920,11,4,9,230
920,14,2,10,110
921,15,1,1,230
921,7,3,2,110
921,3,3,3,110
921,9,4,4,190
921,2,2,5,60
921,11,4,6,190
921,19,2,7,60
922,11,4,1,70
922,10,3,2,350
922,12,2,3,260
922,3,3,4,350
922,1,3,5,350
922,13,3,6,350
922,14,2,7,260
922,18,4,8,70
922,6,3,9,350
923,14,2,1,390
923,11,4,2,170
923,5,1,3,480
923,20,1,4,480
923,4,3,5,140
923,1,3,6,140
923,2,2,7,390
923,17,3,8,140
923,15,1,9,480
923,10,3,10,140
924,20,1,1,0
924,3,3,2,460
924,2,2,3,0
924,17,3,4,460
924,15,1,5,0
924,4,3,6,460
924,8,2,7,0
924,1,3,8,460
924,7,3,9,460
924,9,4,10,430
925,7,3,1,190
925,13,3,2,190
925,19,2,3,130
925,6,3,4,190
925,14,2,5,130
925,20,1,6,350
925,5,1,7,350
925,2,2,8,130
925,11,4,9,40
925,1,3,10,190
926,20,1,1,280
926,16,2,2,30
926,8,2,3,30
926,4,3,4,260
926,1,3,5,260
926,11,4,6,430
927,7,3,1,390
927,19,2,2,260
927,2,2,3,260
927,14,2,4,260
927,12,2,5,260
927,13,3,6,390
927,5,1,7,290
927,11,4,8,90
928,17,3,1,430
928,9,4,2,100
928,7,3,3,430
928,5,1,4,470
928,19,2,5,210
929,15,1,1,10
929,11,4,2,60
929,4,3,3,90
929,3,3,4,90
929,12,2,5,90
930,20,1,1,350
930,17,3,2,280
930,3,3,3,280
930,14,2,4,460
930,7,3,5,280
930,19,2,6,460
930,2,2,7,460
930,16,2,8,460
930,8,2,9,460
930,15,1,10,350
931,6,3,1,160
931,17,3,2,160
931,10,3,3,160
931,8,2,4,410
931,4,3,5,160
931,1,3,6,160
931,5,1,7,20
932,3,3,1,70
932,4,3,2,70
932,17,3,3,70
932,12,2,4,150
932,19,2,5,150
932,13,3,6,70
932,10,3,7,70
933,6,3,1,110
933,20,1,2,20
933,18,4,3,50
933,8,2,4,110
933,11,4,5,50
933,19,2,6,110
933,1,3,7,110
933,15,1,8,20
933,7,3,9,110
934,7,3,1,240
934,20,1,2,40
934,17,3,3,240
934,10,3,4,240
934,11,4,5,110
935,9,4,1,220
935,14,2,2,280
935,2,2,3,280
935,5,1,4,430
935,7,3,5,170
935,6,3,6,170
935,10,3,7,170
935,18,4,8,220
935,4,3,9,170
936,1,3,1,60
936,12,2,2,330
936,8,2,3,330
936,3,3,4,60
936,15,1,5,210
937,14,2,1,190
937,3,3,2,400
937,19,2,3,190
937,4,3,4,400
937,11,4,5,170
937,18,4,6,170
937,1,3,7,400
937,2,2,8,190
937,8,2,9,190
937,13,3,10,400
938,16,2,1,170
938,15,1,2,120
938,6,3,3,200
938,13,3,4,200
938,20,1,5,120
938,3,3,6,200
938,5,1,7,120
938,2,2,8,170
939,10,3,1,70
939,18,4,2,240
939,7,3,3,70
939,17,3,4,70
939,9,4,5,240
940,11,4,1,240
940,1,3,2,40
940,16,2,3,50
940,3,3,4,40
940,7,3,5,40
940,5,1,6,30
940,6,3,7,40
941,9,4,1,320
941,3,3,2,390
941,8,2,3,410
941,11,4,4,320
941,16,2,5,410
941,1,3,6,390
941,7,3,7,390
941,15,1,8,60
942,15,1,1,70
942,1,3,2,420
942,19,2,3,210
942,16,2,4,210
942,17,3,5,420
942,12,2,6,210
942,14,2,7,210
942,8,2,8,210
942,20,1,9,70
942,10,3,10,420
943,16,2,1,370
943,13,3,2,290
943,12,2,3,370
943,2,2,4,370
943,7,3,5,290
943,20,1,6,390
943,8,2,7,370
943,10,3,8,290
943,6,3,9,290
943,15,1,10,390
944,5,1,1,370
944,13,3,2,490
944,6,3,3,490
944,1,3,4,490
944,4,3,5,490
944,12,2,6,150
944,8,2,7,150
944,10,3,8,490
945,6,3,1,320
945,1,3,2,320
945,4,3,3,320
945,5,1,4,470
945,10,3,5,320
945,7,3,6,320
945,13,3,7,320
946,6,3,1,280
946,11,4,2,480
946,20,1,3,360
946,14,2,4,480
946,1,3,5,280
947,8,2,1,460
947,20,1,2,70
947,1,3,3,220
947,13,3,4,220
947,6,3,5,220
947,10,3,6,220
947,3,3,7,220
947,19,2,8,460
948,4,3,1,170
948,5,1,2,0
948,3,3,3,170
948,8,2,4,480
948,19,2,5,480
948,17,3,6,170
948,20,1,7,0
948,7,3,8,170
948,1,3,9,170
948,15,1,10,0
949,11,4,1,140
949,4,3,2,190
949,15,1,3,370
949,8,2,4,20
949,5,1,5,370
949,10,3,6,190
949,13,3,7,190
949,20,1,8,370
950,16,2,1,60
950,2,2,2,60
950,6,3,3,300
950,12,2,4,60
950,19,2,5,60
950,15,1,6,0
951,13,3,1,430
951,19,2,2,290
951,4,3,3,430
951,7,3,4,430
951,10,3,5,430
952,13,3,1,100
952,4,3,2,100
952,8,2,3,280
952,3,3,4,100
952,16,2,5,280
952,20,1,6,240
952,5,1,7,240
952,17,3,8,100
952,15,1,9,240
953,16,2,1,360
953,11,4,2,210
953,20,1,3,350
953,2,2,4,360
953,1,3,5,380
953,19,2,6,360
953,10,3,7,380
954,17,3,1,330
954,8,2,2,0
954,1,3,3,330
954,20,1,4,260
954,9,4,5,230
954,14,2,6,0
954,5,1,7,260
954,12,2,8,0
955,11,4,1,360
955,20,1,2,10
955,8,2,3,360
955,19,2,4,360
955,7,3,5,150
955,5,1,6,10
955,6,3,7,150
955,1,3,8,150
955,14,2,9,360
955,12,2,10,360
956,14,2,1,340
956,1,3,2,190
956,2,2,3,340
956,10,3,4,190
956,5,1,5,350
956,17,3,6,190
956,9,4,7,450
956,7,3,8,190
957,20,1,1,150
957,12,2,2,270
957,19,2,3,270
957,4,3,4,350
957,15,1,5,150
958,5,1,1,20
958,14,2,2,410
958,1,3,3,90
958,20,1,4,20
958,19,2,5,410
958,7,3,6,90
958,4,3,7,90
959,8,2,1,420
959,9,4,2,310
959,3,3,3,290
959,18,4,4,310
959,4,3,5,290
960,3,3,1,290
960,6,3,2,290
960,1,3,3,290
960,13,3,4,290
960,5,1,5,490
960,2,2,6,260
960,20,1,7,490
961,18,4,1,180
961,10,3,2,180
961,5,1,3,320
961,1,3,4,180
961,3,3,5,180
961,12,2,6,140
961,13,3,7,180
961,9,4,8,180
962,9,4,1,280
962,18,4,2,280
962,8,2,3,470
962,15,1,4,220
962,13,3,5,300
962,7,3,6,300
963,8,2,1,20
963,1,3,2,340
963,11,4,3,70
963,20,1,4,280
963,14,2,5,20
963,10,3,6,340
963,3,3,7,340
963,7,3,8,340
963,9,4,9,70
964,9,4,1,310
964,10,3,2,310
964,17,3,3,310
964,14,2,4,90
964,4,3,5,310
964,19,2,6,90
964,2,2,7,90
965,11,4,1,290
965,18,4,2,290
965,6,3,3,340
965,10,3,4,340
965,2,2,5,90
965,8,2,6,90
965,4,3,7,340
965,15,1,8,250
966,2,2,1,0
966,7,3,2,380
966,14,2,3,0
966,11,4,4,10
966,9,4,5,10
966,15,1,6,10
966,8,2,7,0
966,20,1,8,10
966,10,3,9,380
967,4,3,1,490
967,6,3,2,490
967,11,4,3,370
967,8,2,4,60
967,1,3,5,490
967,10,3,6,490
967,16,2,7,60
967,18,4,8,370
967,14,2,9,60
967,9,4,10,370
968,4,3,1,150
968,6,3,2,150
968,19,2,3,130
968,10,3,4,150
968,17,3,5,150
968,20,1,6,220
968,13,3,7,150
968,1,3,8,150
968,14,2,9,130
969,5,1,1,400
969,12,2,2,200
969,10,3,3,120
969,9,4,4,20
969,3,3,5,120
969,8,2,6,200
969,16,2,7,200
970,4,3,1,490
970,9,4,2,180
970,3,3,3,490
970,17,3,4,490
970,15,1,5,60
970,11,4,6,180
971,10,3,1,160
971,18,4,2,260
971,3,3,3,160
971,1,3,4,160
971,6,3,5,160
971,9,4,6,260
971,13,3,7,160
971,15,1,8,110
971,5,1,9,110
972,5,1,1,160
972,9,4,2,470
972,11,4,3,470
972,20,1,4,160
972,10,3,5,60
972,6,3,6,60
972,7,3,7,60
972,4,3,8,60
973,16,2,1,290
973,4,3,2,200
973,7,3,3,200
973,14,2,4,290
973,1,3,5,200
973,5,1,6,50
973,10,3,7,200
973,15,1,8,50
973,20,1,9,50
973,6,3,10,200
974,14,2,1,300
974,20,1,2,490
974,16,2,3,300
974,9,4,4,290
974,6,3,5,320
974,13,3,6,320
974,5,1,7,490
974,11,4,8,290
974,4,3,9,320
974,8,2,10,300
975,14,2,1,330
975,6,3,2,420
975,5,1,3,280
975,11,4,4,340
975,7,3,5,420
975,1,3,6,420
975,12,2,7,330
975,3,3,8,420
975,4,3,9,420
976,17,3,1,440
976,8,2,2,380
976,9,4,3,240
976,5,1,4,400
976,3,3,5,440
976,14,2,6,380
977,2,2,1,430
977,17,3,2,180
977,16,2,3,430
977,7,3,4,180
977,11,4,5,440
977,10,3,6,180
978,6,3,1,30
978,2,2,2,0
978,3,3,3,30
978,10,3,4,30
978,18,4,5,260
978,4,3,6,30
978,8,2,7,0
978,19,2,8,0
978,17,3,9,30
979,18,4,1,420
979,3,3,2,370
979,9,4,3,420
979,5,1,4,460
979,4,3,5,370
979,11,4,6,420
979,17,3,7,370
979,12,2,8,490
979,14,2,9,490
980,3,3,1,290
980,5,1,2,460
980,6,3,3,290
980,9,4,4,290
980,20,1,5,460
980,2,2,6,480
980,14,2,7,480
980,10,3,8,290
981,4,3,1,220
981,1,3,2,220
981,5,1,3,470
981,15,1,4,470
981,12,2,5,90
982,12,2,1,0
982,15,1,2,260
982,9,4,3,330
982,17,3,4,90
982,3,3,5,90
982,2,2,6,0
982,19,2,7,0
982,1,3,8,90
982,8,2,9,0
982,7,3,10,90
983,20,1,1,350
983,12,2,2,60
983,14,2,3,60
983,1,3,4,410
983,18,4,5,240
984,8,2,1,310
984,10,3,2,200
984,2,2,3,310
984,12,2,4,310
984,20,1,5,330
985,9,4,1,240
985,3,3,2,260
985,5,1,3,260
985,12,2,4,20
985,15,1,5,260
985,16,2,6,20
985,11,4,7,240
985,10,3,8,260
986,5,1,1,400
986,6,3,2,140
986,8,2,3,60
986,2,2,4,60
986,15,1,5,400
987,2,2,1,330
987,14,2,2,330
987,16,2,3,330
987,20,1,4,490
987,3,3,5,420
987,13,3,6,420
987,12,2,7,330
988,10,3,1,410
988,20,1,2,190
988,8,2,3,300
988,14,2,4,300
988,7,3,5,410
988,9,4,6,80
988,13,3,7,410
988,1,3,8,410
988,11,4,9,80
988,18,4,10,80
989,16,2,1,260
989,17,3,2,170
989,20,1,3,230
989,1,3,4,170
989,7,3,5,170
989,13,3,6,170
989,6,3,7,170
990,10,3,1,280
990,19,2,2,110
990,16,2,3,110
990,4,3,4,280
990,17,3,5,280
990,13,3,6,280
990,2,2,7,110
990,20,1,8,20
990,15,1,9,20
991,18,4,1,420
991,17,3,2,470
991,19,2,3,290
991,12,2,4,290
991,8,2,5,290
991,5,1,6,480
991,20,1,7,480
991,15,1,8,480
991,6,3,9,470
992,17,3,1,190
992,16,2,2,110
992,12,2,3,110
992,2,2,4,110
992,1,3,5,190
992,19,2,6,110
992,20,1,7,360
992,9,4,8,240
993,8,2,1,270
993,16,2,2,270
993,17,3,3,50
993,12,2,4,270
993,13,3,5,50
993,18,4,6,380
993,1,3,7,50
994,1,3,1,180
994,7,3,2,180
994,4,3,3,180
994,20,1,4,150
994,19,2,5,430
994,16,2,6,430
994,14,2,7,430
994,8,2,8,430
994,17,3,9,180
995,3,3,1,240
995,14,2,2,150
995,8,2,3,150
995,2,2,4,150
995,5,1,5,80
995,19,2,6,150
995,11,4,7,210
995,9,4,8,210
995,6,3,9,240
996,19,2,1,380
996,4,3,2,330
996,16,2,3,380
996,14,2,4,380
996,8,2,5,380
997,20,1,1,50
997,18,4,2,470
997,1,3,3,210
997,8,2,4,320
997,6,3,5,210
997,12,2,6,320
997,10,3,7,210
997,4,3,8,210
997,17,3,9,210
997,13,3,10,210
998,19,2,1,200
998,16,2,2,200
998,1,3,3,420
998,7,3,4,420
998,12,2,5,200
998,6,3,6,420
998,18,4,7,70
998,10,3,8,420
998,15,1,9,350
998,9,4,10,70
999,14,2,1,330
999,18,4,2,300
999,7,3,3,280
999,16,2,4,330
999,6,3,5,280
999,9,4,6,300
999,13,3,7,280
999,3,3,8,280
999,20,1,9,160
1000,2,2,1,160
1000,18,4,2,280
1000,10,3,3,100
1000,12,2,4,160
1000,3,3,5,100
1000,11,4,6,280
1000,7,3,7,100
1000,8,2,8,160
1001,11,4,1,460
1001,4,3,2,100
1001,10,3,3,100
1001,17,3,4,100
1001,19,2,5,210
1001,18,4,6,460
1001,5,1,7,130
1001,13,3,8,100
1002,20,1,1,410
1002,15,1,2,410
1002,1,3,3,440
1002,18,4,4,170
1002,17,3,5,440
1002,3,3,6,440
1002,4,3,7,440
1002,12,2,8,190
1002,10,3,9,440
1002,7,3,10,440
1003,15,1,1,320
1003,13,3,2,420
1003,16,2,3,80
1003,8,2,4,80
1003,9,4,5,480
1003,11,4,6,480
1003,20,1,7,320
1004,17,3,1,290
1004,5,1,2,80
1004,6,3,3,290
1004,1,3,4,290
1004,20,1,5,80
1004,15,1,6,80
1005,7,3,1,200
1005,11,4,2,240
1005,15,1,3,70
1005,18,4,4,240
1005,13,3,5,200
1005,8,2,6,100
1005,17,3,7,200
1006,18,4,1,450
1006,9,4,2,450
1006,6,3,3,220
1006,4,3,4,220
1006,19,2,5,250
1006,10,3,6,220
1006,11,4,7,450
1006,13,3,8,220
1007,5,1,1,270
1007,20,1,2,270
1007,18,4,3,430
1007,16,2,4,340
1007,6,3,5,440
1007,10,3,6,440
1007,19,2,7,340
1007,11,4,8,430
1007,4,3,9,440
1007,2,2,10,340
1008,11,4,1,240
1008,7,3,2,190
1008,9,4,3,240
1008,18,4,4,240
1008,1,3,5,190
1008,6,3,6,190
1008,8,2,7,140
1008,10,3,8,190
1008,14,2,9,140
1008,5,1,10,170
1009,7,3,1,320
1009,18,4,2,470
1009,3,3,3,320
1009,5,1,4,90
1009,17,3,5,320
1009,10,3,6,320
1009,2,2,7,460
1010,8,2,1,90
1010,13,3,2,370
1010,12,2,3,90
1010,10,3,4,370
1010,2,2,5,90
1010,17,3,6,370
1010,18,4,7,190
1010,4,3,8,370
1010,5,1,9,30
1011,2,2,1,480
1011,1,3,2,150
1011,20,1,3,270
1011,9,4,4,380
1011,11,4,5,380
1012,4,3,1,220
1012,18,4,2,90
1012,7,3,3,220
1012,1,3,4,220
1012,10,3,5,220
1012,13,3,6,220
1012,20,1,7,190
1012,9,4,8,90
1012,6,3,9,220
1012,11,4,10,90
1013,5,1,1,390
1013,20,1,2,390
1013,16,2,3,40
1013,8,2,4,40
1013,14,2,5,40
1013,12,2,6,40
1014,2,2,1,320
1014,10,3,2,120
1014,11,4,3,340
1014,13,3,4,120
1014,16,2,5,320
1015,19,2,1,340
1015,6,3,2,210
1015,14,2,3,340
1015,11,4,4,140
1015,4,3,5,210
1015,16,2,6,340
1015,17,3,7,210
1015,12,2,8,340
1015,15,1,9,130
1016,8,2,1,400
1016,12,2,2,400
1016,10,3,3,50
1016,4,3,4,50
1016,13,3,5,50
1016,19,2,6,400
1017,6,3,1,410
1017,7,3,2,410
1017,11,4,3,440
1017,10,3,4,410
1017,2,2,5,110
1018,20,1,1,440
1018,17,3,2,220
1018,12,2,3,390
1018,1,3,4,220
1018,9,4,5,340
1018,5,1,6,440
1018,16,2,7,390
1018,19,2,8,390
1019,3,3,1,340
1019,12,2,2,40
1019,14,2,3,40
1019,1,3,4,340
1019,9,4,5,360
1019,13,3,6,340
1019,19,2,7,40
1019,5,1,8,190
1019,17,3,9,340
1020,2,2,1,330
1020,7,3,2,0
1020,19,2,3,330
1020,10,3,4,0
1020,9,4,5,60
1020,11,4,6,60
1020,6,3,7,0
1020,5,1,8,490
1020,3,3,9,0
1021,3,3,1,300
1021,19,2,2,200
1021,13,3,3,300
1021,2,2,4,200
1021,20,1,5,460
1021,14,2,6,200
1022,4,3,1,190
1022,11,4,2,150
1022,10,3,3,190
1022,13,3,4,190
1022,20,1,5,430
1022,14,2,6,30
1022,1,3,7,190
1023,1,3,1,420
1023,15,1,2,70
1023,13,3,3,420
1023,2,2,4,280
1023,9,4,5,160
1023,6,3,6,420
1024,17,3,1,190
1024,5,1,2,190
1024,1,3,3,190
1024,12,2,4,130
1024,10,3,5,190
1025,1,3,1,410
1025,13,3,2,410
1025,4,3,3,410
1025,11,4,4,210
1025,3,3,5,410
1026,20,1,1,30
1026,13,3,2,330
1026,2,2,3,490
1026,19,2,4,490
1026,11,4,5,440
1026,9,4,6,440
1026,5,1,7,30
1026,10,3,8,330
1026,1,3,9,330
1026,8,2,10,490
1027,7,3,1,470
1027,9,4,2,100
1027,1,3,3,470
1027,13,3,4,470
1027,18,4,5,100
1027,20,1,6,240
1027,12,2,7,10
1027,16,2,8,10
1028,20,1,1,0
1028,4,3,2,190
1028,16,2,3,360
1028,6,3,4,190
1028,7,3,5,190
1028,18,4,6,460
1028,5,1,7,0
1028,3,3,8,190
1029,14,2,1,140
1029,12,2,2,140
1029,9,4,3,210
1029,16,2,4,140
1029,7,3,5,410
1029,18,4,6,210
1029,13,3,7,410
1029,11,4,8,210
1030,8,2,1,0
1030,19,2,2,0
1030,2,2,3,0
1030,18,4,4,420
1030,10,3,5,230
1030,11,4,6,420
1030,4,3,7,230
1030,20,1,8,120
1030,17,3,9,230
1031,15,1,1,140
1031,7,3,2,70
1031,13,3,3,70
1031,9,4,4,120
1031,20,1,5,140
1031,12,2,6,280
1031,2,2,7,280
1032,8,2,1,250
1032,13,3,2,450
1032,12,2,3,250
1032,4,3,4,450
1032,17,3,5,450
1032,14,2,6,250
1032,3,3,7,450
1032,15,1,8,420
1033,3,3,1,240
1033,17,3,2,240
1033,18,4,3,190
1033,2,2,4,200
1033,8,2,5,200
1034,13,3,1,40
1034,12,2,2,250
1034,18,4,3,180
1034,9,4,4,180
1034,7,3,5,40
1034,16,2,6,250
1035,11,4,1,340
1035,18,4,2,340
1035,9,4,3,340
1035,5,1,4,50
1035,15,1,5,50
1035,8,2,6,380
1035,17,3,7,10
1035,3,3,8,10
1035,1,3,9,10
1036,18,4,1,430
1036,7,3,2,270
1036,19,2,3,420
1036,2,2,4,420
1036,3,3,5,270
1036,10,3,6,270
1036,16,2,7,420
1037,6,3,1,370
1037,9,4,2,210
1037,19,2,3,310
1037,18,4,4,210
1037,20,1,5,330
1037,14,2,6,310
1037,2,2,7,310
1037,15,1,8,330
1037,4,3,9,370
1037,10,3,10,370
1038,5,1,1,80
1038,14,2,2,240
1038,20,1,3,80
1038,2,2,4,240
1038,6,3,5,10
1038,8,2,6,240
1038,10,3,7,10
1038,7,3,8,10
1038,19,2,9,240
1039,13,3,1,0
1039,20,1,2,250
1039,8,2,3,260
1039,6,3,4,0
1039,1,3,5,0
1040,20,1,1,210
1040,17,3,2,60
1040,19,2,3,50
1040,11,4,4,60
1040,8,2,5,50
1040,14,2,6,50
1040,18,4,7,60
1040,16,2,8,50
1041,2,2,1,30
1041,4,3,2,380
1041,16,2,3,30
1041,1,3,4,380
1041,18,4,5,340
1041,11,4,6,340
1042,19,2,1,210
1042,3,3,2,50
1042,9,4,3,480
1042,12,2,4,210
1042,6,3,5,50
1042,17,3,6,50
1042,14,2,7,210
1042,18,4,8,480
1042,20,1,9,150
1042,15,1,10,150
1043,3,3,1,280
1043,1,3,2,280
1043,12,2,3,270
1043,4,3,4,280
1043,20,1,5,210
1043,6,3,6,280
1043,10,3,7,280
1044,10,3,1,190
1044,2,2,2,90
1044,1,3,3,190
1044,16,2,4,90
1044,11,4,5,200
1044,14,2,6,90
1044,15,1,7,460
1044,4,3,8,190
1044,19,2,9,90
1045,8,2,1,90
1045,19,2,2,90
1045,1,3,3,400
1045,14,2,4,90
1045,15,1,5,190
1045,9,4,6,420
1046,4,3,1,110
1046,1,3,2,110
1046,3,3,3,110
1046,5,1,4,180
1046,9,4,5,440
1046,12,2,6,410
1047,5,1,1,150
1047,1,3,2,210
1047,14,2,3,380
1047,3,3,4,210
1047,19,2,5,380
1047,8,2,6,380
1047,15,1,7,150
1047,2,2,8,380
1047,18,4,9,330
1048,12,2,1,330
1048,11,4,2,360
1048,13,3,3,270
1048,4,3,4,270
1048,1,3,5,270
1048,19,2,6,330
1048,2,2,7,330
1048,15,1,8,440
1049,11,4,1,20
1049,19,2,2,340
1049,4,3,3,180
1049,17,3,4,180
1049,10,3,5,180
1049,5,1,6,100
1049,2,2,7,340
1049,20,1,8,100
1050,5,1,1,440
1050,8,2,2,160
1050,9,4,3,190
1050,11,4,4,190
1050,10,3,5,170
1050,6,3,6,170
1050,2,2,7,160
1050,13,3,8,170
1050,16,2,9,160
1051,11,4,1,110
1051,7,3,2,280
1051,13,3,3,280
1051,19,2,4,260
1051,15,1,5,160
1051,18,4,6,110
1051,10,3,7,280
1051,2,2,8,260
1051,17,3,9,280
1051,5,1,10,160
1052,11,4,1,390
1052,9,4,2,390
1052,6,3,3,440
1052,13,3,4,440
1052,3,3,5,440
1053,5,1,1,220
1053,6,3,2,300
1053,1,3,3,300
1053,11,4,4,80
1053,9,4,5,80
1053,2,2,6,50
1053,7,3,7,300
1053,15,1,8,220
1054,13,3,1,370
1054,17,3,2,370
1054,14,2,3,180
1054,12,2,4,180
1054,1,3,5,370
1055,10,3,1,340
1055,9,4,2,90
1055,15,1,3,380
1055,19,2,4,260
1055,2,2,5,260
1055,16,2,6,260
1055,5,1,7,380
1055,6,3,8,340
1056,4,3,1,170
1056,11,4,2,20
1056,20,1,3,180
1056,5,1,4,180
1056,9,4,5,20
1056,13,3,6,170
1057,4,3,1,110
1057,16,2,2,450
1057,15,1,3,350
1057,19,2,4,450
1057,6,3,5,110
1057,1,3,6,110
1058,11,4,1,260
1058,19,2,2,380
1058,6,3,3,90
1058,16,2,4,380
1058,15,1,5,270
1059,15,1,1,320
1059,10,3,2,180
1059,6,3,3,180
1059,20,1,4,320
1059,4,3,5,180
1059,1,3,6,180
1060,18,4,1,340
1060,7,3,2,210
1060,2,2,3,60
1060,11,4,4,340
1060,10,3,5,210
1060,1,3,6,210
1060,13,3,7,210
1061,11,4,1,340
1061,3,3,2,310
1061,5,1,3,390
1061,8,2,4,70
1061,13,3,5,310
1061,17,3,6,310
1061,9,4,7,340
1061,19,2,8,70
1061,14,2,9,70
1062,11,4,1,380
1062,2,2,2,20
1062,15,1,3,160
1062,12,2,4,20
1062,10,3,5,10
1062,16,2,6,20
1062,8,2,7,20
1063,9,4,1,130
1063,5,1,2,30
1063,16,2,3,150
1063,11,4,4,130
1063,2,2,5,150
1064,4,3,1,340
1064,16,2,2,320
1064,18,4,3,450
1064,6,3,4,340
1064,1,3,5,340
1064,2,2,6,320
1064,8,2,7,320
1064,9,4,8,450
1064,7,3,9,340
1065,18,4,1,400
1065,14,2,2,290
1065,7,3,3,340
1065,10,3,4,340
1065,15,1,5,20
1065,19,2,6,290
1065,13,3,7,340
1066,15,1,1,210
1066,12,2,2,210
1066,18,4,3,120
1066,11,4,4,120
1066,17,3,5,400
1066,2,2,6,210
1066,5,1,7,210
1066,20,1,8,210
1067,5,1,1,10
1067,9,4,2,210
1067,7,3,3,360
1067,1,3,4,360
1067,2,2,5,280
1068,8,2,1,380
1068,1,3,2,170
1068,20,1,3,440
1068,9,4,4,320
1068,11,4,5,320
1068,15,1,6,440
1068,3,3,7,170
1068,14,2,8,380
1068,6,3,9,170
1069,16,2,1,280
1069,4,3,2,280
1069,19,2,3,280
1069,18,4,4,220
1069,10,3,5,280
1069,20,1,6,280
1069,17,3,7,280
1069,15,1,8,280
1069,7,3,9,280
1070,4,3,1,90
1070,7,3,2,90
1070,11,4,3,90
1070,13,3,4,90
1070,18,4,5,90
1070,16,2,6,360
1070,3,3,7,90
1071,16,2,1,110
1071,7,3,2,270
1071,19,2,3,110
1071,5,1,4,390
1071,10,3,5,270
1071,8,2,6,110
1071,9,4,7,470
1072,19,2,1,170
1072,5,1,2,120
1072,9,4,3,120
1072,17,3,4,160
1072,1,3,5,160
1072,20,1,6,120
1073,8,2,1,430
1073,7,3,2,50
1073,20,1,3,170
1073,10,3,4,50
1073,6,3,5,50
1073,19,2,6,430
1073,18,4,7,120
1073,12,2,8,430
1074,12,2,1,240
1074,4,3,2,360
1074,10,3,3,360
1074,20,1,4,20
1074,13,3,5,360
1074,16,2,6,240
1074,15,1,7,20
1074,18,4,8,340
1075,11,4,1,390
1075,16,2,2,20
1075,7,3,3,380
1075,2,2,4,20
1075,12,2,5,20
1075,15,1,6,320
1075,3,3,7,380
1075,6,3,8,380
1075,20,1,9,320
1075,19,2,10,20
1076,2,2,1,140
1076,12,2,2,140
1076,17,3,3,400
1076,9,4,4,390
1076,5,1,5,110
1076,10,3,6,400
1076,11,4,7,390
1076,15,1,8,110
1076,7,3,9,400
1076,8,2,10,140
1077,14,2,1,170
1077,4,3,2,400
1077,18,4,3,360
1077,10,3,4,400
1077,17,3,5,400
1078,17,3,1,340
1078,11,4,2,130
1078,7,3,3,340
1078,13,3,4,340
1078,2,2,5,300
1078,20,1,6,440
1078,19,2,7,300
1078,6,3,8,340
1078,14,2,9,300
1078,12,2,10,300
1079,15,1,1,280
1079,6,3,2,100
1079,8,2,3,160
1079,2,2,4,160
1079,18,4,5,300
1079,12,2,6,160
1079,7,3,7,100
1079,4,3,8,100
1079,3,3,9,100
1080,5,1,1,180
1080,2,2,2,430
1080,20,1,3,180
1080,6,3,4,300
1080,10,3,5,300
1080,15,1,6,180
1080,8,2,7,430
1080,13,3,8,300
1080,17,3,9,300
1081,12,2,1,70
1081,13,3,2,390
1081,5,1,3,340
1081,18,4,4,110
1081,10,3,5,390
1081,16,2,6,70
1081,1,3,7,390
1082,11,4,1,460
1082,10,3,2,40
1082,14,2,3,440
1082,7,3,4,40
1082,2,2,5,440
1082,16,2,6,440
1082,12,2,7,440
1082,4,3,8,40
1082,20,1,9,270
1082,9,4,10,460
1083,13,3,1,250
1083,15,1,2,330
1083,5,1,3,330
1083,14,2,4,80
1083,1,3,5,250
1083,2,2,6,80
1083,11,4,7,230
1084,18,4,1,230
1084,16,2,2,150
1084,8,2,3,150
1084,5,1,4,270
1084,7,3,5,320
1084,4,3,6,320
1084,1,3,7,320
1084,6,3,8,320
1084,10,3,9,320
1085,6,3,1,370
1085,3,3,2,370
1085,18,4,3,80
1085,11,4,4,80
1085,13,3,5,370
1085,19,2,6,280
1085,15,1,7,490
1085,2,2,8,280
1086,10,3,1,300
1086,14,2,2,40
1086,2,2,3,40
1086,6,3,4,300
1086,11,4,5,40
1086,9,4,6,40
1087,1,3,1,310
1087,7,3,2,310
1087,3,3,3,310
1087,16,2,4,180
1087,2,2,5,180
1087,10,3,6,310
1087,12,2,7,180
1087,9,4,8,400
1087,18,4,9,400
1087,20,1,10,460
1088,7,3,1,370
1088,10,3,2,370
1088,11,4,3,130
1088,9,4,4,130
1088,3,3,5,370
1088,8,2,6,40
1088,2,2,7,40
1089,13,3,1,150
1089,6,3,2,150
1089,11,4,3,10
1089,16,2,4,390
1089,1,3,5,150
1089,10,3,6,150
1089,4,3,7,150
1090,5,1,1,290
1090,20,1,2,290
1090,1,3,3,310
1090,11,4,4,280
1090,19,2,5,60
1090,16,2,6,60
1090,17,3,7,310
1090,10,3,8,310
1090,13,3,9,310
1091,17,3,1,250
1091,8,2,2,300
1091,2,2,3,300
1091,6,3,4,250
1091,15,1,5,20
1091,10,3,6,250
1092,12,2,1,420
1092,20,1,2,360
1092,14,2,3,420
1092,16,2,4,420
1092,8,2,5,420
1092,2,2,6,420
1093,12,2,1,440
1093,7,3,2,160
1093,6,3,3,160
1093,17,3,4,160
1093,16,2,5,440
1093,10,3,6,160
1094,7,3,1,260
1094,19,2,2,230
1094,6,3,3,260
1094,15,1,4,470
1094,14,2,5,230
1095,5,1,1,370
1095,15,1,2,370
1095,16,2,3,300
1095,18,4,4,380
1095,13,3,5,260
1095,9,4,6,380
1095,8,2,7,300
1095,7,3,8,260
1096,16,2,1,220
1096,13,3,2,110
1096,11,4,3,0
1096,17,3,4,110
1096,2,2,5,220
1096,7,3,6,110
1096,19,2,7,220
1096,18,4,8,0
1096,10,3,9,110
1096,12,2,10,220
1097,14,2,1,10
1097,5,1,2,430
1097,18,4,3,330
1097,7,3,4,390
1097,11,4,5,330
1097,17,3,6,390
1097,19,2,7,10
1097,1,3,8,390
1097,16,2,9,10
1097,9,4,10,330
1098,7,3,1,0
1098,12,2,2,0
1098,4,3,3,0
1098,13,3,4,0
1098,14,2,5,0
1098,2,2,6,0
1098,10,3,7,0
1098,5,1,8,170
1098,9,4,9,220
1099,17,3,1,270
1099,20,1,2,60
1099,18,4,3,110
1099,5,1,4,60
1099,12,2,5,370
1099,4,3,6,270
1099,16,2,7,370
1099,15,1,8,60
1100,11,4,1,50
1100,8,2,2,250
1100,14,2,3,250
1100,5,1,4,430
1100,15,1,5,430
1100,20,1,6,430
1100,10,3,7,410
1101,2,2,1,170
1101,20,1,2,280
1101,13,3,3,370
1101,12,2,4,170
1101,19,2,5,170
1101,7,3,6,370
1101,10,3,7,370
1101,17,3,8,370
1101,16,2,9,170
1101,14,2,10,170
1102,10,3,1,90
1102,17,3,2,90
1102,18,4,3,40
1102,4,3,4,90
1102,2,2,5,90
1102,3,3,6,90
1102,19,2,7,90
1102,20,1,8,310
1102,5,1,9,310
1103,19,2,1,70
1103,3,3,2,340
1103,20,1,3,330
1103,10,3,4,340
1103,12,2,5,70
1103,8,2,6,70
1103,7,3,7,340
1103,11,4,8,120
1103,17,3,9,340
1104,16,2,1,200
1104,6,3,2,0
1104,10,3,3,0
1104,4,3,4,0
1104,8,2,5,200
1104,3,3,6,0
1104,19,2,7,200
1105,20,1,1,320
1105,19,2,2,0
1105,4,3,3,290
1105,3,3,4,290
1105,14,2,5,0
1105,8,2,6,0
1105,16,2,7,0
1106,2,2,1,480
1106,12,2,2,480
1106,7,3,3,420
1106,11,4,4,60
1106,15,1,5,20
1106,14,2,6,480
1107,14,2,1,340
1107,19,2,2,340
1107,15,1,3,320
1107,17,3,4,290
1107,5,1,5,320
1107,9,4,6,170
1107,11,4,7,170
1107,7,3,8,290
1108,12,2,1,430
1108,7,3,2,210
1108,17,3,3,210
1108,11,4,4,150
1108,10,3,5,210
1109,4,3,1,0
1109,12,2,2,220
1109,6,3,3,0
1109,13,3,4,0
1109,16,2,5,220
1109,19,2,6,220
1109,14,2,7,220
1109,7,3,8,0
1110,10,3,1,190
1110,18,4,2,60
1110,20,1,3,480
1110,13,3,4,190
1110,7,3,5,190
1110,15,1,6,480
1111,11,4,1,370
1111,5,1,2,220
1111,7,3,3,170
1111,2,2,4,230
1111,4,3,5,170
1111,15,1,6,220
1112,8,2,1,250
1112,14,2,2,250
1112,3,3,3,300
1112,20,1,4,310
1112,5,1,5,310
1112,2,2,6,250
1112,9,4,7,240
1112,18,4,8,240
1112,10,3,9,300
1112,1,3,10,300
1113,8,2,1,470
1113,12,2,2,470
1113,10,3,3,490
1113,2,2,4,470
1113,17,3,5,490
1114,1,3,1,460
1114,2,2,2,30
1114,6,3,3,460
1114,7,3,4,460
1114,9,4,5,310
1114,14,2,6,30
1114,17,3,7,460
1114,4,3,8,460
1114,13,3,9,460
1114,16,2,10,30
1115,8,2,1,50
1115,9,4,2,140
1115,18,4,3,140
1115,15,1,4,270
1115,2,2,5,50
1115,5,1,6,270
1116,11,4,1,480
1116,5,1,2,430
1116,2,2,3,40
1116,13,3,4,100
1116,1,3,5,100
1116,19,2,6,40
1117,20,1,1,40
1117,9,4,2,490
1117,19,2,3,450
1117,13,3,4,330
1117,1,3,5,330
1118,11,4,1,240
1118,2,2,2,60
1118,9,4,3,240
1118,1,3,4,20
1118,6,3,5,20
1119,15,1,1,290
1119,16,2,2,30
1119,6,3,3,460
1119,11,4,4,280
1119,5,1,5,290
1119,10,3,6,460
1119,17,3,7,460
1120,10,3,1,200
1120,13,3,2,200
1120,18,4,3,210
1120,9,4,4,210
1120,15,1,5,220
1120,20,1,6,220
1121,5,1,1,340
1121,19,2,2,310
1121,12,2,3,310
1121,9,4,4,90
1121,4,3,5,400
1121,10,3,6,400
1121,3,3,7,400
1122,11,4,1,380
1122,13,3,2,120
1122,16,2,3,310
1122,15,1,4,300
1122,17,3,5,120
1122,9,4,6,380
1122,2,2,7,310
1123,16,2,1,60
1123,20,1,2,20
1123,17,3,3,200
1123,3,3,4,200
1123,2,2,5,60
1123,4,3,6,200
1123,5,1,7,20
1123,19,2,8,60
1123,7,3,9,200
1123,1,3,10,200
1124,20,1,1,470
1124,18,4,2,150
1124,15,1,3,470
1124,17,3,4,370
1124,2,2,5,200
1124,9,4,6,150
1124,11,4,7,150
1124,13,3,8,370
1125,4,3,1,170
1125,17,3,2,170
1125,6,3,3,170
1125,10,3,4,170
1125,2,2,5,430
1125,18,4,6,460
1125,20,1,7,0
1125,7,3,8,170
1125,1,3,9,170
1126,10,3,1,310
1126,16,2,2,280
1126,13,3,3,310
1126,7,3,4,310
1126,19,2,5,280
1126,8,2,6,280
1126,18,4,7,170
1126,11,4,8,170
1127,12,2,1,20
1127,9,4,2,110
1127,1,3,3,170
1127,7,3,4,170
1127,16,2,5,20
1127,13,3,6,170
1127,6,3,7,170
1127,19,2,8,20
1127,20,1,9,290
1128,8,2,1,460
1128,20,1,2,300
1128,16,2,3,460
1128,17,3,4,450
1128,6,3,5,450
1128,18,4,6,420
1128,2,2,7,460
1128,9,4,8,420
1128,3,3,9,450
1128,14,2,10,460
1129,5,1,1,400
1129,9,4,2,440
1129,19,2,3,170
1129,20,1,4,400
1129,16,2,5,170
1129,1,3,6,460
1129,12,2,7,170
1129,2,2,8,170
1129,11,4,9,440
1130,1,3,1,120
1130,16,2,2,80
1130,17,3,3,120
1130,10,3,4,120
1130,2,2,5,80
1130,11,4,6,180
1130,13,3,7,120
1130,7,3,8,120
1131,14,2,1,350
1131,17,3,2,50
1131,9,4,3,150
1131,15,1,4,390
1131,18,4,5,150
1131,20,1,6,390
1131,11,4,7,150
1131,12,2,8,350
1131,4,3,9,50
1131,8,2,10,350
1132,15,1,1,220
1132,10,3,2,240
1132,3,3,3,240
1132,4,3,4,240
1132,11,4,5,330
1132,1,3,6,240
1132,16,2,7,410
1132,5,1,8,220
1132,6,3,9,240
1132,12,2,10,410
1133,16,2,1,300
1133,11,4,2,10
1133,2,2,3,300
1133,14,2,4,300
1133,20,1,5,410
1134,13,3,1,390
1134,11,4,2,410
1134,1,3,3,390
1134,4,3,4,390
1134,7,3,5,390
1134,10,3,6,390
1134,16,2,7,350
1135,4,3,1,460
1135,20,1,2,240
1135,5,1,3,240
1135,8,2,4,320
1135,7,3,5,460
1135,12,2,6,320
1135,19,2,7,320
1135,9,4,8,200
1136,12,2,1,380
1136,11,4,2,240
1136,18,4,3,240
1136,2,2,4,380
1136,13,3,5,350
1136,5,1,6,260
1136,9,4,7,240
1137,19,2,1,20
1137,2,2,2,20
1137,20,1,3,230
1137,10,3,4,100
1137,17,3,5,100
1137,13,3,6,100
1137,16,2,7,20
1138,7,3,1,90
1138,8,2,2,390
1138,18,4,3,490
1138,14,2,4,390
1138,3,3,5,90
1138,12,2,6,390
1138,16,2,7,390
1138,10,3,8,90
1138,5,1,9,270
1138,17,3,10,90
1139,11,4,1,180
1139,19,2,2,350
1139,5,1,3,340
1139,3,3,4,420
1139,2,2,5,350
1139,6,3,6,420
1140,20,1,1,350
1140,19,2,2,450
1140,10,3,3,200
1140,1,3,4,200
1140,6,3,5,200
1141,3,3,1,480
1141,12,2,2,160
1141,5,1,3,30
1141,2,2,4,160
1141,19,2,5,160
1142,7,3,1,440
1142,15,1,2,200
1142,9,4,3,120
1142,5,1,4,200
1142,6,3,5,440
1142,17,3,6,440
1143,3,3,1,70
1143,11,4,2,30
1143,15,1,3,460
1143,16,2,4,230
1143,1,3,5,70
1143,14,2,6,230
1143,19,2,7,230
1144,5,1,1,290
1144,4,3,2,310
1144,14,2,3,190
1144,16,2,4,190
1144,19,2,5,190
1144,9,4,6,110
1144,18,4,7,110
1144,15,1,8,290
1145,11,4,1,390
1145,16,2,2,470
1145,10,3,3,150
1145,4,3,4,150
1145,8,2,5,470
1145,6,3,6,150
1145,1,3,7,150
1145,20,1,8,50
1145,19,2,9,470
1145,2,2,10,470
1146,10,3,1,150
1146,8,2,2,350
1146,9,4,3,230
1146,16,2,4,350
1146,19,2,5,350
1146,17,3,6,150
1146,13,3,7,150
1146,12,2,8,350
1147,1,3,1,400
1147,13,3,2,400
1147,14,2,3,360
1147,3,3,4,400
1147,12,2,5,360
1147,6,3,6,400
1147,15,1,7,170
1147,11,4,8,490
1147,19,2,9,360
1148,6,3,1,230
1148,17,3,2,230
1148,12,2,3,290
1148,20,1,4,240
1148,11,4,5,380
1148,5,1,6,240
1149,3,3,1,180
1149,7,3,2,180
1149,4,3,3,180
1149,12,2,4,80
1149,6,3,5,180
1149,11,4,6,420
1150,17,3,1,270
1150,14,2,2,480
1150,13,3,3,270
1150,18,4,4,410
1150,9,4,5,410
1150,20,1,6,390
1150,5,1,7,390
1150,2,2,8,480
1150,19,2,9,480
1150,3,3,10,270
1151,7,3,1,300
1151,2,2,2,210
1151,5,1,3,290
1151,16,2,4,210
1151,3,3,5,300
1151,12,2,6,210
1151,9,4,7,350
1151,15,1,8,290
1151,4,3,9,300
1152,5,1,1,370
1152,2,2,2,270
1152,3,3,3,490
1152,15,1,4,370
1152,17,3,5,490
1152,16,2,6,270
1152,19,2,7,270
1152,9,4,8,280
1152,4,3,9,490
1153,8,2,1,60
1153,6,3,2,300
1153,13,3,3,300
1153,9,4,4,70
1153,20,1,5,340
1153,7,3,6,300
1153,10,3,7,300
1153,18,4,8,70
1153,14,2,9,60
1154,1,3,1,210
1154,20,1,2,360
1154,5,1,3,360
1154,10,3,4,210
1154,6,3,5,210
1154,16,2,6,350
1154,19,2,7,350
1155,16,2,1,140
1155,11,4,2,240
1155,5,1,3,30
1155,10,3,4,340
1155,7,3,5,340
1156,2,2,1,150
1156,9,4,2,120
1156,8,2,3,150
1156,10,3,4,280
1156,11,4,5,120
1156,6,3,6,280
1156,15,1,7,100
1156,7,3,8,280
1157,1,3,1,80
1157,16,2,2,460
1157,7,3,3,80
1157,19,2,4,460
1157,15,1,5,380
1157,13,3,6,80
1157,20,1,7,380
1157,14,2,8,460
1158,1,3,1,380
1158,16,2,2,90
1158,6,3,3,380
1158,17,3,4,380
1158,8,2,5,90
1158,5,1,6,340
1158,11,4,7,280
1158,12,2,8,90
1158,4,3,9,380
1158,18,4,10,280
1159,11,4,1,450
1159,9,4,2,450
1159,2,2,3,370
1159,3,3,4,350
1159,20,1,5,310
1159,8,2,6,370
1159,6,3,7,350
1159,10,3,8,350
1160,11,4,1,400
1160,10,3,2,440
1160,20,1,3,420
1160,3,3,4,440
1160,13,3,5,440
1160,9,4,6,400
1160,12,2,7,490
1160,4,3,8,440
1160,16,2,9,490
1161,4,3,1,220
1161,1,3,2,220
1161,9,4,3,330
1161,14,2,4,110
1161,19,2,5,110
1161,15,1,6,460
1161,6,3,7,220
1161,8,2,8,110
1162,7,3,1,330
1162,14,2,2,150
1162,17,3,3,330
1162,11,4,4,310
1162,18,4,5,310
1162,19,2,6,150
1162,4,3,7,330
1162,1,3,8,330
1162,12,2,9,150
1162,2,2,10,150
1163,12,2,1,390
1163,18,4,2,160
1163,14,2,3,390
1163,4,3,4,480
1163,9,4,5,160
1163,3,3,6,480
1163,13,3,7,480
1163,1,3,8,480
1163,17,3,9,480
1164,3,3,1,200
1164,7,3,2,200
1164,5,1,3,270
1164,10,3,4,200
1164,12,2,5,280
1165,3,3,1,330
1165,1,3,2,330
1165,18,4,3,350
1165,7,3,4,330
1165,12,2,5,260
1165,15,1,6,100
1166,16,2,1,170
1166,3,3,2,180
1166,18,4,3,420
1166,19,2,4,170
1166,14,2,5,170
1166,15,1,6,30
1166,13,3,7,180
1166,7,3,8,180
1167,17,3,1,190
1167,14,2,2,10
1167,5,1,3,40
1167,2,2,4,10
1167,13,3,5,190
1167,3,3,6,190
1168,3,3,1,40
1168,13,3,2,40
1168,10,3,3,40
1168,17,3,4,40
1168,18,4,5,430
1168,16,2,6,210
1169,12,2,1,260
1169,20,1,2,350
1169,1,3,3,420
1169,11,4,4,460
1169,16,2,5,260
1169,17,3,6,420
1169,9,4,7,460
1169,4,3,8,420
1169,14,2,9,260
1169,18,4,10,460
1170,3,3,1,120
1170,10,3,2,120
1170,19,2,3,0
1170,9,4,4,320
1170,4,3,5,120
1170,20,1,6,10
1170,12,2,7,0
1170,13,3,8,120
1171,13,3,1,160
1171,10,3,2,160
1171,2,2,3,280
1171,9,4,4,360
1171,18,4,5,360
1171,19,2,6,280
1172,12,2,1,150
1172,13,3,2,170
1172,14,2,3,150
1172,10,3,4,170
1172,4,3,5,170
1172,9,4,6,400
1173,18,4,1,470
1173,6,3,2,170
1173,9,4,3,470
1173,1,3,4,170
1173,20,1,5,260
1173,2,2,6,480
1173,4,3,7,170
1173,5,1,8,260
1174,11,4,1,50
1174,14,2,2,380
1174,13,3,3,360
1174,3,3,4,360
1174,7,3,5,360
1174,9,4,6,50
1174,2,2,7,380
1174,17,3,8,360
1174,20,1,9,310
1174,5,1,10,310
1175,10,3,1,120
1175,7,3,2,120
1175,18,4,3,460
1175,11,4,4,460
1175,5,1,5,270
1176,16,2,1,90
1176,20,1,2,180
1176,2,2,3,90
1176,19,2,4,90
1176,10,3,5,270
1177,8,2,1,490
1177,1,3,2,300
1177,18,4,3,40
1177,9,4,4,40
1177,14,2,5,490
1177,15,1,6,210
1177,5,1,7,210
1177,10,3,8,300
1177,12,2,9,490
1178,7,3,1,490
1178,15,1,2,30
1178,6,3,3,490
1178,12,2,4,480
1178,10,3,5,490
1179,20,1,1,370
1179,14,2,2,40
1179,5,1,3,370
1179,17,3,4,60
1179,19,2,5,40
1179,12,2,6,40
1179,10,3,7,60
1179,7,3,8,60
1180,11,4,1,110
1180,9,4,2,110
1180,18,4,3,110
1180,7,3,4,330
1180,16,2,5,420
1180,12,2,6,420
1180,2,2,7,420
1180,5,1,8,300
1180,3,3,9,330
1181,19,2,1,260
1181,20,1,2,40
1181,3,3,3,330
1181,4,3,4,330
1181,6,3,5,330
1181,14,2,6,260
1181,2,2,7,260
1181,11,4,8,360
1181,17,3,9,330
1181,10,3,10,330
1182,13,3,1,100
1182,10,3,2,100
1182,4,3,3,100
1182,16,2,4,310
1182,14,2,5,310
1182,19,2,6,310
1182,3,3,7,100
1183,11,4,1,190
1183,12,2,2,250
1183,2,2,3,250
1183,14,2,4,250
1183,3,3,5,190
1183,5,1,6,150
1183,1,3,7,190
1183,6,3,8,190
1183,13,3,9,190
1183,7,3,10,190
1184,10,3,1,70
1184,19,2,2,160
1184,9,4,3,390
1184,7,3,4,70
1184,16,2,5,160
1184,18,4,6,390
1184,6,3,7,70
1185,2,2,1,450
1185,14,2,2,450
1185,19,2,3,450
1185,9,4,4,470
1185,8,2,5,450
1185,5,1,6,50
1185,17,3,7,470
1185,4,3,8,470
1185,11,4,9,470
1186,7,3,1,360
1186,19,2,2,310
1186,6,3,3,360
1186,16,2,4,310
1186,18,4,5,140
1186,9,4,6,140
1186,11,4,7,140
1186,12,2,8,310
1186,15,1,9,210
1186,3,3,10,360
1187,2,2,1,420
1187,6,3,2,430
1187,13,3,3,430
1187,4,3,4,430
1187,20,1,5,330
1187,18,4,6,210
1187,5,1,7,330
1187,17,3,8,430
1188,8,2,1,20
1188,13,3,2,10
1188,9,4,3,360
1188,11,4,4,360
1188,5,1,5,150
1189,3,3,1,470
1189,5,1,2,400
1189,12,2,3,110
1189,10,3,4,470
1189,15,1,5,400
1189,9,4,6,310
1189,18,4,7,310
1189,16,2,8,110
1190,16,2,1,250
1190,1,3,2,170
1190,3,3,3,170
1190,12,2,4,250
1190,15,1,5,140
1190,9,4,6,420
1190,6,3,7,170
1190,4,3,8,170
1191,9,4,1,10
1191,4,3,2,150
1191,15,1,3,120
1191,13,3,4,150
1191,19,2,5,450
1191,17,3,6,150
1191,6,3,7,150
1191,10,3,8,150
1191,14,2,9,450
1191,16,2,10,450
1192,17,3,1,250
1192,7,3,2,250
1192,6,3,3,250
1192,5,1,4,110
1192,16,2,5,160
1192,4,3,6,250
1193,16,2,1,130
1193,11,4,2,280
1193,4,3,3,320
1193,12,2,4,130
1193,18,4,5,280
1193,7,3,6,320
1194,16,2,1,460
1194,10,3,2,400
1194,18,4,3,20
1194,9,4,4,20
1194,8,2,5,460
1194,17,3,6,400
1194,19,2,7,460
1194,15,1,8,410
1194,1,3,9,400
1194,12,2,10,460
1195,5,1,1,200
1195,3,3,2,340
1195,8,2,3,460
1195,10,3,4,340
1195,12,2,5,460
1195,6,3,6,340
1195,7,3,7,340
1195,19,2,8,460
1195,9,4,9,60
1196,18,4,1,310
1196,16,2,2,90
1196,5,1,3,50
1196,15,1,4,50
1196,10,3,5,190
1197,7,3,1,110
1197,14,2,2,450
1197,4,3,3,110
1197,6,3,4,110
1197,15,1,5,280
1198,9,4,1,0
1198,8,2,2,150
1198,17,3,3,410
1198,2,2,4,150
1198,19,2,5,150
1198,7,3,6,410
1199,3,3,1,20
1199,5,1,2,30
1199,16,2,3,410
1199,14,2,4,410
1199,8,2,5,410
1199,20,1,6,30
1199,11,4,7,310
1199,2,2,8,410
1199,17,3,9,20
1199,4,3,10,20
1200,2,2,1,250
1200,3,3,2,0
1200,1,3,3,0
1200,16,2,4,250
1200,18,4,5,250
1200,13,3,6,0
1200,20,1,7,60
1201,5,1,1,110
1201,7,3,2,410
1201,12,2,3,290
1201,4,3,4,410
1201,18,4,5,320
1201,20,1,6,110
1202,8,2,1,60
1202,2,2,2,60
1202,10,3,3,460
1202,17,3,4,460
1202,16,2,5,60
1203,4,3,1,210
1203,9,4,2,330
1203,16,2,3,350
1203,17,3,4,210
1203,1,3,5,210
1203,2,2,6,350
1203,20,1,7,130
1203,15,1,8,130
1203,10,3,9,210
1204,9,4,1,10
1204,16,2,2,30
1204,3,3,3,10
1204,18,4,4,10
1204,10,3,5,10
1204,15,1,6,440
1204,17,3,7,10
1204,4,3,8,10
1204,5,1,9,440
1204,1,3,10,10
1205,14,2,1,470
1205,13,3,2,280
1205,6,3,3,280
1205,8,2,4,470
1205,15,1,5,310
1205,3,3,6,280
1206,5,1,1,20
1206,12,2,2,180
1206,1,3,3,430
1206,19,2,4,180
1206,2,2,5,180
1206,6,3,6,430
1206,15,1,7,20
1207,6,3,1,190
1207,2,2,2,380
1207,7,3,3,190
1207,8,2,4,380
1207,20,1,5,420
1207,5,1,6,420
1207,10,3,7,190
1207,4,3,8,190
1207,17,3,9,190
1208,19,2,1,200
1208,14,2,2,200
1208,12,2,3,200
1208,17,3,4,480
1208,4,3,5,480
1208,5,1,6,380
1209,3,3,1,310
1209,9,4,2,190
1209,13,3,3,310
1209,10,3,4,310
1209,17,3,5,310
1209,19,2,6,140
1209,7,3,7,310
1210,2,2,1,210
1210,12,2,2,210
1210,7,3,3,240
1210,10,3,4,240
1210,8,2,5,210
1210,1,3,6,240
1210,14,2,7,210
1210,18,4,8,180
1210,6,3,9,240
1211,9,4,1,380
1211,12,2,2,220
1211,16,2,3,220
1211,4,3,4,160
1211,2,2,5,220
1211,6,3,6,160
1211,18,4,7,380
1211,14,2,8,220
1212,15,1,1,110
1212,9,4,2,0
1212,5,1,3,110
1212,3,3,4,400
1212,12,2,5,110
1212,7,3,6,400
1212,6,3,7,400
1212,20,1,8,110
1213,7,3,1,0
1213,20,1,2,260
1213,19,2,3,450
1213,4,3,4,0
1213,11,4,5,80
1213,6,3,6,0
1213,10,3,7,0
1214,20,1,1,290
1214,18,4,2,140
1214,3,3,3,170
1214,10,3,4,170
1214,5,1,5,290
1214,19,2,6,30
1214,8,2,7,30
1214,7,3,8,170
1214,14,2,9,30
1215,20,1,1,230
1215,13,3,2,490
1215,14,2,3,190
1215,2,2,4,190
1215,18,4,5,390
1216,8,2,1,470
1216,15,1,2,40
1216,5,1,3,40
1216,13,3,4,30
1216,2,2,5,470
1217,19,2,1,50
1217,15,1,2,50
1217,4,3,3,190
1217,3,3,4,190
1217,18,4,5,70
1217,1,3,6,190
1217,16,2,7,50
1217,6,3,8,190
1217,12,2,9,50
1218,3,3,1,440
1218,12,2,2,220
1218,6,3,3,440
1218,11,4,4,260
1218,16,2,5,220
1218,2,2,6,220
1218,20,1,7,60
1218,1,3,8,440
1219,17,3,1,420
1219,6,3,2,420
1219,9,4,3,30
1219,16,2,4,490
1219,1,3,5,420
1219,14,2,6,490
1219,15,1,7,320
1219,2,2,8,490
1220,10,3,1,440
1220,15,1,2,470
1220,2,2,3,440
1220,18,4,4,170
1220,7,3,5,440
1220,16,2,6,440
1220,17,3,7,440
1221,9,4,1,480
1221,14,2,2,90
1221,16,2,3,90
1221,1,3,4,360
1221,6,3,5,360
1221,4,3,6,360
1221,20,1,7,380
1221,19,2,8,90
1221,12,2,9,90
1221,7,3,10,360
1222,9,4,1,220
1222,16,2,2,260
1222,3,3,3,390
1222,2,2,4,260
1222,8,2,5,260
1222,19,2,6,260
1222,10,3,7,390
1222,1,3,8,390
1222,15,1,9,90
1222,20,1,10,90
1223,12,2,1,390
1223,18,4,2,370
1223,4,3,3,80
1223,19,2,4,390
1223,14,2,5,390
1223,8,2,6,390
1223,13,3,7,80
1223,16,2,8,390
1224,3,3,1,260
1224,16,2,2,100
1224,8,2,3,100
1224,15,1,4,10
1224,11,4,5,370
1224,12,2,6,100
1224,20,1,7,10
1224,4,3,8,260
1224,10,3,9,260
1224,17,3,10,260
1225,20,1,1,410
1225,6,3,2,220
1225,19,2,3,320
1225,16,2,4,320
1225,7,3,5,220
1226,19,2,1,400
1226,15,1,2,370
1226,7,3,3,360
1226,12,2,4,400
1226,2,2,5,400
1227,4,3,1,440
1227,11,4,2,190
1227,20,1,3,410
1227,2,2,4,160
1227,14,2,5,160
1228,8,2,1,190
1228,12,2,2,190
1228,1,3,3,400
1228,9,4,4,70
1228,7,3,5,400
1229,6,3,1,380
1229,13,3,2,380
1229,11,4,3,150
1229,12,2,4,20
1229,20,1,5,280
1230,12,2,1,0
1230,16,2,2,0
1230,18,4,3,490
1230,5,1,4,170
1230,20,1,5,170
1230,19,2,6,0
1231,17,3,1,430
1231,9,4,2,360
1231,5,1,3,90
1231,7,3,4,430
1231,19,2,5,80
1231,3,3,6,430
1231,2,2,7,80
1231,13,3,8,430
1231,14,2,9,80
1231,16,2,10,80
1232,3,3,1,350
1232,15,1,2,310
1232,4,3,3,350
1232,20,1,4,310
1232,10,3,5,350
1232,7,3,6,350
1232,9,4,7,430
1232,17,3,8,350
1232,11,4,9,430
1232,5,1,10,310
1233,2,2,1,440
1233,11,4,2,340
1233,15,1,3,20
1233,19,2,4,440
1233,10,3,5,140
1233,12,2,6,440
1233,3,3,7,140
1233,20,1,8,20
1234,6,3,1,460
1234,1,3,2,460
1234,16,2,3,220
1234,11,4,4,30
1234,4,3,5,460
1234,3,3,6,460
1234,13,3,7,460
1234,9,4,8,30
1235,10,3,1,20
1235,4,3,2,20
1235,14,2,3,450
1235,3,3,4,20
1235,12,2,5,450
1235,2,2,6,450
1235,5,1,7,120
1235,9,4,8,180
1236,10,3,1,250
1236,5,1,2,30
1236,18,4,3,150
1236,8,2,4,320
1236,1,3,5,250
1236,6,3,6,250
1236,17,3,7,250
1236,14,2,8,320
1236,20,1,9,30
1237,3,3,1,490
1237,9,4,2,110
1237,17,3,3,490
1237,11,4,4,110
1237,14,2,5,320
1237,19,2,6,320
1237,5,1,7,330
1238,8,2,1,150
1238,17,3,2,180
1238,14,2,3,150
1238,9,4,4,490
1238,3,3,5,180
1238,18,4,6,490
1239,2,2,1,460
1239,17,3,2,250
1239,14,2,3,460
1239,13,3,4,250
1239,10,3,5,250
1239,18,4,6,240
1239,9,4,7,240
1240,2,2,1,240
1240,12,2,2,240
1240,15,1,3,250
1240,18,4,4,160
1240,11,4,5,160
1240,7,3,6,240
1240,19,2,7,240
1241,3,3,1,100
1241,9,4,2,230
1241,15,1,3,0
1241,16,2,4,240
1241,20,1,5,0
1242,15,1,1,300
1242,7,3,2,290
1242,14,2,3,360
1242,6,3,4,290
1242,18,4,5,320
1242,3,3,6,290
1242,1,3,7,290
1242,9,4,8,320
1243,13,3,1,400
1243,4,3,2,400
1243,6,3,3,400
1243,17,3,4,400
1243,16,2,5,240
1243,7,3,6,400
1243,14,2,7,240
1243,18,4,8,30
1243,5,1,9,450
1244,19,2,1,120
1244,3,3,2,160
1244,6,3,3,160
1244,17,3,4,160
1244,18,4,5,410
1244,2,2,6,120
1244,15,1,7,230
1244,1,3,8,160
1245,16,2,1,40
1245,3,3,2,170
1245,1,3,3,170
1245,14,2,4,40
1245,17,3,5,170
1245,4,3,6,170
1246,13,3,1,430
1246,18,4,2,490
1246,12,2,3,450
1246,14,2,4,450
1246,16,2,5,450
1247,9,4,1,20
1247,10,3,2,80
1247,18,4,3,20
1247,7,3,4,80
1247,17,3,5,80
1247,16,2,6,420
1247,6,3,7,80
1247,5,1,8,240
1248,6,3,1,270
1248,12,2,2,410
1248,20,1,3,360
1248,13,3,4,270
1248,11,4,5,140
1249,14,2,1,80
1249,10,3,2,310
1249,3,3,3,310
1249,5,1,4,130
1249,11,4,5,180
1249,1,3,6,310
1250,9,4,1,450
1250,4,3,2,100
1250,7,3,3,100
1250,12,2,4,150
1250,5,1,5,160
1250,10,3,6,100
1250,2,2,7,150
1250,3,3,8,100
1250,20,1,9,160
1250,16,2,10,150
1251,19,2,1,10
1251,10,3,2,100
1251,4,3,3,100
1251,3,3,4,100
1251,8,2,5,10
1251,20,1,6,120
1251,18,4,7,300
1251,7,3,8,100
1252,4,3,1,140
1252,7,3,2,140
1252,17,3,3,140
1252,10,3,4,140
1252,15,1,5,290
1252,3,3,6,140
1252,20,1,7,290
1253,14,2,1,110
1253,7,3,2,10
1253,9,4,3,380
1253,1,3,4,10
1253,10,3,5,10
1253,6,3,6,10
1253,17,3,7,10
1253,8,2,8,110
1253,16,2,9,110
1254,6,3,1,460
1254,8,2,2,200
1254,4,3,3,460
1254,14,2,4,200
1254,3,3,5,460
1254,1,3,6,460
1254,12,2,7,200
1254,7,3,8,460
1255,7,3,1,480
1255,18,4,2,70
1255,15,1,3,420
1255,10,3,4,480
1255,11,4,5,70
1255,1,3,6,480
1255,14,2,7,220
1256,17,3,1,130
1256,2,2,2,230
1256,3,3,3,130
1256,16,2,4,230
1256,9,4,5,130
1256,5,1,6,200
1257,11,4,1,80
1257,7,3,2,380
1257,5,1,3,390
1257,4,3,4,380
1257,19,2,5,90
1257,12,2,6,90
1257,14,2,7,90
1258,17,3,1,420
1258,9,4,2,410
1258,14,2,3,380
1258,5,1,4,110
1258,8,2,5,380
1259,8,2,1,450
1259,17,3,2,140
1259,2,2,3,450
1259,6,3,4,140
1259,10,3,5,140
1260,1,3,1,110
1260,19,2,2,100
1260,13,3,3,110
1260,2,2,4,100
1260,11,4,5,20
1260,3,3,6,110
1260,9,4,7,20
1260,15,1,8,0
1261,6,3,1,260
1261,14,2,2,460
1261,7,3,3,260
1261,20,1,4,20
1261,15,1,5,20
1262,13,3,1,150
1262,17,3,2,150
1262,4,3,3,150
1262,11,4,4,160
1262,5,1,5,110
1262,9,4,6,160
1263,14,2,1,60
1263,18,4,2,0
1263,11,4,3,0
1263,7,3,4,130
1263,15,1,5,240
1263,1,3,6,130
1263,10,3,7,130
1263,8,2,8,60
1263,3,3,9,130
1264,20,1,1,320
1264,18,4,2,20
1264,9,4,3,20
1264,2,2,4,450
1264,13,3,5,330
1265,13,3,1,80
1265,17,3,2,80
1265,10,3,3,80
1265,15,1,4,370
1265,20,1,5,370
1265,4,3,6,80
1265,3,3,7,80
1266,18,4,1,190
1266,7,3,2,380
1266,9,4,3,190
1266,8,2,4,350
1266,6,3,5,380
1266,3,3,6,380
1266,17,3,7,380
1266,15,1,8,190
1266,10,3,9,380
1266,11,4,10,190
1267,17,3,1,0
1267,15,1,2,60
1267,3,3,3,0
1267,7,3,4,0
1267,10,3,5,0
1267,8,2,6,340
1268,4,3,1,180
1268,15,1,2,290
1268,11,4,3,330
1268,5,1,4,290
1268,14,2,5,360
1269,3,3,1,100
1269,20,1,2,140
1269,6,3,3,100
1269,1,3,4,100
1269,12,2,5,170
1269,18,4,6,60
1269,15,1,7,140
1270,16,2,1,370
1270,2,2,2,370
1270,9,4,3,430
1270,10,3,4,430
1270,4,3,5,430
1270,6,3,6,430
1270,11,4,7,430
1271,18,4,1,290
1271,2,2,2,450
1271,8,2,3,450
1271,12,2,4,450
1271,10,3,5,220
1272,15,1,1,170
1272,14,2,2,280
1272,1,3,3,20
1272,10,3,4,20
1272,9,4,5,280
1272,17,3,6,20
1273,2,2,1,450
1273,14,2,2,450
1273,5,1,3,210
1273,15,1,4,210
1273,8,2,5,450
1273,17,3,6,310
1274,4,3,1,80
1274,1,3,2,80
1274,5,1,3,0
1274,14,2,4,200
1274,6,3,5,80
1274,15,1,6,0
1274,10,3,7,80
1274,17,3,8,80
1274,3,3,9,80
1274,19,2,10,200
1275,14,2,1,180
1275,19,2,2,180
1275,20,1,3,180
1275,8,2,4,180
1275,10,3,5,290
1275,3,3,6,290
1275,13,3,7,290
1276,16,2,1,330
1276,18,4,2,280
1276,17,3,3,390
1276,4,3,4,390
1276,10,3,5,390
1276,19,2,6,330
1276,14,2,7,330
1276,20,1,8,80
1276,7,3,9,390
1277,10,3,1,280
1277,7,3,2,280
1277,17,3,3,280
1277,4,3,4,280
1277,20,1,5,390
1278,7,3,1,420
1278,18,4,2,130
1278,13,3,3,420
1278,2,2,4,480
1278,12,2,5,480
1278,10,3,6,420
1279,1,3,1,360
1279,8,2,2,320
1279,16,2,3,320
1279,11,4,4,480
1279,13,3,5,360
1279,5,1,6,310
1279,4,3,7,360
1280,3,3,1,390
1280,12,2,2,380
1280,13,3,3,390
1280,17,3,4,390
1280,19,2,5,380
1281,7,3,1,440
1281,3,3,2,440
1281,17,3,3,440
1281,15,1,4,80
1281,20,1,5,80
1282,17,3,1,430
1282,1,3,2,430
1282,18,4,3,360
1282,14,2,4,70
1282,12,2,5,70
1282,4,3,6,430
1282,7,3,7,430
1282,5,1,8,390
1282,16,2,9,70
1282,19,2,10,70
1283,11,4,1,400
1283,16,2,2,90
1283,12,2,3,90
1283,13,3,4,470
1283,9,4,5,400
1284,5,1,1,260
1284,17,3,2,460
1284,13,3,3,460
1284,12,2,4,350
1284,15,1,5,260
1284,20,1,6,260
1284,19,2,7,350
1284,6,3,8,460
1285,1,3,1,190
1285,15,1,2,410
1285,13,3,3,190
1285,19,2,4,490
1285,5,1,5,410
1285,6,3,6,190
1285,12,2,7,490
1285,14,2,8,490
1286,1,3,1,130
1286,13,3,2,130
1286,5,1,3,240
1286,9,4,4,20
1286,8,2,5,380
1287,17,3,1,340
1287,4,3,2,340
1287,1,3,3,340
1287,18,4,4,230
1287,5,1,5,360
1287,11,4,6,230
1287,14,2,7,230
1288,17,3,1,250
1288,2,2,2,40
1288,3,3,3,250
1288,4,3,4,250
1288,8,2,5,40
1288,6,3,6,250
1288,12,2,7,40
1289,7,3,1,400
1289,2,2,2,360
1289,15,1,3,490
1289,10,3,4,400
1289,5,1,5,490
1289,1,3,6,400
1289,17,3,7,400
1290,7,3,1,450
1290,4,3,2,450
1290,10,3,3,450
1290,17,3,4,450
1290,5,1,5,140
1290,3,3,6,450
1290,11,4,7,50
1290,2,2,8,120
1290,1,3,9,450
1291,15,1,1,280
1291,19,2,2,340
1291,20,1,3,280
1291,7,3,4,180
1291,10,3,5,180
1291,18,4,6,40
1291,13,3,7,180
1292,16,2,1,270
1292,5,1,2,50
1292,20,1,3,50
1292,10,3,4,120
1292,17,3,5,120
1292,11,4,6,340
1292,2,2,7,270
1292,6,3,8,120
1293,12,2,1,210
1293,20,1,2,290
1293,9,4,3,390
1293,8,2,4,210
1293,17,3,5,490
1294,15,1,1,480
1294,14,2,2,200
1294,12,2,3,200
1294,1,3,4,20
1294,7,3,5,20
1294,11,4,6,100
1294,2,2,7,200
1295,3,3,1,180
1295,2,2,2,80
1295,18,4,3,70
1295,16,2,4,80
1295,10,3,5,180
1295,20,1,6,190
1295,19,2,7,80
1295,5,1,8,190
1295,6,3,9,180
1295,11,4,10,70
1296,20,1,1,0
1296,16,2,2,290
1296,10,3,3,290
1296,19,2,4,290
1296,18,4,5,480
1296,6,3,6,290
1296,4,3,7,290
1296,17,3,8,290
1297,13,3,1,250
1297,3,3,2,250
1297,18,4,3,440
1297,6,3,4,250
1297,9,4,5,440
1297,15,1,6,140
1297,19,2,7,60
1298,6,3,1,340
1298,1,3,2,340
1298,16,2,3,90
1298,14,2,4,90
1298,13,3,5,340
1299,7,3,1,410
1299,13,3,2,410
1299,11,4,3,260
1299,12,2,4,160
1299,6,3,5,410
1299,3,3,6,410
1300,1,3,1,270
1300,7,3,2,270
1300,20,1,3,100
1300,2,2,4,420
1300,12,2,5,420
1300,9,4,6,210
1300,19,2,7,420
1300,6,3,8,270
1300,10,3,9,270
1300,14,2,10,420
1301,5,1,1,210
1301,20,1,2,210
1301,15,1,3,210
1301,1,3,4,330
1301,19,2,5,0
1301,7,3,6,330
1301,17,3,7,330
1302,14,2,1,210
1302,15,1,2,400
1302,17,3,3,270
1302,11,4,4,420
1302,1,3,5,270
1302,2,2,6,210
1303,11,4,1,300
1303,12,2,2,310
1303,1,3,3,30
1303,17,3,4,30
1303,19,2,5,310
1303,8,2,6,310
1303,15,1,7,0
1303,6,3,8,30
1304,6,3,1,100
1304,16,2,2,60
1304,12,2,3,60
1304,9,4,4,130
1304,5,1,5,100
1305,4,3,1,340
1305,1,3,2,340
1305,6,3,3,340
1305,12,2,4,100
1305,5,1,5,170
1305,14,2,6,100
1306,2,2,1,110
1306,5,1,2,470
1306,8,2,3,110
1306,7,3,4,280
1306,13,3,5,280
1306,18,4,6,250
1306,11,4,7,250
1306,20,1,8,470
1306,15,1,9,470
1306,9,4,10,250
1307,7,3,1,390
1307,14,2,2,20
1307,19,2,3,20
1307,1,3,4,390
1307,6,3,5,390
1308,8,2,1,220
1308,3,3,2,490
1308,1,3,3,490
1308,10,3,4,490
1308,12,2,5,220
1308,11,4,6,170
1308,7,3,7,490
1309,14,2,1,270
1309,8,2,2,270
1309,5,1,3,440
1309,20,1,4,440
1309,10,3,5,320
1310,14,2,1,100
1310,10,3,2,350
1310,8,2,3,100
1310,2,2,4,100
1310,16,2,5,100
1311,2,2,1,310
1311,15,1,2,410
1311,10,3,3,60
1311,20,1,4,410
1311,3,3,5,60
1311,19,2,6,310
1312,11,4,1,70
1312,3,3,2,180
1312,13,3,3,180
1312,16,2,4,90
1312,18,4,5,70
1312,6,3,6,180
1313,6,3,1,20
1313,4,3,2,20
1313,18,4,3,190
1313,17,3,4,20
1313,9,4,5,190
1313,11,4,6,190
1313,3,3,7,20
1314,7,3,1,200
1314,6,3,2,200
1314,4,3,3,200
1314,13,3,4,200
1314,17,3,5,200
1314,16,2,6,270
1315,11,4,1,480
1315,12,2,2,490
1315,13,3,3,450
1315,6,3,4,450
1315,10,3,5,450
1315,3,3,6,450
1315,17,3,7,450
1315,2,2,8,490
1316,15,1,1,480
1316,2,2,2,30
1316,9,4,3,160
1316,20,1,4,480
1316,18,4,5,160
1316,17,3,6,0
1316,8,2,7,30
1316,1,3,8,0
1316,12,2,9,30
1317,7,3,1,250
1317,10,3,2,250
1317,5,1,3,130
1317,14,2,4,390
1317,9,4,5,100
1317,20,1,6,130
1317,2,2,7,390
1317,15,1,8,130
1318,12,2,1,250
1318,20,1,2,10
1318,15,1,3,10
1318,18,4,4,60
1318,8,2,5,250
1318,17,3,6,480
1318,6,3,7,480
1319,14,2,1,440
1319,5,1,2,110
1319,2,2,3,440
1319,12,2,4,440
1319,4,3,5,420
1320,8,2,1,380
1320,2,2,2,380
1320,20,1,3,300
1320,5,1,4,300
1320,13,3,5,410
1320,16,2,6,380
1320,12,2,7,380
1320,11,4,8,20
1320,1,3,9,410
1320,18,4,10,20
1321,16,2,1,250
1321,13,3,2,20
1321,6,3,3,20
1321,3,3,4,20
1321,11,4,5,420
1321,10,3,6,20
1322,3,3,1,300
1322,15,1,2,490
1322,1,3,3,300
1322,13,3,4,300
1322,10,3,5,300
1322,16,2,6,110
1323,15,1,1,0
1323,10,3,2,480
1323,2,2,3,170
1323,12,2,4,170
1323,3,3,5,480
1324,9,4,1,370
1324,19,2,2,240
1324,17,3,3,100
1324,14,2,4,240
1324,2,2,5,240
1324,18,4,6,370
1324,10,3,7,100
1324,8,2,8,240
1324,20,1,9,410
1325,8,2,1,20
1325,7,3,2,480
1325,17,3,3,480
1325,4,3,4,480
1325,5,1,5,190
1325,1,3,6,480
1325,14,2,7,20
1326,8,2,1,10
1326,2,2,2,10
1326,10,3,3,120
1326,14,2,4,10
1326,17,3,5,120
1326,11,4,6,280
1326,12,2,7,10
1327,7,3,1,110
1327,9,4,2,230
1327,15,1,3,50
1327,11,4,4,230
1327,2,2,5,130
1327,18,4,6,230
1327,19,2,7,130
1328,14,2,1,230
1328,2,2,2,230
1328,19,2,3,230
1328,1,3,4,300
1328,6,3,5,300
1328,20,1,6,200
1328,18,4,7,160
1328,8,2,8,230
1328,12,2,9,230
1328,15,1,10,200
1329,6,3,1,130
1329,7,3,2,130
1329,11,4,3,360
1329,17,3,4,130
1329,18,4,5,360
1329,19,2,6,20
1329,16,2,7,20
1329,13,3,8,130
1329,8,2,9,20
1330,19,2,1,420
1330,3,3,2,350
1330,18,4,3,130
1330,2,2,4,420
1330,11,4,5,130
1330,9,4,6,130
1331,3,3,1,260
1331,14,2,2,400
1331,5,1,3,180
1331,6,3,4,260
1331,7,3,5,260
1331,10,3,6,260
1332,14,2,1,170
1332,17,3,2,70
1332,12,2,3,170
1332,2,2,4,170
1332,4,3,5,70
1332,6,3,6,70
1332,19,2,7,170
1333,1,3,1,160
1333,14,2,2,410
1333,7,3,3,160
1333,15,1,4,420
1333,10,3,5,160
1333,8,2,6,410
1333,6,3,7,160
1333,9,4,8,460
1334,16,2,1,180
1334,12,2,2,180
1334,3,3,3,80
1334,15,1,4,150
1334,7,3,5,80
1335,4,3,1,250
1335,17,3,2,250
1335,19,2,3,370
1335,18,4,4,40
1335,1,3,5,250
1335,13,3,6,250
1335,12,2,7,370
1335,16,2,8,370
1335,14,2,9,370
1336,17,3,1,60
1336,19,2,2,190
1336,6,3,3,60
1336,2,2,4,190
1336,16,2,5,190
1336,1,3,6,60
1337,12,2,1,400
1337,6,3,2,50
1337,10,3,3,50
1337,16,2,4,400
1337,2,2,5,400
1337,15,1,6,290
1337,3,3,7,50
1338,11,4,1,390
1338,19,2,2,360
1338,12,2,3,360
1338,17,3,4,200
1338,3,3,5,200
1338,6,3,6,200
1339,19,2,1,430
1339,14,2,2,430
1339,1,3,3,300
1339,4,3,4,300
1339,18,4,5,90
1339,3,3,6,300
1339,15,1,7,100
1339,9,4,8,90
1339,12,2,9,430
1340,1,3,1,0
1340,19,2,2,80
1340,7,3,3,0
1340,2,2,4,80
1340,5,1,5,140
1340,14,2,6,80
1340,17,3,7,0
1340,12,2,8,80
1341,7,3,1,250
1341,9,4,2,380
1341,11,4,3,380
1341,8,2,4,340
1341,18,4,5,380
1341,5,1,6,50
1341,6,3,7,250
1341,20,1,8,50
1341,2,2,9,340
1342,10,3,1,70
1342,13,3,2,70
1342,9,4,3,230
1342,16,2,4,180
1342,17,3,5,70
1342,6,3,6,70
1342,18,4,7,230
1342,20,1,8,190
1342,2,2,9,180
1343,10,3,1,400
1343,2,2,2,500
1343,16,2,3,500
1343,20,1,4,370
1343,5,1,5,370
1343,19,2,6,500
1343,9,4,7,400
1343,6,3,8,400
1343,11,4,9,400
1344,8,2,1,80
1344,17,3,2,140
1344,5,1,3,280
1344,14,2,4,80
1344,11,4,5,430
1345,2,2,1,320
1345,8,2,2,320
1345,19,2,3,320
1345,12,2,4,320
1345,11,4,5,260
1345,14,2,6,320
1345,9,4,7,260
1345,5,1,8,240
1345,7,3,9,490
1345,1,3,10,490
1346,9,4,1,140
1346,4,3,2,390
1346,14,2,3,390
1346,13,3,4,390
1346,2,2,5,390
1347,12,2,1,400
1347,11,4,2,310
1347,17,3,3,60
1347,6,3,4,60
1347,4,3,5,60
1347,13,3,6,60
1347,20,1,7,440
1347,15,1,8,440
1347,14,2,9,400
1347,2,2,10,400
1348,19,2,1,70
1348,3,3,2,490
1348,9,4,3,320
1348,17,3,4,490
1348,13,3,5,490
1348,14,2,6,70
1348,6,3,7,490
1348,18,4,8,320
1349,14,2,1,160
1349,8,2,2,160
1349,2,2,3,160
1349,15,1,4,390
1349,5,1,5,390
1349,7,3,6,490
1349,16,2,7,160
1349,20,1,8,390
1350,13,3,1,460
1350,3,3,2,460
1350,2,2,3,150
1350,4,3,4,460
1350,17,3,5,460
1350,12,2,6,150
1350,7,3,7,460
1351,18,4,1,280
1351,15,1,2,190
1351,5,1,3,190
1351,13,3,4,150
1351,14,2,5,180
1352,1,3,1,280
1352,2,2,2,250
1352,7,3,3,280
1352,13,3,4,280
1352,4,3,5,280
1352,14,2,6,250
1353,13,3,1,140
1353,1,3,2,140
1353,4,3,3,140
1353,12,2,4,80
1353,7,3,5,140
1353,20,1,6,190
1353,6,3,7,140
1353,15,1,8,190
1354,7,3,1,350
1354,2,2,2,10
1354,20,1,3,280
1354,13,3,4,350
1354,15,1,5,280
1354,5,1,6,280
1354,8,2,7,10
1355,13,3,1,130
1355,6,3,2,130
1355,14,2,3,450
1355,11,4,4,410
1355,19,2,5,450
1356,15,1,1,120
1356,6,3,2,180
1356,16,2,3,80
1356,12,2,4,80
1356,5,1,5,120
1356,3,3,6,180
1356,13,3,7,180
1356,7,3,8,180
1357,4,3,1,200
1357,10,3,2,200
1357,1,3,3,200
1357,11,4,4,160
1357,18,4,5,160
1357,5,1,6,360
1357,19,2,7,150
1357,7,3,8,200
1357,16,2,9,150
1358,3,3,1,490
1358,4,3,2,490
1358,12,2,3,410
1358,2,2,4,410
1358,1,3,5,490
1358,11,4,6,180
1359,3,3,1,90
1359,1,3,2,90
1359,17,3,3,90
1359,10,3,4,90
1359,15,1,5,210
1359,7,3,6,90
1359,4,3,7,90
1360,11,4,1,480
1360,3,3,2,20
1360,18,4,3,480
1360,1,3,4,20
1360,2,2,5,60
1361,4,3,1,200
1361,5,1,2,40
1361,9,4,3,40
1361,14,2,4,360
1361,7,3,5,200
1361,16,2,6,360
1361,3,3,7,200
1361,8,2,8,360
1361,11,4,9,40
1361,6,3,10,200
1362,15,1,1,60
1362,18,4,2,30
1362,5,1,3,60
1362,4,3,4,170
1362,10,3,5,170
1363,15,1,1,280
1363,18,4,2,310
1363,19,2,3,230
1363,13,3,4,390
1363,20,1,5,280
1363,6,3,6,390
1364,14,2,1,60
1364,1,3,2,210
1364,4,3,3,210
1364,6,3,4,210
1364,19,2,5,60
1364,17,3,6,210
1364,2,2,7,60
1364,18,4,8,300
1364,3,3,9,210
1364,9,4,10,300
1365,2,2,1,60
1365,17,3,2,100
1365,1,3,3,100
1365,12,2,4,60
1365,5,1,5,170
1365,9,4,6,290
1366,14,2,1,450
1366,15,1,2,160
1366,17,3,3,110
1366,3,3,4,110
1366,6,3,5,110
1366,12,2,6,450
1367,19,2,1,280
1367,4,3,2,410
1367,2,2,3,280
1367,7,3,4,410
1367,15,1,5,370
1367,10,3,6,410
1367,6,3,7,410
1367,18,4,8,480
1367,16,2,9,280
1367,8,2,10,280
1368,8,2,1,70
1368,18,4,2,350
1368,6,3,3,160
1368,17,3,4,160
1368,14,2,5,70
1368,3,3,6,160
1368,12,2,7,70
1368,16,2,8,70
1369,11,4,1,390
1369,19,2,2,280
1369,13,3,3,320
1369,1,3,4,320
1369,9,4,5,390
1369,2,2,6,280
1369,8,2,7,280
1369,15,1,8,440
1369,18,4,9,390
1370,20,1,1,30
1370,3,3,2,410
1370,8,2,3,190
1370,7,3,4,410
1370,12,2,5,190
1370,4,3,6,410
1370,14,2,7,190
1370,15,1,8,30
1370,13,3,9,410
1370,16,2,10,190
1371,17,3,1,0
1371,8,2,2,430
1371,6,3,3,0
1371,14,2,4,430
1371,2,2,5,430
1371,20,1,6,190
1371,1,3,7,0
1371,4,3,8,0
1371,12,2,9,430
1371,7,3,10,0
1372,4,3,1,360
1372,9,4,2,240
1372,17,3,3,360
1372,18,4,4,240
1372,10,3,5,360
1373,20,1,1,450
1373,9,4,2,90
1373,12,2,3,380
1373,8,2,4,380
1373,7,3,5,190
1373,1,3,6,190
1373,17,3,7,190
1373,19,2,8,380
1373,4,3,9,190
1374,7,3,1,170
1374,8,2,2,300
1374,1,3,3,170
1374,3,3,4,170
1374,6,3,5,170
1374,9,4,6,130
1374,12,2,7,300
1374,4,3,8,170
1374,11,4,9,130
1374,13,3,10,170
1375,14,2,1,260
1375,9,4,2,250
1375,4,3,3,90
1375,10,3,4,90
1375,19,2,5,260
1375,2,2,6,260
1375,5,1,7,290
1375,6,3,8,90
1375,20,1,9,290
1376,15,1,1,110
1376,19,2,2,10
1376,8,2,3,10
1376,16,2,4,10
1376,9,4,5,240
1376,4,3,6,170
1376,3,3,7,170
1377,10,3,1,220
1377,14,2,2,350
1377,20,1,3,180
1377,11,4,4,320
1377,17,3,5,220
1377,9,4,6,320
1377,6,3,7,220
1377,7,3,8,220
1377,4,3,9,220
1377,5,1,10,180
1378,15,1,1,250
1378,17,3,2,130
1378,8,2,3,40
1378,4,3,4,130
1378,2,2,5,40
1378,18,4,6,220
1379,20,1,1,500
1379,7,3,2,180
1379,12,2,3,420
1379,8,2,4,420
1379,1,3,5,180
1379,19,2,6,420
1379,14,2,7,420
1380,18,4,1,180
1380,20,1,2,10
1380,13,3,3,450
1380,12,2,4,300
1380,8,2,5,300
1380,16,2,6,300
1380,10,3,7,450
1380,14,2,8,300
1380,5,1,9,10
1380,4,3,10,450
1381,19,2,1,410
1381,2,2,2,410
1381,1,3,3,100
1381,14,2,4,410
1381,18,4,5,470
1381,15,1,6,480
1381,8,2,7,410
1381,6,3,8,100
1382,8,2,1,430
1382,10,3,2,130
1382,3,3,3,130
1382,16,2,4,430
1382,18,4,5,40
1382,14,2,6,430
1382,11,4,7,40
1382,5,1,8,360
1383,17,3,1,500
1383,13,3,2,500
1383,7,3,3,500
1383,15,1,4,420
1383,12,2,5,80
1383,14,2,6,80
1383,4,3,7,500
1383,9,4,8,100
1383,16,2,9,80
1384,5,1,1,300
1384,16,2,2,220
1384,20,1,3,300
1384,13,3,4,10
1384,15,1,5,300
1384,17,3,6,10
1384,9,4,7,180
1384,10,3,8,10
1384,11,4,9,180
1384,1,3,10,10
1385,20,1,1,340
1385,2,2,2,330
1385,12,2,3,330
1385,19,2,4,330
1385,17,3,5,70
1385,7,3,6,70
1385,14,2,7,330
1385,16,2,8,330
1386,3,3,1,220
1386,1,3,2,220
1386,7,3,3,220
1386,13,3,4,220
1386,8,2,5,460
1386,5,1,6,380
1386,6,3,7,220
1386,4,3,8,220
1386,20,1,9,380
1386,14,2,10,460
1387,10,3,1,140
1387,11,4,2,160
1387,8,2,3,390
1387,12,2,4,390
1387,16,2,5,390
1387,2,2,6,390
1387,20,1,7,420
1388,4,3,1,0
1388,5,1,2,270
1388,2,2,3,170
1388,19,2,4,170
1388,11,4,5,210
1388,1,3,6,0
1389,2,2,1,30
1389,4,3,2,470
1389,1,3,3,470
1389,14,2,4,30
1389,20,1,5,80
1389,9,4,6,310
1389,8,2,7,30
1389,3,3,8,470
1389,13,3,9,470
1390,6,3,1,50
1390,15,1,2,200
1390,12,2,3,210
1390,5,1,4,200
1390,10,3,5,50
1390,2,2,6,210
1390,1,3,7,50
1390,9,4,8,440
1391,5,1,1,200
1391,1,3,2,50
1391,16,2,3,220
1391,18,4,4,420
1391,4,3,5,50
1392,16,2,1,370
1392,7,3,2,360
1392,6,3,3,360
1392,15,1,4,190
1392,19,2,5,370
1392,13,3,6,360
1392,4,3,7,360
1392,18,4,8,30
1392,10,3,9,360
1392,8,2,10,370
1393,15,1,1,200
1393,19,2,2,480
1393,12,2,3,480
1393,2,2,4,480
1393,3,3,5,280
1393,4,3,6,280
1394,8,2,1,130
1394,17,3,2,10
1394,7,3,3,10
1394,1,3,4,10
1394,11,4,5,160
1394,2,2,6,130
1395,10,3,1,140
1395,6,3,2,140
1395,2,2,3,10
1395,17,3,4,140
1395,19,2,5,10
1395,7,3,6,140
1395,8,2,7,10
1396,13,3,1,60
1396,14,2,2,150
1396,8,2,3,150
1396,4,3,4,60
1396,9,4,5,400
1396,10,3,6,60
1396,12,2,7,150
1396,16,2,8,150
1396,15,1,9,180
1396,7,3,10,60
1397,19,2,1,110
1397,3,3,2,290
1397,17,3,3,290
1397,20,1,4,50
1397,14,2,5,110
1397,12,2,6,110
1398,8,2,1,0
1398,18,4,2,100
1398,6,3,3,310
1398,19,2,4,0
1398,13,3,5,310
1399,19,2,1,290
1399,16,2,2,290
1399,5,1,3,240
1399,6,3,4,250
1399,15,1,5,240
1399,17,3,6,250
1399,10,3,7,250
1400,9,4,1,350
1400,18,4,2,350
1400,8,2,3,250
1400,10,3,4,450
1400,17,3,5,450
1400,6,3,6,450
1400,7,3,7,450
1400,20,1,8,280
1400,11,4,9,350
1401,8,2,1,40
1401,3,3,2,40
1401,11,4,3,190
1401,14,2,4,40
1401,12,2,5,40
1401,5,1,6,190
1401,10,3,7,40
1401,6,3,8,40
1402,17,3,1,0
1402,9,4,2,110
1402,20,1,3,50
1402,5,1,4,50
1402,18,4,5,110
1402,8,2,6,120
1403,10,3,1,130
1403,15,1,2,280
1403,4,3,3,130
1403,8,2,4,270
1403,7,3,5,130
1403,19,2,6,270
1403,1,3,7,130
1404,12,2,1,10
1404,1,3,2,260
1404,10,3,3,260
1404,14,2,4,10
1404,13,3,5,260
1405,8,2,1,410
1405,5,1,2,360
1405,16,2,3,410
1405,9,4,4,80
1405,15,1,5,360
1405,10,3,6,280
1405,20,1,7,360
1406,7,3,1,230
1406,11,4,2,90
1406,8,2,3,50
1406,10,3,4,230
1406,14,2,5,50
1406,17,3,6,230
1407,11,4,1,80
1407,15,1,2,360
1407,5,1,3,360
1407,19,2,4,200
1407,2,2,5,200
1407,16,2,6,200
1407,20,1,7,360
1407,12,2,8,200
1407,14,2,9,200
1407,4,3,10,380
1408,14,2,1,400
1408,10,3,2,140
1408,18,4,3,190
1408,1,3,4,140
1408,19,2,5,400
1408,20,1,6,360
1408,7,3,7,140
1409,2,2,1,260
1409,1,3,2,410
1409,11,4,3,260
1409,4,3,4,410
1409,14,2,5,260
1409,13,3,6,410
1410,8,2,1,460
1410,7,3,2,430
1410,6,3,3,430
1410,15,1,4,20
1410,20,1,5,20
1410,1,3,6,430
1410,5,1,7,20
1410,18,4,8,360
1411,19,2,1,320
1411,14,2,2,320
1411,10,3,3,450
1411,15,1,4,180
1411,1,3,5,450
1412,9,4,1,180
1412,15,1,2,0
1412,4,3,3,280
1412,17,3,4,280
1412,7,3,5,280
1412,6,3,6,280
1412,16,2,7,190
1413,11,4,1,420
1413,12,2,2,120
1413,20,1,3,410
1413,7,3,4,120
1413,9,4,5,420
1414,13,3,1,370
1414,5,1,2,210
1414,9,4,3,170
1414,15,1,4,210
1414,12,2,5,310
1414,8,2,6,310
1414,20,1,7,210
1414,18,4,8,170
1414,4,3,9,370
1414,14,2,10,310
1415,8,2,1,360
1415,4,3,2,350
1415,3,3,3,350
1415,20,1,4,470
1415,19,2,5,360
1415,2,2,6,360
1415,5,1,7,470
1415,16,2,8,360
1415,11,4,9,270
1416,1,3,1,220
1416,3,3,2,220
1416,12,2,3,320
1416,2,2,4,320
1416,5,1,5,100
1416,17,3,6,220
1417,12,2,1,420
1417,11,4,2,420
1417,1,3,3,10
1417,2,2,4,420
1417,18,4,5,420
1417,17,3,6,10
1417,15,1,7,310
1417,19,2,8,420
1417,3,3,9,10
1418,19,2,1,240
1418,6,3,2,320
1418,18,4,3,360
1418,11,4,4,360
1418,5,1,5,410
1419,15,1,1,100
1419,18,4,2,100
1419,11,4,3,100
1419,10,3,4,70
1419,2,2,5,170
1419,1,3,6,70
1420,16,2,1,480
1420,15,1,2,420
1420,17,3,3,450
1420,12,2,4,480
1420,13,3,5,450
1420,20,1,6,420
1421,20,1,1,250
1421,8,2,2,230
1421,5,1,3,250
1421,11,4,4,150
1421,12,2,5,230
1422,20,1,1,460
1422,13,3,2,340
1422,16,2,3,280
1422,11,4,4,90
1422,12,2,5,280
1422,5,1,6,460
1422,19,2,7,280
1422,8,2,8,280
1423,8,2,1,430
1423,4,3,2,90
1423,14,2,3,430
1423,20,1,4,450
1423,13,3,5,90
1423,3,3,6,90
1423,11,4,7,260
1423,19,2,8,430
1423,2,2,9,430
1424,17,3,1,420
1424,11,4,2,200
1424,19,2,3,430
1424,18,4,4,200
1424,20,1,5,90
1424,14,2,6,430
1424,3,3,7,420
1424,1,3,8,420
1425,14,2,1,440
1425,5,1,2,100
1425,10,3,3,240
1425,6,3,4,240
1425,11,4,5,260
1426,8,2,1,100
1426,17,3,2,450
1426,11,4,3,20
1426,3,3,4,450
1426,5,1,5,290
1426,20,1,6,290
1426,6,3,7,450
1427,12,2,1,470
1427,19,2,2,470
1427,18,4,3,70
1427,6,3,4,50
1427,16,2,5,470
1427,20,1,6,30
1428,9,4,1,10
1428,3,3,2,490
1428,10,3,3,490
1428,18,4,4,10
1428,2,2,5,190
1429,7,3,1,20
1429,11,4,2,360
1429,20,1,3,230
1429,8,2,4,440
1429,17,3,5,20
1429,4,3,6,20
1429,16,2,7,440
1430,1,3,1,250
1430,12,2,2,40
1430,10,3,3,250
1430,6,3,4,250
1430,11,4,5,160
1430,2,2,6,40
1430,18,4,7,160
1430,7,3,8,250
1430,5,1,9,90
1430,3,3,10,250
1431,19,2,1,0
1431,15,1,2,330
1431,6,3,3,90
1431,10,3,4,90
1431,1,3,5,90
1431,12,2,6,0
1431,4,3,7,90
1432,17,3,1,240
1432,11,4,2,320
1432,6,3,3,240
1432,4,3,4,240
1432,2,2,5,160
1433,1,3,1,340
1433,20,1,2,270
1433,2,2,3,230
1433,8,2,4,230
1433,12,2,5,230
1433,17,3,6,340
1433,16,2,7,230
1433,4,3,8,340
1434,4,3,1,340
1434,7,3,2,340
1434,13,3,3,340
1434,11,4,4,330
1434,12,2,5,150
1435,1,3,1,320
1435,12,2,2,460
1435,16,2,3,460
1435,10,3,4,320
1435,15,1,5,420
1435,5,1,6,420
1435,8,2,7,460
1436,12,2,1,100
1436,3,3,2,390
1436,10,3,3,390
1436,2,2,4,100
1436,15,1,5,40
1436,17,3,6,390
1436,5,1,7,40
1437,13,3,1,400
1437,12,2,2,410
1437,14,2,3,410
1437,2,2,4,410
1437,1,3,5,400
1437,15,1,6,220
1437,6,3,7,400
1438,14,2,1,340
1438,19,2,2,340
1438,10,3,3,230
1438,15,1,4,250
1438,16,2,5,340
1439,14,2,1,120
1439,4,3,2,330
1439,8,2,3,120
1439,9,4,4,110
1439,6,3,5,330
1439,17,3,6,330
1439,16,2,7,120
1439,2,2,8,120
1439,13,3,9,330
1439,19,2,10,120
1440,9,4,1,80
1440,15,1,2,80
1440,3,3,3,150
1440,7,3,4,150
1440,6,3,5,150
1440,2,2,6,480
1440,12,2,7,480
1441,1,3,1,440
1441,19,2,2,300
1441,5,1,3,110
1441,20,1,4,110
1441,10,3,5,440
1441,17,3,6,440
1441,15,1,7,110
1442,20,1,1,10
1442,14,2,2,50
1442,6,3,3,120
1442,11,4,4,160
1442,12,2,5,50
1442,4,3,6,120
1442,5,1,7,10
1442,8,2,8,50
1442,13,3,9,120
1443,14,2,1,400
1443,19,2,2,400
1443,13,3,3,60
1443,5,1,4,390
1443,12,2,5,400
1443,9,4,6,350
1443,15,1,7,390
1444,18,4,1,70
1444,3,3,2,480
1444,6,3,3,480
1444,17,3,4,480
1444,9,4,5,70
1445,6,3,1,260
1445,1,3,2,260
1445,14,2,3,70
1445,19,2,4,70
1445,16,2,5,70
1445,2,2,6,70
1445,7,3,7,260
1445,20,1,8,120
1445,17,3,9,260
1445,11,4,10,0
1446,16,2,1,470
1446,5,1,2,270
1446,15,1,3,270
1446,7,3,4,330
1446,12,2,5,470
1446,11,4,6,370
1447,14,2,1,450
1447,12,2,2,450
1447,17,3,3,40
1447,2,2,4,450
1447,4,3,5,40
1447,16,2,6,450
1447,1,3,7,40
1447,8,2,8,450
1447,19,2,9,450
1447,11,4,10,390
1448,6,3,1,210
1448,1,3,2,210
1448,8,2,3,40
1448,5,1,4,190
1448,3,3,5,210
1449,20,1,1,390
1449,9,4,2,20
1449,19,2,3,100
1449,1,3,4,420
1449,15,1,5,390
1449,11,4,6,20
1449,10,3,7,420
1449,18,4,8,20
1449,13,3,9,420
1449,4,3,10,420
1450,13,3,1,290
1450,8,2,2,390
1450,14,2,3,390
1450,19,2,4,390
1450,9,4,5,50
1450,7,3,6,290
1450,3,3,7,290
1450,16,2,8,390
1450,2,2,9,390
1450,1,3,10,290
1451,20,1,1,20
1451,15,1,2,20
1451,3,3,3,360
1451,16,2,4,460
1451,13,3,5,360
1451,4,3,6,360
1451,8,2,7,460
1451,12,2,8,460
1451,2,2,9,460
1451,7,3,10,360
1452,6,3,1,50
1452,15,1,2,60
1452,11,4,3,10
1452,12,2,4,440
1452,10,3,5,50
1452,5,1,6,60
1452,14,2,7,440
1452,18,4,8,10
1452,1,3,9,50
1452,17,3,10,50
1453,11,4,1,400
1453,16,2,2,180
1453,19,2,3,180
1453,2,2,4,180
1453,13,3,5,140
1453,14,2,6,180
1453,3,3,7,140
1454,15,1,1,200
1454,5,1,2,200
1454,4,3,3,500
1454,20,1,4,200
1454,17,3,5,500
1454,11,4,6,50
1454,3,3,7,500
1454,18,4,8,50
1454,7,3,9,500
1455,8,2,1,220
1455,7,3,2,390
1455,16,2,3,220
1455,9,4,4,110
1455,1,3,5,390
1455,2,2,6,220
1456,18,4,1,480
1456,17,3,2,290
1456,13,3,3,290
1456,3,3,4,290
1456,6,3,5,290
1456,4,3,6,290
1456,7,3,7,290
1456,2,2,8,450
1456,16,2,9,450
1456,9,4,10,480
1457,6,3,1,340
1457,9,4,2,190
1457,19,2,3,40
1457,14,2,4,40
1457,18,4,5,190
1457,1,3,6,340
1458,4,3,1,20
1458,15,1,2,390
1458,2,2,3,220
1458,9,4,4,460
1458,20,1,5,390
1458,10,3,6,20
1458,13,3,7,20
1458,19,2,8,220
1459,13,3,1,260
1459,9,4,2,80
1459,14,2,3,240
1459,3,3,4,260
1459,7,3,5,260
1460,20,1,1,400
1460,18,4,2,370
1460,1,3,3,40
1460,9,4,4,370
1460,19,2,5,300
1460,11,4,6,370
1460,16,2,7,300
1460,14,2,8,300
1460,15,1,9,400
1461,18,4,1,480
1461,4,3,2,60
1461,16,2,3,350
1461,6,3,4,60
1461,17,3,5,60
1462,15,1,1,220
1462,4,3,2,270
1462,1,3,3,270
1462,11,4,4,10
1462,13,3,5,270
1462,8,2,6,140
1463,4,3,1,60
1463,10,3,2,60
1463,5,1,3,170
1463,1,3,4,60
1463,12,2,5,0
1463,17,3,6,60
1463,7,3,7,60
1463,20,1,8,170
1463,2,2,9,0
1463,9,4,10,430
1464,18,4,1,120
1464,7,3,2,450
1464,14,2,3,150
1464,3,3,4,450
1464,1,3,5,450
1464,15,1,6,50
1464,10,3,7,450
1464,20,1,8,50
1464,11,4,9,120
1464,9,4,10,120
1465,8,2,1,80
1465,7,3,2,440
1465,17,3,3,440
1465,19,2,4,80
1465,16,2,5,80
1465,13,3,6,440
1465,9,4,7,140
1465,11,4,8,140
1466,6,3,1,240
1466,8,2,2,260
1466,10,3,3,240
1466,5,1,4,150
1466,9,4,5,370
1467,12,2,1,150
1467,10,3,2,470
1467,9,4,3,280
1467,1,3,4,470
1467,18,4,5,280
1467,8,2,6,150
1467,3,3,7,470
1467,19,2,8,150
1467,6,3,9,470
1468,6,3,1,140
1468,4,3,2,140
1468,13,3,3,140
1468,10,3,4,140
1468,17,3,5,140
1469,11,4,1,30
1469,12,2,2,380
1469,7,3,3,170
1469,10,3,4,170
1469,1,3,5,170
1470,8,2,1,320
1470,16,2,2,320
1470,4,3,3,300
1470,1,3,4,300
1470,15,1,5,0
1471,3,3,1,420
1471,18,4,2,270
1471,9,4,3,270
1471,2,2,4,260
1471,7,3,5,420
1471,20,1,6,400
1472,6,3,1,310
1472,5,1,2,470
1472,4,3,3,310
1472,20,1,4,470
1472,15,1,5,470
1472,14,2,6,240
1472,13,3,7,310
1472,17,3,8,310
1472,12,2,9,240
1472,8,2,10,240
1473,11,4,1,10
1473,9,4,2,10
1473,6,3,3,280
1473,1,3,4,280
1473,14,2,5,90
1473,2,2,6,90
1473,18,4,7,10
1473,5,1,8,80
1474,14,2,1,340
1474,15,1,2,300
1474,20,1,3,300
1474,18,4,4,230
1474,8,2,5,340
1474,7,3,6,60
1474,4,3,7,60
1474,9,4,8,230
1475,5,1,1,270
1475,10,3,2,390
1475,12,2,3,460
1475,8,2,4,460
1475,13,3,5,390
1475,17,3,6,390
1475,4,3,7,390
1475,14,2,8,460
1476,12,2,1,70
1476,16,2,2,70
1476,13,3,3,120
1476,3,3,4,120
1476,1,3,5,120
1476,18,4,6,390
1476,2,2,7,70
1476,8,2,8,70
1476,17,3,9,120
1477,3,3,1,310
1477,6,3,2,310
1477,2,2,3,90
1477,8,2,4,90
1477,18,4,5,280
1477,9,4,6,280
1477,4,3,7,310
1477,12,2,8,90
1477,20,1,9,420
1478,17,3,1,400
1478,4,3,2,400
1478,14,2,3,180
1478,15,1,4,280
1478,16,2,5,180
1478,10,3,6,400
1479,9,4,1,330
1479,10,3,2,320
1479,15,1,3,410
1479,13,3,4,320
1479,4,3,5,320
1479,17,3,6,320
1479,18,4,7,330
1479,3,3,8,320
1479,8,2,9,350
1479,2,2,10,350
1480,9,4,1,250
1480,7,3,2,430
1480,6,3,3,430
1480,13,3,4,430
1480,15,1,5,360
1480,4,3,6,430
1480,16,2,7,460
1481,8,2,1,390
1481,18,4,2,400
1481,16,2,3,390
1481,10,3,4,50
1481,7,3,5,50
1481,3,3,6,50
1481,20,1,7,250
1481,11,4,8,400
1482,17,3,1,230
1482,12,2,2,460
1482,2,2,3,460
1482,4,3,4,230
1482,10,3,5,230
1482,9,4,6,430
1483,18,4,1,490
1483,4,3,2,390
1483,5,1,3,350
1483,1,3,4,390
1483,13,3,5,390
1483,19,2,6,90
1483,3,3,7,390
1483,17,3,8,390
1484,4,3,1,100
1484,20,1,2,290
1484,16,2,3,310
1484,18,4,4,360
1484,7,3,5,100
1484,5,1,6,290
1484,17,3,7,100
1484,13,3,8,100
1484,2,2,9,310
1484,11,4,10,360
1485,14,2,1,170
1485,12,2,2,170
1485,20,1,3,350
1485,7,3,4,60
1485,18,4,5,360
1485,2,2,6,170
1486,12,2,1,210
1486,19,2,2,210
1486,17,3,3,100
1486,15,1,4,280
1486,7,3,5,100
1486,4,3,6,100
1487,11,4,1,210
1487,18,4,2,210
1487,2,2,3,280
1487,6,3,4,430
1487,1,3,5,430
1487,9,4,6,210
1487,16,2,7,280
1487,19,2,8,280
1487,14,2,9,280
1488,16,2,1,490
1488,2,2,2,490
1488,9,4,3,200
1488,8,2,4,490
1488,13,3,5,480
1489,20,1,1,10
1489,14,2,2,180
1489,2,2,3,180
1489,10,3,4,130
1489,18,4,5,410
1489,4,3,6,130
1490,20,1,1,420
1490,16,2,2,80
1490,10,3,3,200
1490,5,1,4,420
1490,15,1,5,420
1490,19,2,6,80
1490,7,3,7,200
1491,1,3,1,50
1491,12,2,2,360
1491,9,4,3,120
1491,10,3,4,50
1491,6,3,5,50
1491,11,4,6,120
1491,17,3,7,50
1492,17,3,1,250
1492,1,3,2,250
1492,9,4,3,370
1492,20,1,4,330
1492,2,2,5,240
1492,7,3,6,250
1493,11,4,1,340
1493,7,3,2,290
1493,13,3,3,290
1493,5,1,4,180
1493,14,2,5,460
1493,1,3,6,290
1494,10,3,1,220
1494,8,2,2,400
1494,2,2,3,400
1494,7,3,4,220
1494,15,1,5,90
1494,5,1,6,90
1494,17,3,7,220
1495,2,2,1,290
1495,13,3,2,130
1495,1,3,3,130
1495,15,1,4,480
1495,20,1,5,480
1495,19,2,6,290
1495,6,3,7,130
1495,8,2,8,290
1495,4,3,9,130
1496,14,2,1,250
1496,16,2,2,250
1496,12,2,3,250
1496,11,4,4,460
1496,3,3,5,400
1497,11,4,1,10
1497,10,3,2,30
1497,4,3,3,30
1497,16,2,4,30
1497,2,2,5,30
1497,13,3,6,30
1498,1,3,1,290
1498,5,1,2,450
1498,12,2,3,0
1498,2,2,4,0
1498,20,1,5,450
1498,16,2,6,0
1498,4,3,7,290
1499,10,3,1,210
1499,7,3,2,210
1499,3,3,3,210
1499,12,2,4,450
1499,16,2,5,450
1500,9,4,1,340
1500,3,3,2,240
1500,16,2,3,80
1500,10,3,4,240
1500,8,2,5,80
